✔ AC1: two voices raising one convergent finding produce TWO entries, not one (1.781695ms)
✔ AC1: a finding only one voice raised is not marked convergent (0.191614ms)
✔ AC1: one voice raising the same finding twice is not convergence (0.142772ms)
✔ AC1: a returned finding with no ruling is REFUSED, never silently absent (0.179781ms)
✔ AC1: a ruling naming no returned finding is REFUSED (0.117553ms)
✔ the voice ROSTER survives a fire where every voice returned nothing (0.13657ms)
✔ the roster carries no per-voice COUNT - every figure is derived (0.116131ms)
✔ AC2: a ruling that paraphrases the claim is REFUSED (0.112234ms)
✔ AC2: a one-byte difference in the claim is REFUSED (0.109177ms)
✔ AC2: a paraphrased failure_scenario is REFUSED (0.166035ms)
✔ AC2: the stored entry is copied from the RETURNED side and carries no restatement (0.15814ms)
✔ AC3: a ruling outside survived | downgraded | refuted is REFUSED (0.103126ms)
✔ AC3: a refuted entry with no counter-evidence is REFUSED (0.075584ms)
✔ AC3: refuted counter-evidence must name contradicting CODE (0.079832ms)
✔ AC3: a refuted entry naming contradicting code is accepted and stores it (0.095842ms)
✔ AC3: a survived BLOCKER or HIGH with no fix commit is REFUSED (0.13703ms)
✔ an OVERRIDDEN survived blocker with no fix commit is accepted, and stores no commit id (0.103196ms)
✔ the override marker is the boolean true and nothing else (0.535919ms)
✔ the override marker buys no exemption from the fix_commit VALUE check (0.109417ms)
✔ an overridden survived blocker citing a VALID fix commit carries both keys (0.10004ms)
✔ the marker is not restricted to survived, nor to a severity (0.06834ms)
✔ an ordinary entry gains no overridden key (0.06867ms)
✔ the marker added no fourth RULING - a survived high with neither is still REFUSED (0.090802ms)
✔ a survived MEDIUM or LOW with no fix commit is ACCEPTED, and stores no such key (0.115289ms)
✔ a survived MEDIUM that does cite a fix commit is accepted and stores it (0.099168ms)
✔ a survived MEDIUM citing an unusable fix commit is still REFUSED (0.109768ms)
✔ AC3: a blank or non-hexadecimal fix commit is REFUSED like an absent one (0.134155ms)
✔ AC3: an abbreviated or full fix commit is accepted (0.101824ms)
✔ RSK-08: an unusable fix commit on a DOWNGRADED or REFUTED ruling is REFUSED (0.176305ms)
✔ RSK-08: a WELL-FORMED fix commit on a downgraded or refuted ruling is still accepted (1.268631ms)
✔ RSK-08: the SURVIVED arm is refused by that one same check, naming its ruling (0.119637ms)
✔ RSK-08: the entries face and the payload face answer identically over one fixture (0.486765ms)
✔ RSK-08: a record with no override names no unfixed halting survivor (0.216201ms)
✔ RSK-08: the entries face reads a RECORD off disk, not only a freshly built payload (0.144955ms)
✔ the counts are DERIVED by counting rulings over a mixed-ruling fixture (0.093467ms)
✔ deriveCounts recomputes from the STORED entries, so a reader can recount a record it did not write (0.100091ms)
✔ deriveCounts counts a hand-invented fourth ruling in raised and in no bucket (0.039976ms)
✔ the severity vocabulary matches FINDING_SCHEMA's own enum (0.049735ms)
✔ the halting severities match lib/filing-decision.mjs's own list (0.05225ms)
✔ the fix-commit grammar matches lib/filing-decision.mjs's own copy (0.245868ms)
✔ a severity outside the four is REFUSED (0.066837ms)
✔ the ruling enum is exactly three values - no unadjudicated fourth (0.03693ms)
✔ a payload that is not an object is REFUSED (0.08394ms)
✔ an empty or absent voices array is REFUSED (0.392115ms)
✔ a voice with no name or no model is REFUSED (0.240867ms)
✔ one voice appearing twice is REFUSED (0.0838ms)
✔ an unknown key at any level is REFUSED rather than ignored (0.123845ms)
✔ a returned object carrying anything but findings is REFUSED (0.118635ms)
✔ a malformed finding is REFUSED - the bounds FINDING_SCHEMA states (0.153812ms)
✔ a refusal names the entry it is about (0.086374ms)
✔ AC4: counting a written record's rulings reproduces the figures on its trace event (127.841133ms)
✔ AC4: flipping ONE entry's ruling makes the record and its event disagree (122.51942ms)
✔ AC4: the recount reads the STORED entries, so an edited record answers differently (120.510282ms)
adoption census: 331 declared refusals exercised against the shipped CLI across 202 table entries; 31 axes skipped as fallback or warn (proving either means the command RUNS, and two of the owning scripts mutate); 21 boolean entries skipped on both axes (presence is their whole grammar).
✔ every declared REFUSAL is one the shipped CLI actually carries out (23852.438411ms)
✔ the census reports what it exercised and what it skipped, and why (0.485021ms)
✔ evaluateFlag: the stated table (1.425358ms)
✔ subcommandKey: the words a script was invoked with, resolved to its table key (0.197485ms)
✔ evaluateRow: the first refusal, over the flags actually present (0.329977ms)
✔ evaluatePresence: the stated table (0.83678ms)
✔ the settle-receipt presence rule is declared, and every flag it names is on the same row (0.20494ms)
✔ every disposition and every type in the table is one of the stated words (0.124106ms)
✔ ONE FLAT shape on both paths: ok, value and detail, never a discriminated union (0.125679ms)
✔ the evaluator emits nothing: not one byte on stdout or stderr (23.745711ms)
✔ it never throws at its caller, whatever argv holds (0.273499ms)
✔ the module file itself is pure: no emit, no process, no filesystem (0.532181ms)
✔ every flag in every row declares a complete grammar (0.797235ms)
✔ the declarations the CONTEXT decisions bind are the ones in the table (0.217584ms)
✔ every declared spec is one the evaluator can actually apply (2.030017ms)
✔ tokenize: lowercases, splits on non-alphanumerics, drops stopwords (0.993067ms)
✔ search: a doc containing the query term outranks one that does not (0.341649ms)
✔ search: a stopword-only query returns no results (3.793378ms)
✔ search: hand-computed score on a two-doc corpus matches the BM25 formula (0.258541ms)
✔ search: two calls on the same index return deep-equal arrays (determinism) (0.214417ms)
✔ search: empty query or empty corpus yields no results, never throws (0.118044ms)
✔ name: derives cadence/<version> from the PROJECT.md ### Active section (1.014167ms)
✔ name: falls back to the ROADMAP title when Active names no version (0.159243ms)
✔ name: null when neither prose surface carries a version (never invent one) (0.096593ms)
✔ name: a plain semver without a prerelease suffix still parses (0.095802ms)
✔ trunk mode: always stay, no integration branch, branch null (0.202885ms)
✔ milestone + protected + auto: create and switch to the integration branch (0.114077ms)
✔ milestone + protected + off: stay on the base (0.074442ms)
✔ milestone + protected + ask: prompt once, naming the integration branch (0.064102ms)
✔ milestone + already off the base: stay (lazy, once per cycle) (0.128044ms)
✔ decideBranch is total: an unknown mode or auto_branch stays put, never throws (0.200761ms)
✔ milestone + protected + null name: auto/ask downgrade to a naming-problem ask, never create an unnamed branch (0.146038ms)
✔ published: a milestone EQUAL to a published tag asks, naming both numbers, with branch null (0.363882ms)
✔ published: an UNTAGGED maintenance milestone below a higher tag still creates (0.741018ms)
✔ published: a milestone ABOVE everything published is untouched - the ordinary new cycle (0.093467ms)
✔ published: a prerelease is refused only when the prerelease ITSELF is tagged (0.127933ms)
✔ published: absent or unparseable comparands leave every arm exactly as it was (0.079682ms)
✔ published: a SCALAR tag spelling is read as a one-tag list, never as "no comparand" (0.043041ms)
✔ published: off and trunk are untouched by the guard, even on a collision (0.049013ms)
✔ published: the naming-problem ask still wins over the published guard (0.04705ms)
✔ activeVersion: the line-anchored declaration wins over a predecessor named first (0.11014ms)
✔ activeVersion: markdown furniture does not break the anchor (0.044305ms)
✔ activeVersion: with no declaration line, the first token in the prose still answers (0.032532ms)
✔ activeVersion: the Active body ends at the next heading (0.030107ms)
✔ activeVersion: an anchored token riding a wrapped line does not out-declare the milestone (0.062248ms)
✔ activeVersion: a predecessor named in prose above the declaration still loses (0.032292ms)
✔ activeVersion: a body whose ONLY token sits on a continuation line still answers (0.026069ms)
✔ the register and the shape list are frozen, rows and all (4.527844ms)
✔ the register pins its row count (0.11568ms)
✔ every row is well formed, and every row owing no redirect carries a reason (0.363821ms)
✔ no two rows share a surface, shape and call (0.124336ms)
✔ a converted row reports the site that goes back to riding the transcript (0.839365ms)
✔ a prescribed call no row classifies is reported, never passed over (0.14192ms)
✔ a call is matched on the call, not on the shape alone (0.137191ms)
✔ a reasoned no-transport row is silent, redirect or not (0.14178ms)
✔ a `file` row settles a site whose destination is named off the call line (0.444164ms)
✔ an occurrence the scan cannot delimit is reported as its own kind (0.319136ms)
✔ a register row for that surface and shape settles an undelimitable one (0.181344ms)
✔ prose that merely NAMES a call needs no row and is never reported (0.518926ms)
✔ a `git diff` its own flags already bound is never reported (0.260895ms)
✔ a `git diff` that is neither a range nor --cached is out of the watched set (0.860315ms)
✔ a row classifies its own surface only (0.092806ms)
✔ an angle-bracket placeholder is not read as a redirect (0.065214ms)
✔ two occurrences of one registered call are one row, not a second site (0.555466ms)
✔ appendCapture: a todo lands under ## Todos and under no other heading (1.915841ms)
✔ appendCapture: an unphased todo carries a checkbox and no tag (0.321611ms)
✔ appendCapture: a seed lands under ## Seeds as a bare bullet (0.424707ms)
✔ appendCapture: a note lands under ## Notes, dated by the seam (0.566727ms)
✔ appendCapture: the phase tag keeps the caller's own spelling (1.177898ms)
✔ appendCapture: a kind outside the map is refused, never written somewhere (0.150296ms)
✔ appendCapture: an ABSENT file is created with the three headings (0.476476ms)
✔ appendCapture: a missing PARENT directory is created (the --cadence queue) (0.334877ms)
✔ appendCapture: the target section being LAST pins the end at EOF (0.565395ms)
✔ appendCapture: a target section FOLLOWED by others keeps the boundary (0.354984ms)
✔ appendCapture: an EMPTY section still gets its blank line after the heading (0.6634ms)
✔ appendCapture: a heading ABSENT from the file is created WITH the bullet (0.344765ms)
✔ appendCapture: a FENCED ## line in an earlier section is not the boundary (0.414367ms)
✔ appendCapture: an existing `- None.` placeholder is left alone (0.258862ms)
✔ capture: --kind outside the three words is bad-args and writes nothing (55.422654ms)
✔ capture: a VALUELESS --text is bad-args, never the literal word "true" (64.162732ms)
✔ capture: --phase with a seed or a note is bad-args, not a dropped flag (110.439406ms)
✔ capture: a VALUELESS --file is bad-args, never silently the --dir default (55.640147ms)
✔ capture: a --phase that is not a phase number is bad-args (54.885543ms)
✔ capture: --file writes THAT path and leaves the --dir queue untouched (53.462629ms)
✔ capture: twenty concurrent writers all land, not one bullet lost (AC5) (170.738785ms)
✔ capture: a HELD lock refuses non-silently and leaves the file byte-identical (AC5) (2057.388643ms)
✔ capture: a STALE lock is broken rather than wedging the queue forever (AC5) (56.579942ms)
✔ capture: the lock is released on the SUCCESS path too (93.109225ms)
✔ capture: a newline inside --text cannot break the bullet into two lines (49.302985ms)
✔ appendCapture: an UNREADABLE queue is a failure, never an empty one (0.4103ms)
✔ capture: --text-file carries a sentence no shell could expand (44.252758ms)
✔ capture: --text and --text-file together is bad-args, not a silent winner (48.061155ms)
✔ capture: a --text-file that cannot be read is bad-args and writes nothing (51.446518ms)
✔ capture: a VALUELESS --text-file is bad-args, never the literal "true" (46.192394ms)
✔ a freshly created queue counts ZERO substantive bullets (1.429386ms)
✔ the placeholder does not hide a real bullet beside it (0.408145ms)
✔ every substantive bullet is NAMED, not just counted (0.160064ms)
✔ a checked bullet counts, and a continuation line and a `* ` line do not (0.111051ms)
✔ an annotated bullet is named with its section, line and text (0.131961ms)
✔ an unannotated queue reports no annotation sites at all (0.114798ms)
✔ a `## Archive` heading is reported with its bullet count (0.113195ms)
✔ a body without the heading reports it absent, not empty (0.09996ms)
✔ a fenced heading does not mint a section, and a CRLF body counts the same (0.238763ms)
✔ the register is frozen, rows and all (1.882988ms)
✔ the register pins its row count (0.153882ms)
✔ every row is well formed and carries its reason (0.117683ms)
✔ REPLAY: the retired summary-step block is reported against an empty register (0.47352ms)
✔ REPLAY: the same block is reported when a row classifies it as outliving the phase (0.198246ms)
✔ a registered wholesale rewrite is silent (0.157279ms)
✔ a read-only subcommand sharing the prefix is not the write face (0.112434ms)
✔ a backticked mention that instructs nothing is not a call (0.196914ms)
✔ a shell redirect at the capture path is reported, append or truncate (0.177817ms)
✔ a redirect to any other path, and a mention of the bare filename, are silent (0.181815ms)
✔ one line redirecting the capture path is reported once, not per occurrence (0.114517ms)
✔ a row settles its own surface only (0.115319ms)
✔ two rows for one surface and face both have to be non-durable (0.709278ms)
✔ every row names four things, and the ids are distinct (0.703988ms)
✔ every holding file and every subject is a path the lease grammar accepts (0.317964ms)
✔ the table and every row, subjects included, are frozen (0.413155ms)
✔ a marked site whose id no row names is an issue, naming the file and the assertion (0.588559ms)
✔ the same site with a registered id is not an issue (0.582517ms)
✔ the walk reaches the whole bin tree - more than 60 modules, lib/ and test files included (0.108045ms)
✔ every marked census site in the live tree has a registry row (39.741286ms)
citation census: grammar one (inline planning.mjs:<line> citations on a guarded surface) checked 1; grammar two (DOCS-CLAIMS.md rows naming this seam) checked 4.
✔ grammar one: every citation on a guarded surface has exactly one pinned row (25.647425ms)
✔ grammar one: each pinned citation resolves to the code it names (0.256257ms)
✔ grammar two: every this-seam DOCS-CLAIMS row has exactly one pinned row (2.16319ms)
✔ grammar two: each pinned row resolves to the code it names (0.370584ms)
✔ the census reports how many citations each grammar checked (4.069402ms)
✔ a bare D-NN is scoped to the plan's OWN phase (D-10) (2.018195ms)
✔ each of the four measured qualified spellings scopes to the phase it names (0.18923ms)
✔ the curly-apostrophe possessive is the same spelling (0.336258ms)
✔ a phase named several words earlier does NOT capture the mention (0.121461ms)
✔ a D-NN inside a fenced block is still a mention (D-09) (0.10532ms)
✔ the number shape is the one parseContextDecisions accepts (0.090202ms)
✔ a D-NN glued to a preceding word is not a mention (0.19482ms)
✔ mentions are NOT deduplicated and stay in document order (0.083428ms)
✔ the look-back window is per mention, not per file (0.235257ms)
✔ a plan's own phase spelling is carried verbatim (0.160344ms)
✔ unusable input is an empty answer, never a throw (0.165895ms)
✔ own-phase rows are dropped and archived same-numbered rows are kept (D-04) (5.177889ms)
✔ own-phase exclusion is the caller's SPELLING, not the number (0.14731ms)
✔ a prefix and not a segment search: phases/2x/ is not phase 2 (0.096192ms)
✔ the set is the bounded `results`, never `total` (D-11) (0.156147ms)
✔ a CONTEXT row's id is read out of its own snippet head (D-02) (0.11599ms)
✔ a live and an archived D-09 stay separable ids (0.114027ms)
✔ the decimal D-NN shape parseContextDecisions accepts is accepted here (0.083368ms)
✔ CAPTURE, SUMMARY and UAT rows carry their kind and NO id (D-02) (0.154664ms)
✔ a decision whose snippet head is not a D-NN keeps its kind and gains no id (0.11019ms)
✔ a source naming none of the four artifacts is REPORTED, not counted into an arm (0.212704ms)
✔ a malformed row contributes nothing and is reported, never a throw (0.135728ms)
✔ an envelope with no usable `results` is an empty answer, never a throw (0.151187ms)
✔ an unusable phase spelling excludes nothing rather than excluding blindly (0.109048ms)
✔ the arms are exactly the four the corpus walk can produce (0.059012ms)
✔ reap: the derived name when it is present in the merged list (0.823384ms)
✔ reap: null derived + exactly one merged cadence/* -> that branch (fallback) (0.112423ms)
✔ reap: derived names an unmerged branch but one other cadence/* merged -> the merged one (0.122734ms)
✔ reap: zero merged cadence/* -> null (reap nothing) (0.067979ms)
✔ reap: two merged cadence/* -> null (ambiguous, never guess) (0.06296ms)
✔ reap: total on a non-array merged list (0.060104ms)
✔ cleanup on + merged: cleanup, reap true, return + pull (0.480543ms)
✔ cleanup on + not merged: cleanup, reap false (never reap an unmerged branch) (0.108656ms)
✔ cleanup on + merged but null branch -> reap false (never git branch -D a null) (0.076666ms)
✔ cleanup off: skip, every flag false (0.130668ms)
✔ cleanup is total: missing onLandCleanup -> skip, branch coerced to null (0.081315ms)
✔ gate: auto_close on + a blocker -> halt with that finding (0.527673ms)
✔ gate: auto_close on + a high -> halt (0.070143ms)
✔ gate: the halting list is DECIDED before it gets here - this reads no severity (0.502114ms)
✔ gate: auto_close off + a blocker -> proceed (chain not running unattended) (0.086134ms)
✔ gate: total on non-array findings -> proceed, no throw (0.067769ms)
✔ gate: auto_close on + unreadable "stdin-unreadable" -> halt naming it, no claim about survivors (0.127582ms)
✔ gate: auto_close off + unreadable "stdin-unreadable" -> proceed (no unattended chain) (0.11058ms)
✔ gate: auto_close on + unreadable "stdin-empty" -> halt naming it, no claim about survivors (0.043082ms)
✔ gate: auto_close off + unreadable "stdin-empty" -> proceed (no unattended chain) (0.029446ms)
✔ gate: auto_close on + unreadable "malformed-json" -> halt naming it, no claim about survivors (0.030578ms)
✔ gate: auto_close off + unreadable "malformed-json" -> proceed (no unattended chain) (0.025979ms)
✔ gate: auto_close on + unreadable "not-a-findings-payload" -> halt naming it, no claim about survivors (0.028865ms)
✔ gate: auto_close off + unreadable "not-a-findings-payload" -> proceed (no unattended chain) (0.021851ms)
✔ gate: an EXPLICIT empty findings array with no failure still proceeds (0.043894ms)
✔ gate: a surviving blocker still halts with the finding on the envelope (0.048412ms)
✔ gate: the halt names its PRODUCER, so a fed-by-nothing gate is visible (0.041849ms)
✔ gate: stays total - an unknown `unreadable` value cannot halt a close (0.025078ms)
✔ gate: auto_close on + a non-empty `unruled` -> halt naming unruled-review (0.073019ms)
✔ gate: the fifth state is its OWN arm, never folded into `unreadable` (D-13) (0.059423ms)
✔ gate: auto_close off + a non-empty `unruled` -> proceed (no unattended chain) (0.041779ms)
✔ gate: an unruled halt is bounded and never renders a caller's object (0.065444ms)
✔ gate: `overridden` rides every arm unchanged and never moves `action` (0.102525ms)
✔ gate: stays total on a non-array `unruled` or `overridden` (0.063821ms)
✔ route: the rung it routes on is what config.mjs get reports (global layer) (132.920233ms)
✔ git-branch: the integration_branch mode it DECIDES on is what get reports (156.34751ms)
✔ land-cleanup: the base branch it resolves is what get reports (163.702365ms)
✔ land-cleanup: with git.base_branch unset, get says null and the seam says main (217.679001ms)
✔ git-guard: the on_protected value it acts on is what get reports (123.189644ms)
✔ git-guard: a hostile repo layer cannot choose the value it acts on (CFG-01) (507.349188ms)
✔ git-guard: the two inert hostile spellings, as regression pins only (243.937436ms)
✔ git-publish + land-cleanup: one git.auto_close, two questions, two layer reads (270.463189ms)
✔ git-publish: the protected list it refuses on IS the merged one get reports (166.897566ms)
✔ route: a retired risk.override is named by both faces, and routes nothing (111.477347ms)
✔ planning recall: the memory.backend it gates on is what get reports (165.498337ms)
✔ review-provider: a GLOBAL-layer prompt cap is the one it refuses on (65.006664ms)
✔ merge precedence: the repo layer wins the same key, on both read faces (72.76701ms)
✔ review-provider: the prompt cap it refuses on is what get reports (cwd-relative) (63.284862ms)
✔ global-only keys: all THREE resolve to the user-global layer, never the repo one (308.648777ms)
✔ global-only keys: the template shape at null overrides nothing and says nothing (119.857441ms)
✔ git-publish: a repo layer setting a global-only key cannot stop a land (AC4) (148.364569ms)
✔ set --global auto-creates the global file (and parent dir) from empty (39.248399ms)
✔ set --global merges into an existing global file, not clobber (34.973496ms)
✔ set --global still validates: a bad value is rejected, nothing written (33.290989ms)
✔ set on a missing repo file refuses (only --global auto-creates) (29.61292ms)
✔ set --global refuses a repo-layer-only key and writes nothing (33.784527ms)
✔ the refusal follows the resolved target FILE, not the --global flag (58.648843ms)
✔ the same repo-layer-only pair aimed at a REPO config is written (29.674026ms)
✔ a multi-pair global set carrying one marked key leaves the file byte-identical (26.101608ms)
✔ a marked key that is ALSO type-invalid reports the type, not the layer (D-11) (34.3014ms)
✔ no "src": "repo" key is refused at the user-global layer (33.717689ms)
✔ validate --global reads the global file and reports the payload (31.952906ms)
✔ validate: unknown key and bad value both land in errors, one entry each (50.405981ms)
✔ validate: underscore-prefixed keys are annotations, never validated (52.681745ms)
✔ validate: corrupt JSON degrades to read, names the file (31.162915ms)
✔ set: an array top-level config is rejected, nothing written (write face) (32.450392ms)
✔ set: a scalar top-level config is rejected as invalid, never reason:internal (64.827926ms)
✔ set: a non-object parent container is refused, not overwritten (95.990129ms)
✔ set: an absent or null parent is still auto-created (31.165039ms)
✔ set: one bad path refuses the whole multi-pair write (all-or-nothing) (32.225685ms)
✔ validate: a scalar top-level config fails, never ok:true checked:0 (#45.3) (62.537613ms)
✔ check: speaks the same {ok,reason,detail} failure contract set does (60.917154ms)
✔ check: a retired KEY names its replacement, not the generic unknown key (29.703672ms)
✔ check: a bad VALUE on a LIVE key still reads as a value error (24.284104ms)
✔ check: the retired stakes key names the roles block and the interview (29.311748ms)
✔ set: a removed key is refused before anything is written (29.625083ms)
✔ get: a repo config still holding a retired key warns instead of resolving silently (29.606708ms)
✔ get: a repo config still carrying stakes warns with the migration pointer (27.07095ms)
✔ keys: dumps the live schema - pruned keys are really gone (32.578666ms)
✔ get: repo > global > schema defaults, with source named (33.96515ms)
✔ get: no layers at all falls back to schema defaults for every key (32.421657ms)
✔ git.integration_branch / git.auto_branch: defaults and enum enforcement (92.011789ms)
✔ get: unknown key is rejected, exit code mirrors ok (32.083965ms)
✔ get: arrays replace wholesale across layers, never concatenate (32.044099ms)
✔ get: a corrupt repo layer is skipped (values/source match no-repo-layer) AND warns naming the file (#39) (61.119358ms)
✔ get: a corrupt global layer is skipped (repo still wins) AND warns naming the file (#39) (28.778995ms)
✔ get: a scalar repo config falls back to defaults, never source:repo (#45.3) (52.791874ms)
✔ get: a falsy non-object repo layer warns like a truthy one (250.462915ms)
✔ get: a falsy non-object global layer warns too (31.668916ms)
✔ get: an absent layer stays silent and an unparseable layer warns exactly once (94.10663ms)
✔ check: an int key with a max rejects above it and accepts at it (182.751281ms)
✔ readLayer(""): an unresolvable layer path is a SILENT absence (0.235297ms)
✔ get: one file resolving as both layers warns once, not twice (93.748789ms)
✔ get: a SYMLINKED global layer is the same file, so one layer is reported (62.430018ms)
✔ get: a RELATIVE spelling of the repo file is the same file too (28.949569ms)
✔ get: a BROKEN file reached under two spellings warns exactly once (55.185142ms)
✔ ARG-06: every subcommand that ACCEPTS --global declares it, and reads it off the row (30.429532ms)
✔ check --global reports the scope refusal the write face gives (142.020754ms)
✔ get --global: the one file it reads by construction is the GLOBAL layer (59.967669ms)
✔ a valueless --file is a named usage failure on every subcommand (77.61909ms)
✔ a QUOTED empty --file is refused too, not answered about the global layer (84.517769ms)
✔ ARG-06: a FLAG-SHAPED --file value is refused too, not read as a path (142.058466ms)
✔ a path under a missing directory is a read failure naming it, never internal (57.671005ms)
✔ CADENCE_CONFIG_SCHEMA malformed degrades to ok:false, reason bad-schema, no stack (26.7185ms)
✔ CADENCE_CONFIG_SCHEMA nonexistent degrades to ok:false, reason bad-schema, no stack (28.180218ms)
✔ CADENCE_CONFIG_SCHEMA without the sentinel is ignored; `keys` is the shipped set (54.841097ms)
✔ SCP-01: a fixture schema marking a DIFFERENT key refuses that key (88.963376ms)
✔ SCP-01: the SHIPPED keys carrying the marker are the ones that authorize, and `src` never implies it (0.37392ms)
✔ check: a rung the role HAS is accepted (28.957344ms)
✔ check: a rung the role LACKS is refused by key, naming that role's set (28.232607ms)
✔ check: null renders as the literal, not as a dangling separator (55.266726ms)
✔ set: the WRITE face refuses the same value and writes nothing (28.149139ms)
✔ set: an accepted rung is written into the config layer, not the plugin (34.651694ms)
✔ validate: a whole config carrying a bad start rung names the key (29.069497ms)
✔ every model.effort enum is exactly that role's rung set from RUNG_FILES (0.416241ms)
✔ set git.forge_host with a port writes, and get reads it back byte for byte (66.693069ms)
✔ set: a git.forge_host the grammar refuses leaves the file untouched (138.917166ms)
✔ set: a git.forge_repo the slug grammar refuses is refused with its OWN sentence (177.49978ms)
✔ null still writes on both forge keys - the grammar is skipped, not failed (56.249374ms)
✔ a grammar marker the registry does not hold is an ERROR, never a silent pass (59.650447ms)
✔ validate: this repository own config layer passes the new grammars (29.722187ms)
✔ workflow.lint_command: get returns the schema default null (30.45485ms)
✔ workflow.lint_command: set writes a shell string and get reads it back (57.925478ms)
✔ workflow.lint_command: `=null` clears it; a bare `=` writes the empty string (58.068029ms)
✔ workflow.lint_command: validate accepts null and a string, refuses a number (84.280898ms)
✔ workflow.lint_command: the shipped template carries the key at null (0.22138ms)
✔ merge: a top-level __proto__ repo layer reparents nothing (no global layer) (44.700669ms)
✔ merge: a nested git.__proto__ repo layer reparents nothing (global layer defines git) (50.511891ms)
✔ merge: constructor and prototype repo layers stay inert (regression pins only) (91.574607ms)
✔ validate: a hostile __proto__ key is REPORTED, not skipped as an annotation (92.183754ms)
✔ get: the hostile file resolves git.on_protected to the value the guard acts on (62.637692ms)
✔ get: a repo layer setting workflow.test_command loses to the user-global one (29.532005ms)
✔ get: the same key in the repo layer ALONE resolves to the schema default (29.837667ms)
✔ get: all three keys at null - the shipped template shape - are silently dropped (30.907709ms)
✔ get: all three keys are stripped, not just the first one in the set (96.936806ms)
✔ get --global: the user-global layer sets these keys, and is never stripped (32.174937ms)
✔ get: an unrelated repo key still merges - the strip is exactly three keys (42.314615ms)
✔ get: every unset gate answers its schema default, with no warning at all (133.229368ms)
✔ get: a gate a layer PINNED reads back byte-identical, and still unwarned (126.330809ms)
✔ get: the round trip through `set` - blocking answers blocking, unwarned (92.075659ms)
✔ get: the KEYLESS full read answers the same defaults, and warns about none (34.77089ms)
✔ get: every unset tier and effort answers its schema default, unwarned (247.741761ms)
✔ get: a tier or effort a layer PINNED reads back byte-identical, unwarned (134.582459ms)
✔ get: the KEYLESS full read carries no panel warning either (26.980548ms)
✔ check: null is still refused at the write face for a tier and an effort (65.46829ms)
✔ check: null is still refused at the write face - a gate is a closed enum (32.338028ms)
✔ get: stakes is an unknown key at exit 1, not a value read out of the layer (28.297079ms)
✔ get: the KEYLESS full read answers no stakes value, and warns about the key once (31.276481ms)
✔ set: stakes is refused before anything is written, naming the migration (34.700597ms)
✔ unset is the seam that finishes the migration the refusals point at (93.054259ms)
✔ get: every Object.prototype member is refused as an unknown key at exit 1 (394.58218ms)
✔ get: a mix of a real key and a prototype member refuses, never answers for one (32.696679ms)
✔ get: the repair costs a live key nothing - one named and the keyless read both answer (88.327898ms)
✔ check: every Object.prototype member is an unknown key, never a retirement (376.906863ms)
✔ check: a genuinely retired key still reports its own milestone and remediation (33.797651ms)
✔ set: a prototype member is refused and nothing is written (97.11868ms)
✔ unset removes the named key from the file and leaves its siblings alone (32.701779ms)
✔ unset on a key the file does not hold writes NO bytes at all (AC3) (34.556333ms)
✔ unset --global edits the user-global file and nothing else (31.243117ms)
✔ unset --file at a path that does not exist creates nothing (31.988012ms)
✔ unset refuses a file it cannot parse, and one whose top level is not an object (70.270084ms)
✔ unset removes a key the schema does not carry - the whole reason it exists (106.244301ms)
✔ unset reports only the keys that were actually there (35.763707ms)
✔ unset walks OWN properties only, and still reaches a literal __proto__ key (444.050674ms)
✔ debtMarkersIn: a well-formed marker parses text, ceiling and trigger (5.170575ms)
✔ debtMarkersIn: the token WITHOUT a colon is not a marker (0.119016ms)
✔ debtMarkersIn: a marker missing trigger keeps the entry and NAMES the gap (0.13145ms)
✔ debtMarkersIn: a marker missing both named fields names both (0.101463ms)
✔ debtMarkersIn: two markers in one file keep their own line numbers (0.246859ms)
✔ debtMarkersIn: nothing to find is an empty array, never a throw (0.122964ms)
✔ renderDebtSection: no markers renders the placeholder, not an empty body (0.090362ms)
✔ renderDebtSection: bullets are ordered by path then line (0.171305ms)
✔ renderDebtSection: an unstated field is VISIBLE in the queue (0.108276ms)
✔ renderDebtSection: the same markers render byte-identically (0.236369ms)
✔ debtMarkersIn: TWO markers on one line are two entries, neither wearing the other's fields (0.159393ms)
✔ debtMarkersIn: a second marker on the line does not lend the first its fields (0.106131ms)
✔ the queue member and the record that supersedes it differ only in their stem (0.698728ms)
✔ a well-formed payload comes back ok with the findings VERBATIM (0.372868ms)
✔ an EMPTY findings array is a queue member, not a refusal (0.280803ms)
✔ a payload that is not a JSON object is refused, never coerced (0.128414ms)
✔ a key beside `findings` is refused - the payload IS the returned object (0.171876ms)
✔ a non-array `findings` is refused rather than read as one finding (0.104548ms)
✔ a finding is bounded by the SAME rule the adjudication record bounds it by (0.299429ms)
✔ the two seams give the SAME sentence for the same malformed finding (0.393108ms)
✔ isQueueName selects a member filename and nothing that merely sits beside one (0.144104ms)
✔ queueIdentity answers the fire a member belongs to, and COUNTS its findings (0.377438ms)
✔ a member whose fields spell ANOTHER filename is refused, never adopted (0.147129ms)
✔ every field the identity is built from is refused when it cannot bear one (0.189911ms)
✔ the finding BODIES are not re-validated on the way out (0.085212ms)
✔ the module emits nothing: not one byte on stdout or stderr (0.170053ms)
✔ the deferred re-arm cap is spent by a round-2 member, whatever corr the caller holds (0.302355ms)
✔ a SUPERSEDED round still spends the round it was fired on (0.109698ms)
✔ register: the surviving cut rows are byte-identical, and the register is exactly the rows the cuts made (0.876896ms)
✔ AC3: a contract skill anchor is clean while its Read sentence stands (3.101764ms)
✔ AC3: deleting that one sentence reports exactly one deferred-read-unread (1.734846ms)
✔ AC3: the sentence in the WRONG step of the contract does not answer for step 3 (0.816892ms)
✔ file: an absent PARENT directory is a partial fixture and reports nothing (0.572959ms)
✔ file: a present parent with the file absent is one deferred-read-missing-file (0.861567ms)
✔ grammar: every shipped row's Read line still carries that row's anchor (2.403637ms)
✔ AC1: a <step name="..."> anchor is clean while its Read sentence stands (1.966256ms)
✔ AC1: deleting that sentence reports exactly one deferred-read-unread (1.542221ms)
✔ AC4: a Read in item 1 of a named step does not satisfy item 3 of the same step (2.090973ms)
✔ AC4: the named step is not a PREFIX match for its own numbered items (2.007876ms)
✔ D-04: a <step name="..."> with NO <process> wrapper is still a region (2.323224ms)
✔ AC2: a heading-scoped walk step is clean while its Read sentence stands (1.843553ms)
✔ AC2: deleting it reports exactly one deferred-read-unread naming the walk step (1.401072ms)
✔ AC2: the same sentence in walk step 1 does not answer for walk step 2 (2.120479ms)
✔ AC2: the same sentence under another `##` heading does not answer either (1.766778ms)
✔ grammar: a heading path truncates, and a new heading ends the old numbering (0.086574ms)
✔ grammar: a heading INSIDE an open block does not compete with the frame (0.051297ms)
✔ D-07: a Read inside <worktree_mode> is anchorable at `worktree_mode` (1.153171ms)
✔ D-07: deleting it reports one deferred-read-unread naming worktree_mode (0.923374ms)
✔ D-07: label EXACTNESS, not null-ness, is what blocks a relocation (1.785964ms)
✔ grammar: a nested close does not switch the enclosing frame off (0.282136ms)
✔ grammar: a numbered item with an EMPTY frame stack stays regionless (0.071947ms)
✔ AC4: cad-context / templates/CONTEXT.md is unread without its one sentence (2.165104ms)
✔ AC4: cad-context / references/recall.md is unread without its one sentence (2.612865ms)
✔ AC4: cad-debug / references/recall.md is unread without its one sentence (2.956949ms)
✔ AC4: cad-execute / references/execute-parallel.md is unread without its one sentence (3.225499ms)
✔ AC4: cad-executor-contract / references/worktree-executor.md is unread without its one sentence (1.785803ms)
✔ AC4: cad-plan / references/plan-revision.md is unread without its one sentence (2.889681ms)
✔ AC4: cad-config / references/config-catalog.md is unread without its one sentence (2.925058ms)
✔ file: still-eager watches the SKILL.md even when the anchor is a workflow (1.792657ms)
✔ the exact sentence #88 filed is one issue, and the detail carries its line (2.177368ms)
✔ the batch-shaped rewrite that replaced it yields nothing (0.653642ms)
✔ a host hedge with no loop head still trips it (0.392165ms)
✔ a concurrency word only inside code spans or a fence is not prose (0.185413ms)
✔ prose that serializes on purpose is legal - no concurrency claim (0.129085ms)
✔ a compliant list item does not excuse the next one (block boundary) (0.180213ms)
✔ `in one batch` satisfies the phrasing as well as `in ONE message` (0.122142ms)
✔ a non-string input returns [] rather than throwing (0.105751ms)
✔ the eager arm: a bare concurrent set-dispatch with no loop head and no hedge (0.648422ms)
✔ the serialization arm: "one dispatch per message" is named, at its own line (5.069073ms)
✔ the batch-affirming vocabulary: the shipped rewrite of that item yields nothing (1.04171ms)
✔ a batch affirmation does not excuse a serialization in the same sentence (0.193367ms)
✔ a batch affirmation does not excuse a host hedge (0.103948ms)
✔ a batch affirmation opening a sentence does not excuse its serialization (0.072548ms)
✔ an `e.g.` inside a compliant sentence is not a sentence end (0.054143ms)
✔ a ``` shown inside a ```` container cannot close it early (0.296995ms)
✔ a `~~~ not a closing fence` line is content, not a boundary (0.061016ms)
✔ an indented ~~~ sample opens no fence, so the rest of the file is still read (0.073349ms)
✔ a compliant sentence no longer excuses a non-compliant one in the same block (0.063782ms)
✔ the line map: an offender on the third line of a block reports line 3 (0.059072ms)
✔ a table row is its own block, so two cells never glue into one sentence (0.04175ms)
✔ a ~~~ fence masks its example, and a nested ``` fence cannot close it early (0.037712ms)
✔ a rationale sentence beside a compliant mandate is not an instruction (0.046478ms)
✔ a negation forbidding the serial shape is not an instruction to use it (0.037602ms)
✔ an inflected dispatch verb describing the parallel path issues nothing (0.034665ms)
✔ a catalog table row naming the parallel path instructs nothing (0.049073ms)
✔ a table row that DOES issue the set concurrently is still named (0.048432ms)
✔ prose that serializes a non-dispatch thing is not this rule's business (0.050506ms)
✔ a semicolon inside a citation is not a sentence end (0.044314ms)
✔ an unclosed bracket swallows no sentence boundary (0.054233ms)
✔ stop-at-first-failure: the failing step is the last thing that runs (1.112444ms)
✔ continue-past-failure: every thunk is attempted and the failures keep loop order (0.134786ms)
✔ the error is carried AS THROWN, never stringified inside the module (0.095551ms)
✔ all three steps succeeding reports every key completed (stop-at-first-failure) (0.097355ms)
✔ all three steps succeeding reports every key completed (continue-past-failure) (0.112624ms)
✔ an empty step list succeeds with nothing completed (0.096573ms)
✔ an object key comes back by IDENTITY, never as a clone (0.124747ms)
✔ pre-flight: the first unsatisfied condition refuses, and no thunk runs (0.499359ms)
✔ pre-flight: a refusal creates no file anywhere under the planning root (1.021732ms)
✔ pre-flight: every condition satisfied runs the steps normally (stop-at-first-failure) (1.002054ms)
✔ pre-flight: every condition satisfied runs the steps normally (continue-past-failure) (0.302706ms)
✔ pre-flight: an empty condition list behaves exactly as no pre-flight at all (0.138683ms)
✔ a survived blocker stays behind; a downgraded high and a survived low are the set (2.071777ms)
✔ a survived high is the thing the gate halts over, so it is not in the set (0.149554ms)
✔ a refuted blocker IS in the set - the ruling, not the severity, decides that one (0.160084ms)
✔ a survived medium and a survived low are both the blocking arm remainder (0.176545ms)
✔ an OVERRIDDEN survived blocker is in the set - nobody is fixing that one (0.212333ms)
✔ an overridden survived HIGH is in the set too - the marker is not blocker-only (0.139134ms)
✔ a survived blocker WITHOUT the marker still stays behind (0.11085ms)
✔ the marker beside a real fix commit is in NO set - the commit wins (D-05) (0.105771ms)
✔ the marker on a medium changes nothing - that entry was already in the set (0.205601ms)
✔ an unreadable payload carrying the marker is still a REFUSAL, not an empty set (0.249294ms)
✔ a survived blocker naming a fix commit is FIXED, and is in none of the three (0.132221ms)
✔ an OVERRIDDEN survived blocker with no commit is filed and named, never halting (0.065304ms)
✔ D-05: both markers on one entry is FIXED - the commit beats the override (0.04734ms)
✔ a survived blocker with NEITHER marker is `halting` alone - the fail-closed rail (0.036629ms)
✔ a survived MEDIUM naming a fix commit is FIXED too - the exclusion is not severity-gated (0.024928ms)
✔ a survived medium with no commit is `filing` alone - confirmed and not fixed (0.043292ms)
✔ a BLANK fix_commit is not a usable one, so that entry still halts (0.036519ms)
✔ an unoverridden survived blocker citing a NON-COMMIT string still halts (0.033754ms)
✔ every unusable fix_commit shape leaves the fail-closed rail closed (0.121821ms)
✔ an abbreviated id through a full one reads as a landed fix (0.066206ms)
✔ usableFixCommit asks the SHAPE and never whether the object exists (0.037ms)
✔ the payload and a prose fixture disagree, and the answer is the payload (0.224456ms)
✔ two findings differing only in LINE share one fingerprint (0.335939ms)
✔ two findings differing in CLAIM do not (0.089069ms)
✔ two findings differing in FILE do not (0.061276ms)
✔ severity is outside the fingerprint: a downgrade does not mint a new one (0.049985ms)
✔ the token is fixed-width lowercase hex (0.07875ms)
✔ the NUL join cannot be forged by moving the boundary (0.098667ms)
✔ a finding missing both fields fingerprints rather than throwing (0.06794ms)
✔ a payload buildEntries refuses comes back ok:false naming the entry (0.118355ms)
✔ an unruled finding refuses by index rather than being dropped from the set (0.084441ms)
✔ a non-object payload refuses with the grammar detail, not an empty answer (0.293458ms)
✔ the forgejo create and lookup vectors are exactly these (0.140607ms)
✔ the github create and lookup vectors are exactly these (0.101674ms)
✔ the gitlab create vector carries -y, and its lookup is exactly this (0.10539ms)
✔ every row supplies a body/description on create, on all three providers (0.085332ms)
✔ the three keys are PROVIDER_TABLE's own, so a persisted provider is the key (0.046468ms)
✔ no row names a binary: PROVIDER_TABLE already says which drives which (0.116872ms)
✔ a github chunk of six is five OR operators, and the query opens with in:title (0.110279ms)
✔ no provider's lookup vector carries DECLINE_LABEL - an ACCEPTED issue has none (0.154754ms)
✔ only the row whose lookup was RUN is marked measured (0.077498ms)
✔ the chunk constant is six, and it is what the builders are exercised with (0.059162ms)
✔ the decline label is one frozen literal with no separator a forge reads (0.083829ms)
✔ a response of exactly the page size is INCOMPLETE and carries no records (0.571526ms)
✔ one row under the page size is COMPLETE and carries its tokens (0.230969ms)
✔ a response that is not a JSON array reports incomplete rather than throwing (0.116321ms)
✔ an empty page is a COMPLETE read of nothing - the first fire on a tracker (0.083419ms)
✔ a row with no readable title fails the WHOLE read: the output shape moved (0.071205ms)
✔ a hand-labelled issue is SKIPPED, not a failure - a human can apply a label (0.091934ms)
✔ lookup: a page of exactly the limit is INCOMPLETE and carries no pairs (0.410691ms)
✔ lookup: one row under the page size is COMPLETE and every number is read (0.292055ms)
✔ lookup: the junk table answers incomplete without throwing (0.097725ms)
✔ lookup: a token-carrying row missing its number fails WHOLE, naming the shape (0.154944ms)
✔ lookup: a row whose title carries no token is SKIPPED, not a failure (0.298838ms)
✔ lookup: each provider's number key is read through its row's stated fact (0.270835ms)
✔ lookup: a CLOSED row is returned like any other - `state` is never read (D-05) (0.114357ms)
✔ a title round-trips to the fingerprint the finding digests to (0.079141ms)
✔ a claim long enough to clip the title still round-trips (0.071526ms)
✔ a claim with newlines becomes one line (0.046138ms)
✔ a title carrying no token, or a non-string, recovers null (0.060315ms)
✔ the body names the finding and never a CLI response (0.127672ms)
✔ the body is never empty, whatever the finding is missing (0.080313ms)
✔ the provider table names three providers, in a fixed order, and is frozen (1.262068ms)
✔ the provider names are HOST_TABLE's own keys, not a second spelling (1.589991ms)
✔ the provider names are exactly git.forge_provider's enum values (0.388127ms)
✔ installedProviders reports the resolving providers in TABLE order (0.180403ms)
✔ installedProviders on a machine with none of them is the empty list (0.09492ms)
✔ installedProviders with no predicate answers empty rather than throwing (0.083078ms)
✔ github and gitlab are complete on provider + slug, with no host (0.129446ms)
✔ forgejo is NOT complete until the instance host is named (0.184681ms)
✔ a missing provider or a missing slug is incomplete (0.099249ms)
✔ a provider spelling no row carries is incomplete, not honoured (0.138063ms)
✔ a non-string or blank persisted value reads as unasked, never as a value (0.096663ms)
✔ a complete record is `configured`, whatever is installed (0.181074ms)
✔ a partly answered forgejo record with a binary present is `ask` (0.076977ms)
✔ an unanswered record with a binary present is `ask`, naming what resolved (0.091143ms)
✔ an unanswered record with NO binary is `refuse`, naming all three and an install (0.173119ms)
✔ a PARTLY answered record with no binary refuses too (0.072258ms)
✔ decideForge is TOTAL: no arguments at all still answers (0.056748ms)
✔ a non-array `installed` is read as none rather than throwing (0.105531ms)
✔ every reason is ONE line, so the setup step prints one line (0.137992ms)
✔ lib/forge-decision.mjs does no I/O and touches no process state (0.198227ms)
✔ isForgeSlug accepts the two and three segment shapes forges serve (0.149363ms)
✔ isForgeSlug refuses a single segment - there is no repository selector (0.052399ms)
✔ isForgeSlug refuses a segment that reads as a FLAG once interpolated (0.045055ms)
✔ isForgeSlug refuses traversal segments in selector position (0.03704ms)
✔ isForgeSlug refuses every character that could end an argument (0.069132ms)
✔ isForgeSlug refuses a slug longer than any forge serves (0.044114ms)
✔ isForgeSlug refuses a non-string rather than throwing (0.041278ms)
✔ splitForgeHost accepts a hostname and splits a ported one into two halves (0.200652ms)
✔ a portless value splits to a NULL port rather than to a defaulted one (1.180934ms)
✔ splitForgeHost refuses every port spelling that is not the canonical one (0.108556ms)
✔ splitForgeHost refuses a value that reads as a FLAG once interpolated (0.055936ms)
✔ splitForgeHost refuses everything outside the hostname alphabet (0.079701ms)
✔ splitForgeHost refuses a value longer than DNS serves (0.06858ms)
✔ splitForgeHost refuses a bracketed IPv6 literal, as a decision (0.051729ms)
✔ splitForgeHost refuses a non-string rather than throwing (0.061376ms)
✔ originDefaults offers a provider for github and gitlab and for nothing else (0.095882ms)
✔ originDefaults offers the slug whenever one parsed, provider or not (0.042871ms)
✔ originDefaults offers NO host default under any verdict (0.086024ms)
✔ originDefaults drops a slug that fails the grammar rather than passing it through (0.057068ms)
✔ originDefaults is TOTAL over anything a caller hands it (0.088418ms)
✔ splitSlug takes the two halves apart at the LAST separator (0.07383ms)
✔ splitSlug refuses everything the slug grammar refuses, rather than re-deriving one (0.07914ms)
✔ the create table names the same three providers as the provider table (0.07901ms)
✔ the create table repeats no binary name - PROVIDER_TABLE is the one spelling (0.096283ms)
✔ each provider builds the ONE argv measured for it, element for element (0.469703ms)
✔ the tea row DROPS --owner when the owner is the login user (the personal case) (0.088127ms)
✔ the tea row NAMES the login it was asked about (0.120529ms)
✔ ownerIsLoginUser answers rather than throwing on anything it is handed (0.110159ms)
✔ the two positional grammars rejoin a nested owner, and tea keeps it split (0.078759ms)
✔ EVERY row pins --private, so a fourth provider cannot be added without one (0.105059ms)
✔ exactly one row says it cannot build an argv without a login, and it is tea (0.218074ms)
✔ the row flagged as wiring its own remote is exactly the one whose argv wires it (0.106903ms)
✔ detect: two stubs on PATH is `ask`, naming exactly those two (34.928712ms)
✔ detect: all three on PATH is `ask` naming all three (33.53371ms)
✔ detect: an EMPTY stub dir refuses, with a hint and no installed entries (33.106309ms)
✔ detect: a complete github record is `configured` even with NO binary (29.28096ms)
✔ detect: a forgejo record with a NULL host is `ask`, still carrying what is answered (33.266393ms)
✔ detect: a forgejo record WITH a host is `configured` (37.100809ms)
✔ detect: an unasked repository with a binary present is `ask`, carrying three nulls (38.556014ms)
✔ detect: the scaffolded template answers `ask` rather than defaulting a provider (32.878245ms)
✔ detect: an unparseable config layer surfaces a warning on the envelope (35.851314ms)
✔ detect: an ABSENT --dir reads the process cwd (32.805677ms)
✔ detect: an EMPTY --dir refuses, rather than answering about ./.planning (32.867054ms)
✔ detect: a VALUELESS --dir refuses the same way (76.338387ms)
✔ an unknown subcommand prints the usage line naming both it has (41.287183ms)
✔ no subcommand at all is the same usage refusal (32.896079ms)
✔ detect: a split SSH endpoint offers the slug and NO provider (38.69585ms)
✔ detect: a gitlab origin offers BOTH defaults, subgroup path intact (33.829984ms)
✔ detect: a github origin offers both defaults (42.022361ms)
✔ detect: NO host default is ever offered (37.156905ms)
✔ detect: a slug failing the grammar yields NO slug default, not raw text (34.047997ms)
✔ detect: a repository with NO origin offers no defaults and still asks (35.19132ms)
✖ detect: a directory that is not a repository at all still asks (34.898353ms)
✔ detect: the `configured` and `refuse` arms carry no defaults at all (68.379012ms)
✔ detect: NO forge CLI is spawned while the defaults are derived (AC1) (35.810407ms)
✔ create: the github arm records the pinned argv, then wires origin itself (34.221687ms)
✔ create: the gitlab arm records its own grammar, --remoteName and all (32.035784ms)
✔ create: the forgejo arm asks tea who it is, then records the org grammar (35.044822ms)
✔ create: a repository under the LOGIN USER is created with no --owner at all (35.646946ms)
✔ create: two logins on ONE hostname are told apart by the PORT the url names (146.499896ms)
✔ create: the scheme default port is the SAME endpoint, never a mismatch (37.697542ms)
✔ create: an SSH remote still resolves its login - its port is not an API port (31.875189ms)
✔ create: no tea login for the instance refuses, and creates NOTHING (33.778405ms)
✔ create: an UNREADABLE login list refuses the same way, leaking none of it (64.37817ms)
✔ create: a login NAME that would read as a flag is skipped, not sanitized (29.246013ms)
✔ create: the two arms that need no login never ask for one (66.474554ms)
✔ create: WITHOUT --confirmed nothing is spawned at all (31.431166ms)
✔ create: a CLI that fails leaks none of its own text and nulls detail (32.399255ms)
✔ create: a provider whose CLI is absent refuses, naming the install (28.856232ms)
✔ create: a provider outside the table refuses before any lookup (30.108301ms)
✔ create: a --repo failing the slug grammar refuses rather than reaching an argv (120.386867ms)
✔ create: --provider and --repo refuse a valueless spelling, before anything runs (67.550749ms)
✔ create: an ABSENT selector is answered by the seam, not by the argument door (63.742412ms)
✔ create: no --remote-url on an arm that wires none creates NOTHING (64.793519ms)
✔ create: a --remote-url the origin grammar cannot read refuses before the spawn (154.753169ms)
✔ create: a VALUELESS --remote-url refuses at the declared row (31.752155ms)
✔ create: a failed `git remote add` says the repository EXISTS (39.500849ms)
✔ create: the gitlab arm is never asked for a --remote-url (35.768376ms)
✔ create: an http(s) --remote-url on the WRONG port refuses, naming both (32.145842ms)
✔ create: an scp --remote-url refuses naming the 22 it implies (25.690977ms)
✔ create: a URL naming the configured port reaches the create (37.916648ms)
✔ create: an SSH port over a non-http scheme is ACCEPTED, never compared (37.462756ms)
✔ create: a --remote-url on a DIFFERENT host is not compared at all (37.701209ms)
✔ create: a MIXED-CASE persisted host still refuses the wrong port (29.528169ms)
✔ create: a PORTLESS or null git.forge_host fires nothing at all (69.587668ms)
✔ create: the gitlab arm REFUSES a --remote-url, naming the conflict (27.730533ms)
✔ gateTriggers reads the trigger names off the schema, in key order (1.359233ms)
✔ gateTriggers ignores tier/effort/surfaces keys and any non-gate leaf (0.132221ms)
✔ a fifth trigger is walked the day its key lands, with no edit here (1.274943ms)
✔ a schema with no gate rows at all yields nothing (0.117373ms)
✔ all THREE fields of a trigger are walked, not the gate alone (0.278729ms)
✔ AC1: every pre-patch purpose states no default, so each is reported (0.184341ms)
✔ AC1: the pre-patch defaults are all real gates, so none is invalid (0.124727ms)
✔ a real default with a purpose naming it yields no problem at all (1.076505ms)
✔ a purpose naming NO member is gate-prose-missing, naming the key (0.765815ms)
✔ a purpose naming a DIFFERENT member is gate-prose-drift, naming both values (0.244003ms)
✔ the prose half is MANDATORY - a correct default does not excuse silent prose (0.160104ms)
✔ a purpose that is not a string is gate-prose-missing, and says that is why (0.140367ms)
✔ the clause grammar is case-insensitive and takes an unwrapped value (0.140988ms)
✔ the clause grammar takes "default to" and a quoted value too (0.127913ms)
✔ naming a member OUTSIDE the clause is free prose, not a claim (0.153943ms)
✔ a member that only PREFIXES a word in the purpose does not count as a clause (0.148632ms)
✔ a NULL default is gate-default-invalid - the sentinel is gone (0.177857ms)
✔ a default OUTSIDE its own values is gate-default-invalid, naming the value (0.157669ms)
✔ a boolean default is gate-default-invalid too, not a silent pass (0.127041ms)
✔ an absent default reads as absent, never as null (0.112133ms)
✔ a default valid for ANOTHER field is still invalid here - each row has its own enum (0.124877ms)
✔ a row with two faults reports both, rather than short-circuiting (0.15269ms)
✔ an invalid default whose prose names a real member reports invalid AND drift (0.130588ms)
✔ a schema row that is not an object is gate-row-malformed, never a throw (0.133464ms)
✔ a non-object schema map yields nothing, never a throw (0.076976ms)
✔ a row with no values enum reports rather than passing green (0.164864ms)
✔ milestone + auto on a protected base: create the named integration branch (33.255662ms)
✔ milestone + ask on a protected base: ask, naming the integration branch (32.055792ms)
✔ milestone + off on a protected base: stay (30.321366ms)
✔ milestone already on a work branch: stay (lazy, once per cycle) (34.124914ms)
✔ trunk on a protected base: stay, no integration branch (branch null) (32.383114ms)
✔ defaults (no git block set): milestone + ask on a protected base -> ask (38.361955ms)
✔ a STRING protected_branches is honored here too, not dropped (#38, COR-01) (61.976998ms)
✔ published: a milestone the repo has ALREADY TAGGED asks, naming both numbers (AC8) (40.601711ms)
✔ published: an untagged maintenance milestone below a higher tag still creates (AC8) (50.867368ms)
✔ published: a milestone above every tag still creates - the guard refuses no new cycle (118.526673ms)
✔ published: a non-semver tag is skipped, not guessed at (93.321007ms)
✔ published: an enclosing repository's tags are not this project's (TAG-01) (37.488444ms)
✔ tags: the repository at --dir answers with its own tag list (41.993626ms)
✔ tags: a non-repository project inside a tagged repository has published nothing (TAG-01) (35.060231ms)
✔ tags: a directory that is no repository at all reads as no tags, not an error (30.842977ms)
✔ an unknown subcommand names BOTH arms, so the new one is reachable from the usage line (27.650321ms)
✔ warnings[] rides the envelope, and a torn layer puts the parse failure on it (70.747313ms)
✔ decide: an EMPTY --dir refuses by name, exit 1, no tree read (29.925484ms)
✔ decide: a VALUELESS --dir refuses by name, exit 1, no tree read (28.695937ms)
✔ tags: an EMPTY --dir refuses by name, exit 1, no tree read (30.875238ms)
✔ tags: a VALUELESS --dir refuses by name, exit 1, no tree read (28.647716ms)
✖ silent outside a Cadence project (25.751642ms)
✔ silent for non-git commands inside a project (36.397141ms)
✔ guard applies from a subdirectory of the project (walk-up) (33.894166ms)
✔ walk-up stops at a repo root without .planning (still not policed) (24.409693ms)
✔ git push always asks (publishing is /cad-land's call) (37.705788ms)
✔ auto_close true does not exempt any push - every push still asks (32.020214ms)
✔ compound command still catches the push half (33.129522ms)
✔ global git options are skipped when finding the subcommand (30.7702ms)
✔ git stash push is not a publish (the verb is stash) (34.106107ms)
✔ push as an argument or inside quotes never fires the rail (159.227913ms)
✔ commit on a protected branch asks by default, silent on a task branch (97.990921ms)
✔ git.on_protected=refuse denies; =allow stays silent (67.657542ms)
✔ on_protected "deny" is an alias of refuse, not a silent soft-ask (#38) (38.813102ms)
✔ a string protected_branches guards THAT branch, not the default list (#38) (66.474684ms)
✔ an EMPTY protected_branches list still means nothing is protected (D-09) (72.057263ms)
✔ a protected_branches naming NO branch guards the default list (GRD-01) (104.382456ms)
✔ custom protected_branches list is honored (60.756128ms)
✔ a commit message naming the push rail is a commit, not a push (42.249973ms)
✔ a mention or a read-only search is silent, so no deny gate is needed (139.160641ms)
✔ shapes the anchored reader declines to see (stated cost, not an oversight) (286.762941ms)
✔ malformed stdin exits 0 with no output (guard never blocks work) (23.163385ms)
✔ payload without a command stays silent inside a project (29.206007ms)
✔ commit guard degrades silently when .planning has no git repo (30.664207ms)
✔ detached HEAD is not a protected branch (rev-parse says HEAD) (35.274969ms)
✔ the payload size that OOMed the deleted reader still decides (42.462987ms)
✔ a torn config asks on a NON-protected branch, naming the parse failure (37.189497ms)
✔ a torn config asks ONCE on a protected branch, not twice (39.952186ms)
✔ on_protected: allow with a torn layer still asks - the value was not read (36.145873ms)
✔ a torn layer never DENIES - fail-open stands (36.747908ms)
✔ a well-formed config on a non-protected branch is still silent (66.553283ms)
✔ the push rail is unchanged by a torn layer (28.476391ms)
✔ a torn USER-GLOBAL layer asks too, naming that layer - it carries the same keys (33.503953ms)
✔ a torn global layer asks on `release` too - the list that would have named it is gone (33.820946ms)
✔ a torn GLOBAL layer whose path merely PREFIXES the repo layer asks as itself (35.128992ms)
✔ a torn repo layer never CANCELS a deny the global layer configured (38.852056ms)
✔ census: no gate value reaches the protected-branch guard (D-11) (0.908546ms)
✔ a deferred gate in the config layer changes no guard decision (99.077024ms)
✔ the checked-out branch, trimmed (18.698611ms)
✔ a SUBDIRECTORY of the repo answers the same (git -C discovers upward) (13.590775ms)
✖ a directory that is NOT a git repo is "" - never a throw (2.668991ms)
✔ an absent path and a repo with NO COMMITS are both "" (5.492376ms)
✔ a detached HEAD answers git's own "HEAD", not a reinterpretation (13.006655ms)
✔ publish: auto_close true on a non-protected branch pushes exactly that ref (68.131413ms)
✔ refuse: auto_close false -> auto-close-off, bare gains no branch (55.524968ms)
✔ refuse: HEAD on a protected branch -> protected-branch, no push (49.475522ms)
✔ refuse: a STRING protected_branches protects that branch too (#38, COR-01) (44.488446ms)
✔ refuse: no origin remote configured -> remote-not-configured (46.984319ms)
✔ refuse: detached HEAD -> no-branch, no push (50.815358ms)
✔ refuse: auto_close ONLY in the global layer (repo omits) -> auto-close-off (D-08) (80.8081ms)
✔ usage: an unknown subcommand -> ok:false reason usage (45.947479ms)
✔ reap: a merged integration branch is actually deleted (78.451883ms)
✔ reap: an UNMERGED branch is deleted too - land-cleanup owns the merged verdict (62.05176ms)
✔ reap: an already-absent branch SKIPS with ok:true and exit 0 (idempotent close) (39.494507ms)
✔ reap refuse: a protected branch, and it is still there afterwards (42.565422ms)
✔ reap refuse: the CHECKED-OUT branch, named rather than left to a git error (46.983016ms)
✔ reap refuse: an option-shaped branch name never reaches git (42.065763ms)
✔ reap refuse: no --branch at all -> no-branch, and no git ran (38.986341ms)
✔ reap needs no auto_close: a close-off repo still reaps its local branch (47.903405ms)
✔ usage: the detail names all three subcommands (28.148337ms)
✔ publish refuse: off-everywhere and requested-globally read DIFFERENTLY (86.035132ms)
✔ authorized: a user-global true is refused - the repository never opted in (41.20672ms)
✔ authorized: the repository's own opt-in answers ok:true, and needs no git (66.583241ms)
✔ authorized: the GitLab arm refuses with NO forge CLI spawned at all (40.540003ms)
✔ authorized: off in BOTH layers refuses with the other sentence (39.577314ms)
✔ publish refuse: a TORN layer that could carry protected_branches pushes NOTHING (43.366434ms)
✔ reap refuse: a TORN layer leaves the branch it would have protected in place (44.856706ms)
✔ warnings[] rides the git-publish envelope on the acting AND the skip arms (80.040842ms)
✔ publish: a git:// remote carrying userinfo fails without leaking it (41.686251ms)
✔ publish: a PATH-shaped remote carrying userinfo fails without leaking it (43.594738ms)
✔ source: every git-publish failure detail goes through redactUrl (1.229516ms)
✔ publish: an EMPTY --dir refuses by name, exit 1, nothing run (28.558536ms)
✔ publish: a VALUELESS --dir refuses by name, exit 1, nothing run (27.147656ms)
✔ reap: an EMPTY --dir refuses by name, exit 1, nothing run (28.808952ms)
✔ reap: a VALUELESS --dir refuses by name, exit 1, nothing run (29.890738ms)
✔ authorized: an EMPTY --dir refuses by name, exit 1, nothing run (29.411778ms)
✔ authorized: a VALUELESS --dir refuses by name, exit 1, nothing run (32.713321ms)
✔ a segment whose command word is git reports its verb (4.829978ms)
✔ the verb is the first NON-FLAG word (0.143142ms)
✔ a global option taking a separate argument is skipped WITH its argument (0.092125ms)
✔ an =-glued global option needs no entry of its own - it is one flag word (0.09442ms)
✔ a segment whose command word is not git is SILENT (the accepted cost) (0.152951ms)
✔ the anchor is the command word, so a git word mid-segment does not count (0.086094ms)
✔ only the VERB is read, so an operand naming another verb is not one (0.099449ms)
✔ TOTAL: any input at all returns an array and never throws (0.150777ms)
✔ LINEAR: the input size that OOMed the deleted reader is answered instantly (6.399029ms)
✔ LINEAR: many separated invocations are all reported, in order (8.687568ms)
✔ a separator run does not manufacture a verb (0.166166ms)
✔ the set is exactly the three keys CFG-02 names, and is frozen (1.611051ms)
✔ a non-null value is removed from the layer the merge consumes (0.30006ms)
✔ a non-null value warns, naming BOTH the key and the file it came from (0.186004ms)
✔ all three keys are stripped, one warning each - not just the first (0.216502ms)
✔ a null value is stripped too - the strip is value-agnostic (D-13) (0.140106ms)
✔ a null value warns about NOTHING - presence is not setting (D-13) (0.090772ms)
✔ an empty string IS a set value: stripped and warned about (0.123716ms)
✔ a layer setting none of them is returned untouched and silent (0.216271ms)
✔ sibling keys under the same parent survive the strip (0.115249ms)
✔ the input object is never mutated - the strip returns a COPY (0.153201ms)
✔ a non-object layer is handed back as-is, never a throw (0.174451ms)
✔ a scalar PARENT is stripped: it would replace the global section wholesale (0.112053ms)
✔ a scalar parent warns, naming the section, the file and the keys it hid (0.098037ms)
✔ a scalar parent warns ONCE, not once per key beneath it (3.326842ms)
✔ a null parent is stripped silently - presence is not setting (D-13) (0.113405ms)
✔ a section with no global-only key beneath it is left alone whatever its type (0.075033ms)
✔ the census walks the whole bin tree, lib/ and test files included (0.713065ms)
✔ exactly one definition of the defaulting disposition (fallback) (1.646869ms)
✔ exactly one definition of the throwing flag-value reader (flagValue) (1.076014ms)
✔ exactly one definition of the ''-on-failure file reader (readText) (4.539085ms)
✔ exactly one definition of the current-branch reader (readCurrentBranch) (2.360585ms)
✔ exactly one definition of the lease-grammar containment predicate (covers) (1.925389ms)
✔ exactly one definition of the executable-resolution predicate (onPath / executableIn) (2.148052ms)
✔ exactly one definition of the rotated-report name grammar (rotatedSource / isReportName) (0.513996ms)
✔ exactly one definition of the worker-key grammar (requirePlanKey) (1.092004ms)
✔ exactly one definition of the multi-file transition step loop (runTransition) (3.59414ms)
✔ exactly one definition of the genuinely-unfixed test (unfixedFromEntries) (4.367699ms)
✔ every register row states an event name and a reason for it (5.159865ms)
✔ the shipped register covers the shipped hooks.json - the tree agrees with itself (0.296343ms)
✔ an unregistered event is reported by name; the registered ones beside it are not (0.413175ms)
✔ SubagentStop is registered TODAY, so a rename of it is what the check catches (0.961647ms)
✔ ONE DIRECTION: a register row no hooks.json carries is not a problem (0.315619ms)
✔ the register is a PARAMETER, so a test never asserts it against itself (0.695942ms)
✔ an absent file is lenient on a partial root and missing-input on a full install (0.316461ms)
✔ an unreadable or shapeless file is ONE issue, never a throw (0.658291ms)
✔ AC5: the live cad-verify bytes report exactly one unnamed include (3.643684ms)
✔ AC5: the same bytes report nothing under a one-row WAIVED (2.388759ms)
✔ AC5: cad-help passes under both, because its objective names the include (0.987497ms)
✔ AC6: an include named ONLY by its own `@`-include line still reports (0.514658ms)
✔ a self-citing INCLUDED file does not answer for the command that includes it (0.959663ms)
✔ a workflows/ include is exempt even when nothing names it anywhere (0.366617ms)
✔ naming is the <branch>/<file> path form, never the basename (3.154815ms)
✔ an included surface named by the command WORKFLOW satisfies the check (0.717634ms)
✔ WAIVED ships EMPTY, and is frozen (0.119437ms)
✔ DOWNWARD bound: the waiver cannot outlive its `@`-include line (1.116692ms)
✔ UPWARD bound: a checked-off removeInPhase expires the waiver (1.07302ms)
✔ UPWARD bound: an UNCHECKED phase, or no ROADMAP at all, reports nothing (2.348312ms)
✔ a waiver row whose skill is absent from the root reports nothing (0.577197ms)
✔ an absent skills/ directory contributes nothing at all (0.615109ms)
✔ github: the report names each referenced issue with its state, plus the open list (80.806327ms)
✔ gitlab: the report names each referenced issue with its state, plus the open list (71.860348ms)
✔ forgejo: the report names each referenced issue with its state, plus the open list (78.373835ms)
✔ forgejo: an SSH host that differs from the login host still reports (123.09833ms)
✔ a branch referencing NO issue still reports the open list as the fallback (101.687485ms)
✔ a protected_branches naming NO branch still names the referenced issues (GRD-01, D-02) (75.964266ms)
✔ the forge call names the --dir repo, not the one the process cwd sits in (87.598664ms)
✔ the github and gitlab argv are byte-identical to what they were (132.874917ms)
✔ a forge CLI that never returns is killed at the bound and the land continues (569.377472ms)
✔ unknown subcommand: usage (28.418981ms)
✔ degrades in ONE line: the key is off (58.412515ms)
✔ degrades in ONE line: no forge configured (63.180635ms)
✔ degrades in ONE line: no tea login (67.723116ms)
✔ degrades in ONE line: the resolved binary is absent (68.559596ms)
✔ degrades in ONE line: the CLI exits nonzero (63.697016ms)
✔ degrades in ONE line: a response truncated at the page limit (71.752112ms)
✔ degrades in ONE line: a response with a renamed field (74.017907ms)
✔ degrades in ONE line: the ref scan fails (67.165897ms)
✔ an EMPTY tea login list skips on the existing line, and queries nothing (65.485544ms)
✔ an origin NO login names skips, and asks tea nothing about it (62.775204ms)
✔ a persisted host a login NAMES is bound with --login <that login's name> (60.461688ms)
✔ forgejo: every call names the login the persisted host resolves, and no other (81.490276ms)
✔ forgejo: a number the open list missed resolves, or is named unresolved (78.026975ms)
✔ forgejo: the resolve stops at its cap, and the remainder are unresolved (89.278625ms)
✔ the per-issue resolves share ONE wall-clock budget, not one bound each (2086.418406ms)
✔ a FAST nonzero resolve does not stop the loop: the numbers behind it still resolve (85.426495ms)
✔ a budget spent mid-loop is still a report: real states behind it, unresolved ahead (2110.181341ms)
✔ the key-off arm spawns NO forge CLI at all, not merely an empty report (164.816758ms)
✔ a token-carrying CLI stderr never reaches the envelope, in ANY shape (79.632554ms)
✔ check: an EMPTY --dir refuses by name, exit 1, no forge CLI spawned (39.271592ms)
✔ check: a VALUELESS --dir refuses by name, exit 1, no forge CLI spawned (29.096258ms)
✔ check: a malformed --timeout-ms still runs on the default, unlike --dir (92.151633ms)
✔ AC4: with the forge keys set and NO origin, forgejo still reports, bound by --login (76.305542ms)
✔ AC4: the same repository whose host NO login serves skips, and asks tea nothing (85.882711ms)
✔ AC4: a repository with a WORKING origin but no forge keys names the keys to set (67.476365ms)
✔ AC4: a github record with NO origin reports too, and never touches tea (87.962762ms)
✔ classifyOrigin reads BOTH url shapes for github and gitlab (1.155806ms)
✔ classifyOrigin: any other host is `unrecognized` and STILL carries its slug (0.169553ms)
✔ classifyOrigin takes ONE argument: a second is ignored, not consulted (0.151057ms)
✔ classifyOrigin: an absent origin is no-remote, and garbage is unrecognized (0.098136ms)
✔ a hostname carrying a control character is REJECTED, never cleaned (0.791303ms)
✔ classifyOrigin says whether the URL SPELLED a port, which httpPort cannot (0.125879ms)
✔ a classification with no URL to read spells no port either (0.090622ms)
✔ teaLoginNameForHost answers the login NAME, by any of the three fields (0.312945ms)
✔ teaLoginNameForHost matches on EQUALITY, never on a shared suffix (0.148693ms)
✔ teaLoginNameForHost takes the FIRST match in tea's own list order (0.155335ms)
✔ teaLoginNameForHost is TOTAL over every unreadable input (0.139095ms)
✔ a persisted host naming a port picks the login serving THAT port (0.097425ms)
✔ a persisted `:443` matches a login whose url spells no port at all (0.054825ms)
✔ a port no login serves resolves to NO login rather than to a neighbour (0.038293ms)
✔ a PORTLESS persisted host resolves exactly as it does today (0.044846ms)
✔ a host the grammar REFUSES answers null rather than throwing (0.058391ms)
✔ scanIssueRefs finds the three forms, dedupes, sorts, and mints no near-miss (0.63172ms)
✔ scanIssueRefs is total on non-text and empty input (0.079571ms)
✔ scanIssueRefs excludes a reference outside the safe-integer range (ARG-04) (0.088738ms)
✔ partitionIssues answers open / closed / not-found, and not-found is never closed (0.14212ms)
✔ partitionIssues answers NOTHING over a fetch that is not complete (0.066817ms)
✔ every row carries its own paging flag with the limit it states (0.132301ms)
✔ the gitlab row is proved against a CAPTURED glab sample, with no glab spawned (0.178439ms)
✔ the github and forgejo normalizers read their CLIs own captured shapes (0.130888ms)
✔ the forgejo row resolves ONE issue, and reads both shapes tea prints (0.151939ms)
✔ only the forgejo row carries a resolve; the other two still list every state (0.100591ms)
✔ a response TRUNCATED at the limit is unreadable, never an issue list (0.256768ms)
✔ a RENAMED field is unreadable, not an empty record set (0.126039ms)
✔ a number OUTSIDE the safe-integer range is unreadable, never a neighbour (ARG-04) (0.119958ms)
✔ all eight reasons are distinct strings, and only `query` proceeds (0.328193ms)
✔ the not-configured line names the keys that are unset, and only those (0.567338ms)
✔ a persisted host carrying a control character never reaches the ONE-line reason (0.134125ms)
✔ decideIssueCheck is total: no arguments at all still answers (0.058561ms)
✔ a five-finding fire spawns NO forge child at all (41.963759ms)
✔ the decline set is read even where no forge CLI resolves (37.464089ms)
✔ a finding DECLINED.md already carries is absent from the answer (40.269941ms)
✔ a decline recognized by (file, claim) survives the file shifting by a line (34.198364ms)
✔ a survived blocker never reaches the ask, so the fire has nothing to file (41.671394ms)
✔ a survived medium whose fix is already committed is never put to the user (40.153589ms)
✔ each returned finding carries its fingerprint BESIDE it, never inside it (62.707406ms)
✔ a decline set far past any old page size is read whole (80.294875ms)
✔ a missing DECLINED.md is an empty decline set, not a refusal (34.158958ms)
✔ an unreadable DECLINED.md refuses rather than re-asking what was declined (35.669399ms)
✔ three accepts and two declines make exactly THREE creates, none labelled (50.581234ms)
✔ a declined finding lands in DECLINED.md and never in FILED.md (45.456446ms)
✔ a decline written by `file` is what the next `unfixed` reads back (73.14549ms)
✔ every create supplies a body, on every entry (47.779971ms)
✔ a create exiting nonzero refuses and NAMES the findings that were not filed (51.030628ms)
✔ a fire with accepts asks the tracker ONCE, and the ask precedes every create (50.201843ms)
✔ the list call is TITLE-SCOPED and names every accepted fingerprint (45.869971ms)
✔ a fingerprint the tracker already holds gets no create and is reported by NUMBER (44.917863ms)
✔ a CLOSED issue suppresses exactly as an open one does (D-05) (49.175643ms)
✔ a lookup that FILLED ITS PAGE refuses the fire before any create (38.797512ms)
✔ a lookup child that could NOT RUN does not refuse - the creates still run (41.560022ms)
✔ a fire of DECLINES alone spawns no child at all - no list and no create (36.498824ms)
✔ the forgejo arm's ISSUE list call carries --login, like its create (42.328482ms)
✔ the forgejo arm carries --login on both calls, resolved off the persisted host (45.875762ms)
✔ no login naming the persisted host refuses BEFORE any create (40.329944ms)
✔ an unconfigured forge refuses by naming the unset keys, spawning nothing (34.100898ms)
✔ a configured forge whose CLI does not resolve refuses without spawning (34.728541ms)
✔ warnings from the config merge ride every envelope (33.093443ms)
✔ an absent payload file refuses before the forge is touched (33.608192ms)
✔ a payload that is not JSON refuses naming the file (38.856094ms)
✔ BOTH payload arms redact a credential out of the path they name (75.006145ms)
✔ a payload buildEntries refuses names the entry, and no forge call is made (35.35988ms)
✔ a dispositions payload with an unknown disposition refuses before any create (36.62793ms)
✔ a dispositions entry whose finding has no claim refuses: it is half the fingerprint (39.526377ms)
✔ a bare --payload refuses at the declared door, naming the flag (33.969789ms)
✔ an unknown subcommand reports usage naming both faces (38.680891ms)
✔ a CLI that prints a URL on create leaks none of it onto the envelope (43.980451ms)
✔ three accepts and two declines leave exactly THREE bullets in FILED.md (54.702204ms)
✔ a fire of declines ALONE writes no FILED.md, and two DECLINED.md rows (37.116939ms)
✔ the bullet is a POINTER: the title and no finding body (40.891822ms)
✔ a second fire appends rather than replacing the first run's rows (94.651956ms)
✔ a create that fails part way mirrors what landed AND marks the ambiguous one (47.910959ms)
✔ a create failure whose mirror ALSO failed says so, and the hint stops the retry losing it (2058.016261ms)
✔ the create-failed hint is honest that the failed create may have LANDED (98.066423ms)
✔ a fingerprint FILED.md already carries gets no SECOND row, even when it is re-filed (41.693494ms)
✔ an UNCONFIRMED write over a CONFIRMED row rewrites that row rather than adding one (44.730756ms)
✔ a payload carrying the same fingerprint TWICE spawns one create (40.886872ms)
✔ an accept followed by a DECLINE of the same finding creates once and declines nothing (42.581001ms)
✔ a lookup that could not run falls through to FILED.md, per fingerprint (42.879498ms)
✔ a lookup that could not run with NO ledger creates every accept (46.897633ms)
✔ on a forge whose lookup is UNMEASURED, a complete miss cannot overrule a confirmed row (44.366364ms)
✔ an unmeasured forge still honours a lookup HIT, which is the arm that was measured true (44.197353ms)
✔ AC4 end to end: an ambiguous create is not re-filed on the next fire (91.622558ms)
✔ an unreadable FILED.md refuses BEFORE any create, like the decline record (45.873127ms)
✔ a DECLINED.md row never stops `file` creating what the user just accepted (47.02778ms)
✔ `unfixed` writes nothing at all - the ask is not a filing (40.518562ms)
✔ an unreadable EXISTING DECLINED.md is never replaced by this batch alone (39.163978ms)
✔ a row the grammar rejects refuses rather than reporting the batch recorded (39.204985ms)
✔ a DANGLING SYMLINK at DECLINED.md refuses; it is an entry, not an absence (34.104625ms)
✔ a conflicted DECLINED.md refuses rather than reading past the damage (41.392913ms)
✔ a create failure AFTER a decline still lands that decline row (45.713794ms)
✔ cleanup on a repo with the branch merged into base: reap true, return to base (60.613227ms)
✔ cleanup --merged true forced but branch not in merged list (deleted at merge): reap false, branch null (38.942969ms)
✔ cleanup --merged false: cleanup but reap false (never reap an unmerged branch) (37.53314ms)
✔ a STRING protected_branches resolves base to that branch (#38, COR-01, D-07) (79.454739ms)
✔ a protected_branches naming NO branch resolves base to main (GRD-01, D-02) (39.436316ms)
✔ cleanup with git.on_land_cleanup=false: skip, all flags false (78.598992ms)
✔ gate with a blocker on stdin + git.auto_close=true: halt (57.665024ms)
✔ gate with only a medium finding: proceed (39.254561ms)
✔ gate with git.auto_close=false + a blocker: proceed (chain not running) (36.07029ms)
✔ gate: auto_close ONLY in the global layer (repo omits) -> halt (33.733991ms)
✔ gate: the repo layer wins the merge over a global auto_close:false -> halt (29.313091ms)
✔ gate: global auto_close:true beaten by repo false -> proceed (repo wins) (31.54437ms)
✔ gate under auto_close: stdin-empty halts with a reason naming it, never "no surviving finding" (35.464779ms)
✔ gate with auto_close absent: stdin-empty still proceeds (no unattended chain) (34.058227ms)
✔ gate under auto_close: malformed-json halts with a reason naming it, never "no surviving finding" (32.403473ms)
✔ gate with auto_close absent: malformed-json still proceeds (no unattended chain) (36.333561ms)
✔ gate under auto_close: not-a-findings-payload halts with a reason naming it, never "no surviving finding" (29.927849ms)
✔ gate with auto_close absent: not-a-findings-payload still proceeds (no unattended chain) (33.027639ms)
✔ gate under auto_close: an EXPLICIT {"findings":[]} is the one spelling that proceeds (31.834742ms)
✔ gate: a bare JSON array on stdin still reads as the findings list (66.742984ms)
✔ gate: a usable fix_commit on the same entry flips halt to proceed (LND-02) (61.892968ms)
✔ gate: a refuted or downgraded ruling stops no close, at any severity (64.958213ms)
✔ gate: `unruled` is read off the same stdin object, and a malformed one fails CLOSED (193.706598ms)
✔ gate: no stdin piped at all halts under auto_close, whatever the platform calls it (30.151574ms)
✔ gate: a genuinely unreadable stdin is the fourth halting state, named (35.067955ms)
✔ v3.7.7 (a): the ruled record PROCEEDS - the regression LND-02 closes (33.974026ms)
✔ v3.7.7 (b): delete that ONE key and the same set halts, on that entry alone (35.060601ms)
✔ v3.7.7 (c): the same review with nothing ruling it halts as unruled-review (70.589614ms)
✔ v3.7.7 (d): the same high, overridden - named on `overridden`, `action` unmoved (61.445117ms)
✔ warnings[] rides BOTH land-cleanup envelopes, empty and torn (136.459137ms)
✔ unknown subcommand: usage, ok false (31.71282ms)
✔ cleanup: an EMPTY --dir refuses by name, exit 1 - no stdin (33.683195ms)
✔ cleanup: a VALUELESS --dir refuses by name, exit 1 - no stdin (33.524653ms)
✔ gate: an EMPTY --dir refuses by name, exit 1 - a blocking findings payload on stdin (34.445923ms)
✔ gate: a VALUELESS --dir refuses by name, exit 1 - a blocking findings payload on stdin (34.624162ms)
✔ gate: an EMPTY --dir refuses by name, exit 1 - unparseable stdin (34.201188ms)
✔ gate: a VALUELESS --dir refuses by name, exit 1 - unparseable stdin (30.709884ms)
✔ covers: the declaration/path table (0.587316ms)
✔ intersects: symmetric on every row of the table (0.144294ms)
✔ a non-path string answers, it never throws (0.097465ms)
✔ isRefusedSpelling: exactly three forms, and nothing else (0.817634ms)
✔ completedPhases reads only the checked boxes (1.685894ms)
✔ pruneRoadmap removes checked lines and their detail sections, nothing else (1.05224ms)
✔ a decimal phase is matched exactly - 2.1 never consumes 21 or 291 (0.212063ms)
✔ a phase with no detail section is reported, not invented (0.109488ms)
✔ archiveRequirements moves shipped rows to a created ## Shipped and cleans both sources (0.746519ms)
✔ an existing ## Shipped table is appended to, never duplicated (0.314207ms)
✔ no shipped rows means no text change at all (0.113807ms)
✔ archiveRequirements never ships a Deferred row, whatever phase it names (0.220489ms)
✔ the Active-bullet scan is bounded to ## Active, not the whole file (## Deferred) (0.17875ms)
✔ the Active-bullet scan is bounded to ## Active, not the whole file (## v2 Requirements) (0.209168ms)
✔ no ## Active heading: no bullet removed, no summary captured, the row still ships (0.125488ms)
✔ a wrapped bullet is removed whole - no orphaned continuation line survives (0.304539ms)
✔ a wrapped-bullet prune leaves the section's trailing paragraph and the unshipped bullet (0.222643ms)
✔ the archived parenthetical is the whole span joined, first letter as authored (0.240086ms)
✔ a `|` inside a bullet is escaped before it reaches the Shipped cell (0.676876ms)
✔ a `## Active` heading inside a code fence is not the section (0.177497ms)
✔ a fenced `## Shipped` is not the section - the row lands under the real one (0.172257ms)
✔ a document whose only `## Shipped` is fenced gets a REAL section created (0.12627ms)
✔ a fenced `## ` inside ## Shipped does not cut the append scan short (0.103596ms)
✔ corpus: pruning this repository's own REQUIREMENTS.md needs no hand repair (2.686264ms)
✔ seam: archive mode prunes docs and moves completed dirs, leaves the open phase (58.468612ms)
✔ seam: delete mode removes the dirs and a second run is a clean skip (104.778448ms)
✔ seam: a missing phase dir is reported in dirs.missing, never a failure (68.354676ms)
✔ seam: missing REQUIREMENTS.md degrades to a warning, roadmap half still lands (130.722697ms)
✔ seam: a REQUIREMENTS.md whose sections are only fenced comes back byte-identical (60.474182ms)
✔ seam: with real sections below the fence, the row lands under the REAL ## Shipped (54.21553ms)
✔ seam: a phase whose directory move fails is refused, and keeps its docs (58.234236ms)
✔ seam: when every phase fails, neither document is written at all (56.340097ms)
✔ seam: an _archive-<label> that is a symlink is refused before anything moves (50.792465ms)
✔ seam: a regular file squatting _archive-<label> is refused the same way (49.20013ms)
✔ seam: delete mode builds no archive root, so the type check does not apply (55.919557ms)
✔ seam: bad args are refused - label required, mode must be delete|archive (149.013133ms)
✔ seam: a label from a file archives exactly where the inline label does (99.470382ms)
✔ seam: both label terms still run on a label that arrived in a FILE (101.755804ms)
✔ seam: every --label-file refusal is bad-args and leaves the tree untouched (247.884275ms)
✔ seam: a delete-mode close writes its residue before the directories go (54.314718ms)
✔ seam: the archive arm writes the same rows the delete arm does (52.737049ms)
✔ seam: a second identical run adds no row and leaves ARCHIVE.md byte-identical (108.85252ms)
✔ seam: an interrupted close keeps its rows, and the re-run neither duplicates nor drops them (108.153762ms)
✔ seam: phases holding no readable artifact write no ARCHIVE.md at all (64.543625ms)
✔ falsifier: a close in `delete` mode leaves its phase recallable (RCL-07) (210.840275ms)
✔ falsifier: a close in `archive` mode leaves its phase recallable (RCL-07) (205.225235ms)
✔ seam: a foreign heading that prefixes this label does not suppress the write (54.059092ms)
✔ seam: a partial section re-runs the artifacts it is missing, not the phase whole (55.50583ms)
✔ seam: a held ARCHIVE.md lock refuses the close before any directory moves (2054.18137ms)
✔ a bullet carrying its tracker suffix is removed WHOLE, and keeps the ref (0.364453ms)
✔ onPath: a name made reachable by a stub directory prepended to PATH (5.033014ms)
✔ onPath: a name nothing on PATH provides is false, never a throw (0.398658ms)
✔ onPath: an EMPTY PATH entry is skipped, not read as the cwd (0.192576ms)
✔ onPath: a PATH entry that does not exist is skipped, not a throw (0.171907ms)
✔ onPath: a same-named file with no execute bit does not resolve (0.307665ms)
✔ onPath: an unset PATH answers false rather than throwing (0.087336ms)
✔ executableIn: answers about ONE named directory, ignoring PATH (0.187115ms)
✔ executableIn: a non-string or empty side is false, never a throw (0.16307ms)
✔ cursorPhase returns the cursor phase (1.153843ms)
✔ cursorPhase returns a decimal phase as a Number (0.253481ms)
✔ a missing STATE.md is null, silently - the ordinary pre-project state (0.152029ms)
✔ a garbled STATE.md is null, never a throw (0.247791ms)
✔ two conforming plans both parse: the union, found 2, clean 2 (1.490913ms)
✔ a plan out of grammar contributes NO path, warns, and leaves clean below found (0.545036ms)
✔ an unreadable plan does the same: no path, one warning, clean below found (1.190482ms)
✔ an absent phase directory is zero found and NO warning - the pre-plan state (0.223444ms)
✔ a phase directory holding no PLAN file is zero found, no warning, no throw (0.284009ms)
✔ a plan whose `files:` list is empty counts found and clean, and is named undeclared (0.358351ms)
✔ a plan with no `files:` key at all takes the same arm as an empty list (0.381956ms)
✔ a plan declaring one path is NOT undeclared, even when a sibling declared it first (0.382998ms)
✔ the named-plan face reports undeclared for the plan its key names (0.413677ms)
✔ a plan that could not be read is NOT undeclared - it is unclean (0.701894ms)
✔ a `- **Files:**` task line contributes nothing to either face (D-05) (0.291554ms)
✔ the named-plan face reads ONLY the file its key names (0.464673ms)
✔ key `1` reads PLAN.md when PLAN-1.md is absent, and PLAN-1.md when it is not (0.403677ms)
✔ a key naming no plan file is found 0 with a warning - a wrong dispatch, not a pre-plan state (0.258922ms)
✔ the named face carries the same two failure arms as the union (0.192636ms)
✔ the by-path reader answers exactly what the phase-keyed face does (0.363271ms)
✔ the by-path reader carries the out-of-grammar and unreadable arms too (0.423525ms)
✔ an unreadable directory is silent for the union face and warns for a named plan (0.187546ms)
✔ the locator finds live and archived phase directories, in a stable order (0.712393ms)
✔ an unreadable archive directory is skipped, never a throw (0.351287ms)
✔ an absent planning root is an empty list - the ordinary pre-project state (0.223195ms)
✔ the locator does not leave the planning root through a symlink (0.914958ms)
✔ a symlink that stays INSIDE the planning root is still a phase (0.379682ms)
✔ adjudication: --phase 1.10 refuses against a tree holding phases/1.1/ (52.859442ms)
✔ adjudication: --phase 1.10 gets past the phase check when only phases/1.10/ exists (56.380844ms)
✔ adjudication: the token rails still fire after a clean spelling (55.214829ms)
✔ deferred record: --phase 1.10 refuses against a tree holding phases/1.1/ (110.490172ms)
✔ deferred record: --phase 1.10 gets past the phase check when only phases/1.10/ exists (61.997056ms)
✔ deferred record: the token rails still fire after a clean spelling (50.895671ms)
✔ the collision refusal is TREE-aware, not the unconditional one: 08 with no phases/8/ (54.397786ms)
✔ a canonical spelling is never refused, whatever else is on the tree (52.591033ms)
✔ criteria-size: --phase 1.10 acts on phases/1.10/ when no phases/1.1 exists (48.193527ms)
✔ criteria-size: --phase 1.10 refuses against a tree holding phases/1.1/ (55.32598ms)
✔ criteria-size: --phase 08 refuses against a tree holding phases/8/ (52.153702ms)
✔ plan-size: --phase 1.10 acts on phases/1.10/ when no phases/1.1 exists (56.483179ms)
✔ plan-size: --phase 1.10 refuses against a tree holding phases/1.1/ (53.978549ms)
✔ plan-size: --phase 08 refuses against a tree holding phases/8/ (48.711441ms)
✔ plan-overlap: --phase 1.10 acts on phases/1.10/ when no phases/1.1 exists (48.859372ms)
✔ plan-overlap: --phase 1.10 refuses against a tree holding phases/1.1/ (48.457428ms)
✔ plan-overlap: --phase 08 refuses against a tree holding phases/8/ (51.010128ms)
✔ cite-count: --phase 1.10 acts on phases/1.10/ when no phases/1.1 exists (48.835456ms)
✔ cite-count: --phase 1.10 refuses against a tree holding phases/1.1/ (49.935987ms)
✔ cite-count: --phase 08 refuses against a tree holding phases/8/ (53.86826ms)
✔ uat: --phase 1.10 acts on phases/1.10/ when no phases/1.1 exists (49.072998ms)
✔ uat: --phase 1.10 refuses against a tree holding phases/1.1/ (50.245185ms)
✔ uat: --phase 08 refuses against a tree holding phases/8/ (51.173018ms)
✔ lease-check: --phase 1.10 acts on phases/1.10/ when no phases/1.1 exists (65.554766ms)
✔ lease-check: --phase 1.10 refuses against a tree holding phases/1.1/ (59.690032ms)
✔ lease-check: --phase 08 refuses against a tree holding phases/8/ (56.482577ms)
✔ deferred carry: --phase 1.10 carries out of phases/1.10/ when no phases/1.1 exists (50.639995ms)
✔ deferred carry: --phase 1.10 refuses against a tree holding phases/1.1/, moving nothing (49.697354ms)
✔ deferred carry: --phase 08 refuses against a tree holding phases/8/ (55.987506ms)
✔ deferred list: --phase 1.10 lists phases/1.10/ when no phases/1.1 exists (53.734695ms)
✔ deferred list: --phase 1.10 refuses against a tree holding phases/1.1/ (53.918164ms)
✔ deferred list: --phase 08 refuses against a tree holding phases/8/ (49.478027ms)
✔ trace append: --phase 1.10 appends when no phases/1.1 exists (52.791063ms)
✔ trace append: --phase 1.10 refuses against a tree holding phases/1.1/, appending nothing (55.00516ms)
✔ trace close: the same body, so it refuses on the same tree (52.072427ms)
✔ capture: --phase 1.10 still writes the tag (phase 1.10) on a tree holding phases/1.1/ (45.533101ms)
✔ trace render: --phase 1.10 still renders on a tree holding phases/1.1/ (105.208274ms)
✔ census: every phase-argument callsite under planning/ carries a disposition (3.05234ms)
✔ census: every path-resolving callsite actually calls its check (2.837221ms)
✔ requirePlanKey: the stated table (3.971036ms)
✔ an accepted key comes back VERBATIM, never normalized (0.130808ms)
✔ a refusal carries no value at all (0.655335ms)
✔ risk-check run: a fix-pass key is RECORDED, where it answered bad-args (81.637416ms)
✔ risk-check status: a 1-fix bracket is satisfiable - record, then fire receipt (350.556502ms)
✔ risk-check status: a bracketed key the grammar REFUSES is malformed, not missing (59.677398ms)
✔ risk-check status: a bracket with NO plan at all is still required (60.940919ms)
✔ every spelling in the table is accepted by BOTH faces or refused by BOTH (1324.849927ms)
✔ adjudication: the record lands beside the sibling REVIEW discriminator (AC1) (194.521687ms)
✔ adjudication: every entry carries full 40-char ids from a 7-char base and a literal HEAD (AC2) (111.025449ms)
✔ adjudication: a payload whose ruling paraphrases the claim is refused, no file written (AC2) (104.29503ms)
✔ adjudication: a --discriminator spelled "../escaped" is refused with NO file created (105.575102ms)
✔ adjudication: a --discriminator spelled "sub/plan-1" is refused with NO file created (101.356486ms)
✔ adjudication: a --discriminator spelled "plan-1.json" is refused with NO file created (96.831518ms)
✔ adjudication: a --discriminator spelled "." is refused with NO file created (103.536037ms)
✔ adjudication: a --discriminator spelled "-plan-1" is refused with NO file created (102.928042ms)
✔ adjudication: a --trigger carrying a path separator is refused the same way (101.305439ms)
✔ adjudication: an unresolvable --head is refused with no file created (110.429216ms)
✔ adjudication: a re-arm passes --round 2 and round one survives byte for byte (180.537815ms)
✔ adjudication: a second fire that forgot --round is REFUSED, not merged and not overwritten (171.098758ms)
✔ adjudication: a phase directory that does not exist is refused rather than minted (118.73574ms)
✔ adjudication: --task lands the record in the task's own home (GH-227) (113.197455ms)
✔ adjudication: a task fire's record NAMES its slug in the body (D-07) (109.260685ms)
✔ adjudication: a phase fire's record carries NO task key - absent, never empty (D-07) (114.978891ms)
✔ adjudication: --task naming no directory is refused by that name, not as a phase (105.856606ms)
✔ adjudication: --task never falls back to a phase home that does exist (101.525726ms)
✔ adjudication: a --task that could reach outside its own home is refused (280.556748ms)
✔ adjudication: --phase 0 without --task is refused, even where phases/0 exists (96.861484ms)
✔ adjudication: --task beside a REAL phase is refused, the converse of the guard above (D-08) (95.452917ms)
✔ adjudication: both legitimate directions still pass on that same tree (D-08) (182.432354ms)
✔ adjudication: a SYMLINKED tasks/ is refused, not followed out of the tree (117.33653ms)
✔ adjudication: a SYMLINKED phases/ is refused the same way (115.007034ms)
✔ adjudication: without --task the two phase homes resolve exactly as before (109.352989ms)
✔ adjudication: an absent --payload is bad-args, never a read of stdin (102.027009ms)
✔ adjudication: a payload file that was never written is no-payload, not a record (109.717142ms)
✔ adjudication: --round 0 and a non-numeric round are refused (149.655872ms)
✔ adjudication: a citation absent at head is MARKED and still stored, the present one is not (AC5) (108.277135ms)
✔ adjudication: a citation pointing outside the repository is marked, never a crash (AC5) (107.830777ms)
✔ risk-check status: a `deferral` receipt settles the range it names (284.847859ms)
✔ risk-check status: the acceptance is FIRE_RECEIPTS membership, not any outcome event (253.196806ms)
✔ GH-159: a blocking fire whose highest finding is a survived MEDIUM settles end to end (382.825903ms)
✔ RSK-08: both refusals land where they are stated, over a mixed-ruling fixture end to end (429.21978ms)
✔ RSK-08: a REASONLESS receipt over a record holding a cleared halt is refused (303.254394ms)
✔ LND-02: a cleared halt that ALSO names a fix commit takes a reasonless receipt (323.35621ms)
✔ RSK-08: a FIGURELESS receipt cannot settle the range at all (422.728492ms)
✔ RSK-08: the guard cannot be discharged by dropping one settled figure (253.178379ms)
✔ RSK-08: an UNREADABLE record over a partial settle line is refused, never passed (277.088672ms)
✔ RSK-08: a record holding NO cleared halt takes a reasonless receipt unchanged (340.010793ms)
✔ an OVERRIDDEN blocking fire settles end to end, with the record present rather than absent (333.87273ms)
✔ D-04: a WRONG count on a task settlement is refused, exactly as under a phase (173.66488ms)
✔ D-04: the figures the seam returned settle the same task fire (150.949117ms)
✔ D-04: the recount does NOT widen to deferred/<N>/, which keeps its stated posture (147.441892ms)
✔ D-01: a receipt naming the earlier window settles the fire that ran in it (375.337888ms)
✔ D-01: the IDENTICAL receipt without --anchor leaves that range unfired (352.749717ms)
✔ D-03: one authorization id does NOT let a receipt settle a second range (476.730087ms)
✔ audit: traces every break kind, orphans, and deferred (55.258101ms)
✔ audit: a colon-aligned separator row is not a requirement (#41.1) (105.486443ms)
✔ audit: rows under a ## section AFTER Traceability are not requirements (#41.2) (102.181643ms)
✔ audit: a block-YAML requirements list reads as ids, not zero (#48.1) (50.977436ms)
✔ audit: the inline requirements form with a bracketed trailing comment still reads exactly two ids (50.853771ms)
✔ audit: a comment-only requirements: value falls through to a block list surviving a heading comment, a splitting comment, and a blank line (49.804939ms)
✔ audit: a no-space `#TODO` comment on the key line still falls through to the block list (54.095251ms)
✔ audit: a quoted scalar requirements: value reads as the single id (48.371735ms)
✔ audit: an unpicked ## Active id BREAKS at zero rows - the additive shape is reversed (54.354564ms)
✔ audit: unseeded reports no_active_section: true when the ## Active heading itself is absent (55.65249ms)
✔ audit: a tree with rows and no ## Active heading gains no unpicked break (58.075755ms)
✔ audit: the partially-planned state - a row for AUD-01, none for AUD-02, so AUD-02 breaks and the verdict FAILs (52.246939ms)
✔ audit: a ## Deferred id is excluded by SECTION PLACEMENT, and a Deferred-status row is never unpicked (52.49462ms)
✔ audit: an ## Active id that is not id-shaped can never reach the arithmetic, at zero rows either (54.240897ms)
✔ audit: a digit-leading category with a letter in it reaches the arithmetic (PRS-02) (52.623213ms)
✔ audit: a category with NO letter at all is still a phantom, reported and never counted (52.755716ms)
✔ audit: a v1.3.1-shaped ## Active table is reported in active_issues - and its ids stay invisible to the break (56.09987ms)
✔ audit: a prose bold bullet in ## Active is REPORTED, never a break - the phantom-id upgrade pin (55.194279ms)
✔ audit: a colon INSIDE the bold span reports, and is never normalized into the id it resembles (52.946899ms)
✔ audit: a doc version a tag already carries, with the cycle still open, emits version_drift (62.603418ms)
✔ audit: the SAME tagged version with every phase complete is the interrupted close, not drift (58.220258ms)
✔ audit: a phase whose checklist holds only a blocked item does not hold the cycle open (65.732393ms)
✔ audit: one still-answerable item beside a blocked one keeps the cycle open (58.580734ms)
✔ audit: a doc version that merely SORTS BELOW the newest tag is not drift - membership, not order (60.717333ms)
✔ audit: no git repo at all leaves the envelope unchanged - no tags is no evidence, never a failure (53.525719ms)
✔ audit: with no ### Active version, the ROADMAP title supplies the comparand (57.812124ms)
✔ audit: the v2.4.0 state of this repo (issue #87) fires - the regression pin FRI-03 exists for (57.579241ms)
✔ audit: a phase rolled forward - every row Deferred - does not hold the cycle open (53.518124ms)
✔ audit: the same phase with its rows still Pending keeps the gate armed (59.128334ms)
✔ audit: an enclosing repository's tags are not this project's (TAG-01) (57.22108ms)
✔ audit: a LINKED WORKTREE still reads its own repository's tags (TAG-01) (64.181486ms)
✔ seed-reqs: a v1.3.1-shaped ## Active table leaves its envelope unchanged - the delegation did not leak into the writer (47.869902ms)
✔ audit + plan-overlap: a PLAN-gaps.md is reported as nonconforming_plans; PLAN-2.md is not, overlaps unchanged (97.332078ms)
✔ plan-overlap: a phase with no directory still returns no-phase-dir, exit 1 (regression pin across the listPlanFiles refactor) (47.632691ms)
✔ audit: a roadmap phase with no directory is still treated as unplanned, ok:true (regression pin across the listPlanFiles refactor) (49.444833ms)
✔ audit: missing REQUIREMENTS or ROADMAP degrades with named reasons (98.453439ms)
✔ capture-check: a freshly created queue is zero, unannotated and archive-free (58.76272ms)
✔ capture-check: the annotated bullets and the archived section are all named (52.771967ms)
✔ capture-check: an absent CAPTURE.md is an EMPTY queue, never a failure (52.739474ms)
✔ capture-check: a PRESENT but unreadable queue refuses, and says what it is not claiming (57.694971ms)
✔ capture-check: a VALUELESS --file is bad-args, never silently the --dir default (52.600931ms)
✔ capture-check: a queue over its bound is REPORTED, with both numbers, and refuses nothing (53.726099ms)
✔ capture-check: the same tree under a bound of 4 reports no crossing (53.599218ms)
✔ capture-check: a torn config layer rides the envelope rather than silently defaulting (52.076855ms)
✔ capture-sections: every section is named with its count and its walk membership (52.81592ms)
✔ capture-sections: a bullet appended to an out-of-walk section raises THAT count and no other (AC4) (96.36463ms)
✔ capture-sections: an absent CAPTURE.md is ok:true with no sections, never a failure (53.338883ms)
✔ capture-sections: a VALUELESS --file is bad-args, never silently the --dir default (52.364281ms)
✔ cite-count: the envelope names both sides per item, with the unjoinable arms marked (50.744273ms)
✔ cite-count: the queried phase's own rows are dropped and archived same-numbered ones are kept (50.333272ms)
✔ cite-count: two runs over an unchanged plan and payload are byte-identical (108.686914ms)
✔ cite-count: the run records no lifecycle/dispatch - it is a reader, not a subagent (48.73244ms)
✔ cite-count: memory.backend none is a third state, and needs no payload (152.486782ms)
✔ cite-count: the count records itself, under the phase's own correlation id (50.642199ms)
✔ cite-count: a record that refuses the write moves no figure (93.879758ms)
✔ cite-count: three runs are told apart by their records alone (147.517289ms)
✔ criteria-coverage: phase 6 shipped fieldless beside declared ids - ONE break, no exemption (61.387287ms)
✔ criteria-coverage: the synthesized fixture breaks on exactly the two dropped ids (48.088808ms)
✔ criteria-coverage: the same fixture with all 14 items returns zero breaks (52.596002ms)
✔ criteria-coverage: an item with neither criterion nor origin is untraced, never a break (51.508987ms)
✔ criteria-coverage: origin verifier and smoke exempt an item from untraced entirely (55.351378ms)
✔ criteria-coverage: origin criterion with no id is STILL untraced - it names nothing (50.910128ms)
✔ criteria-coverage: a fieldless checklist beside declared ids breaks, it does not exempt (47.094969ms)
✔ criteria-coverage: an UNCHECKED box does not suppress the fieldless-checklist break (44.001281ms)
✔ criteria-coverage: fields_version present and NO criterion, NO origin is NOT legacy (50.562097ms)
✔ criteria-coverage: the phase-3 shape (marker, 7 criterion, 0 origin) is not legacy and does not break (48.724014ms)
✔ criteria-coverage: a marked checklist whose links are intact is unaffected by the marker (52.144324ms)
✔ criteria-coverage: legacy still applies when the CONTEXT declares no AC ids (50.568539ms)
✔ criteria-coverage: legacy applies with no acceptance-criteria heading at all (47.598536ms)
✔ criteria-coverage: a near-miss criteria heading takes the break arm, not the exemption (48.640676ms)
✔ criteria-coverage: a missing colon is a DECLARED id - the fieldless checklist beside it breaks, it does not exempt (45.849151ms)
✔ criteria-coverage: emphasis around the id is a DECLARED id - the fieldless checklist beside it breaks, it does not exempt (51.60548ms)
✔ criteria-coverage: an indented criterion bullet is a DECLARED id - the fieldless checklist beside it breaks, it does not exempt (53.300019ms)
✔ criteria-coverage: an unboxed bullet is a DECLARED id - the fieldless checklist beside it breaks, it does not exempt (48.955173ms)
✔ criteria-coverage: a non-dash marker is a DECLARED id - the fieldless checklist beside it breaks, it does not exempt (46.486072ms)
✔ criteria-coverage: a criterion written as a heading is a DECLARED id - the fieldless checklist beside it breaks, it does not exempt (50.864602ms)
✔ criteria-coverage: an ordered list item is a DECLARED id - the fieldless checklist beside it breaks, it does not exempt (55.803486ms)
✔ criteria-coverage: a bullet whose PROSE names an id declares nothing - still legacy (50.129004ms)
✔ criteria-coverage: no criterion but at least one origin is NOT legacy - every criterion breaks (52.798737ms)
✔ criteria-coverage: an EMPTY checklist is not legacy - the drop itself, every criterion breaks (45.000558ms)
✔ criteria-coverage: an unchecked roadmap box counts uncovered but contributes no break (55.088247ms)
✔ criteria-coverage: an absent CONTEXT.md leaves the phase out of the envelope, ok:true (45.499467ms)
✔ criteria-coverage: a CHECKED phase with criteria and no UAT.md breaks as missing-uat (48.567837ms)
✔ criteria-coverage: an UNCHECKED phase with no UAT.md counts uncovered but never breaks (46.091151ms)
✔ criteria-coverage: a phase with no CONTEXT and no UAT is still exempt - the pruned case (48.965092ms)
✔ criteria-coverage: a CONTEXT.md at chmod 000 breaks instead of being exempted (47.522642ms)
✔ criteria-coverage: a CONTEXT.md that is a DIRECTORY takes the same break (53.484079ms)
✔ criteria-coverage: an UNCHECKED phase with an unreadable CONTEXT still breaks (50.98508ms)
✔ criteria-coverage: a near-miss criteria heading is reported, not silent (48.098215ms)
✔ criteria-coverage: a CONTEXT of bare bullets surfaces criterion-unidded, additively (49.679901ms)
✔ criteria-coverage: a criterion value naming no declared id reports unknown_criterion (51.059612ms)
✔ criteria-coverage: the counts identity holds across a mixed tree (52.249193ms)
✔ criteria-coverage: every run states the plugin version and the UAT fields version (50.27405ms)
✔ criteria-coverage: CADENCE_PLUGIN_MANIFEST pins the version the run reports (46.705258ms)
✔ criteria-coverage: an unreadable manifest reports version.plugin null, never a throw (49.482435ms)
✔ criteria-coverage: CADENCE_PLUGIN_MANIFEST without the sentinel is ignored (104.301149ms)
✔ criteria-coverage: an absent ROADMAP.md degrades with no-roadmap (48.205478ms)
✔ criteria-size: under the floor and over the ceiling are both named, heading `**Success Criteria:**` (59.264553ms)
✔ criteria-size: under the floor and over the ceiling are both named, heading `Success criteria:` (48.519896ms)
✔ criteria-size: an absent CONTEXT.md is not-found, never compared, and never a pass (50.859533ms)
✔ criteria-size: a CONTEXT that declared its criteria IS compared, both bounds (47.870201ms)
✔ criteria-size: no ceiling flags compares nothing and reports within: null (55.330508ms)
✔ criteria-size: a phase with no criteria heading is not-found, and a floor never fires on it (49.38461ms)
✔ criteria-size: a non-integer bound is bad-args, never a coerced comparison (91.875069ms)
✔ plan-overlap: block-form files: lists intersect like inline ones (#48.1) (46.547469ms)
✔ plan-overlap: a comment line inside each files: block list does not truncate it - both share src/shared.rs (D-04 acceptance criterion) (47.33762ms)
✔ audit + plan-overlap: a stray line BETWEEN two block ids is reported and skipped, not a terminator (143.771601ms)
✔ audit + plan-overlap: the frontmatter_issues diagnostic is not key-scoped (144.083464ms)
✔ cursor get: parses the canonical schema; missing file is no-cursor (103.50105ms)
✔ cursor get: malformed STATE.md degrades to unparseable-cursor (53.936148ms)
✔ cursor set: falls back to the existing cursor when ROADMAP is absent (47.77489ms)
✔ cursor set: a --phase spelling that cannot round-trip is refused, STATE.md untouched (D-07) (232.851809ms)
✔ cursor set: derives name/total from ROADMAP, stamps today, writes 4 lines (48.457137ms)
✔ cursor set: derives `of 0 (no active cycle)` from a pruned roadmap, with no --name/--total (50.041688ms)
✔ cursor set: the closed cursor it writes round-trips through cursor get, never unparseable-cursor (92.580028ms)
✔ cursor set: the closed arm beats the prior cursor, so a stale total is not inherited (50.828282ms)
✔ cursor set: --status paused preserves a non-zero prior total, so a pause cannot erase the interrupted-close evidence (99.060352ms)
✔ cursor set: paused preserves nothing when the prior cursor names a different phase (48.100319ms)
✔ cursor set: every non-paused status still derives of 0 against a stale prior cursor (188.638937ms)
✔ cursor set: an out-of-grammar roadmap is broken, not closed - still cannot-derive (48.098235ms)
✔ cursor set: rejects a status outside the lifecycle (49.830917ms)
✔ cursor set: a non-integer --total is bad-args and writes nothing (#42) (96.754189ms)
✔ cursor set: --total -2 is bad-args and leaves a readable cursor (139.054948ms)
✔ cursor set: --total 1e21 is bad-args and leaves a readable cursor (147.703081ms)
✔ cursor set: --total 1.5 is bad-args and leaves a readable cursor (144.01873ms)
✔ cursor set: --phase -1 is bad-args and leaves a readable cursor (143.641574ms)
✔ cursor set: --phase 1e21 is bad-args and leaves a readable cursor (147.904955ms)
✔ cursor set: a decimal phase insertion (2.1) is still accepted (106.405639ms)
✔ cursor set: no ROADMAP and no flags cannot derive (53.213384ms)
✔ cursor set: --next-file writes the STATE.md the inline value writes (162.638029ms)
✔ cursor set: a --next-file value no shell could expand lands verbatim (107.852688ms)
✔ cursor set: a TWO-LINE --next-file is bad-args - the cursor is four lines (155.435894ms)
✔ cursor set: every --next-file refusal is bad-args, STATE.md byte-unchanged (308.708549ms)
✔ usage: unknown subcommand degrades, never crashes (46.919405ms)
✔ debt-harvest: a planted marker is collected with its ceiling and trigger (61.364593ms)
✔ debt-harvest: the 19 conventional markers contribute NOTHING (AC5) (64.327974ms)
✔ debt-harvest: an untracked file and an ignored node_modules contribute nothing (AC5) (61.405982ms)
✔ debt-harvest: a FORCE-ADDED node_modules file is enumerated and still skipped (55.05276ms)
✔ debt-harvest: running twice leaves CAPTURE.md byte-identical (AC6) (103.586102ms)
✔ debt-harvest: ## Todos is never touched, and a deleted marker disappears (AC6) (111.069963ms)
✔ debt-harvest: a fenced ## line in someone else's bullet is never touched (D-12) (57.308627ms)
✔ debt-harvest: the section bound reads a fence, so stale debris cannot survive (D-12) (58.119427ms)
✔ debt-harvest: a FENCED example of the owned heading is not mistaken for it (56.440637ms)
✔ debt-harvest: a TRACKED CAPTURE.md already holding a section stays idempotent (118.275514ms)
✔ debt-harvest: a malformed marker is reported, never dropped (61.325519ms)
✔ debt-harvest: a tracked SYMLINK out of the tree contributes nothing (57.658761ms)
✖ debt-harvest: a non-git root is ok:false, never a zero-marker answer (46.060704ms)
✔ debt-harvest: a --root present with nothing usable is refused, never the cwd (93.974568ms)
✔ debt-harvest: an absent CAPTURE.md is created with the /cad-capture headings (58.66843ms)
✔ debt-harvest: a planning doc QUOTING a literal marker is not harvested (62.267439ms)
✔ deferred record: the member lands beside the sibling REVIEW discriminator (96.872014ms)
✔ deferred record: a second call refuses instead of overwriting the queue member (203.750783ms)
✔ deferred record: --trigger and --discriminator are refused by the FILENAME rule (244.215463ms)
✔ deferred record: a malformed finding is refused in buildEntries own words (158.199166ms)
✔ deferred record: an absent phase directory is refused, never minted (109.412142ms)
✔ deferred list: a member is queued until its ADJUDICATION sibling is beside it (264.353848ms)
✔ deferred list: a round 2 member is superseded by round 2 and by nothing else (271.030655ms)
✔ deferred list: both homes are read, and --phase narrows to one (207.843248ms)
✔ deferred list: an unreadable directory refuses instead of reporting an empty queue (95.894536ms)
✔ deferred list: a member that cannot be read lands on the same refusing list (109.931839ms)
✔ deferred list: an ADJUDICATION symlink does not settle a member (155.774818ms)
✔ status: the deferred block is on EVERY envelope, off the same derivation (230.840796ms)
✔ status: an unreadable queue rides the envelope without failing the status (58.601362ms)
✔ deferred carry: the unadjudicated members move, the settled ones are pruned with the phase (164.530596ms)
✔ deferred carry: a destination that already exists refuses, and moves NOTHING (229.672586ms)
✔ deferred carry: an unreadable phase refuses BEFORE the prune deletes it (111.17416ms)
✔ deferred carry: a symlink squatting the destination is refused, never followed (110.068349ms)
✔ deferred carry: a symlink squatting the PARENT is refused too (119.864583ms)
✔ deferred carry: a phase with nothing queued is an answer, not a refusal (108.514035ms)
✔ adjudication + deferred record: a carried fire resolves its home in deferred/<N>/ (332.959638ms)
✔ adjudication + deferred record: the live phase directory still wins (193.44668ms)
✔ adjudication + deferred record: with NEITHER home present the refusal names both (179.315799ms)
✔ adjudication + deferred record: a symlink at the carried home is refused, never followed (108.418112ms)
✔ detect-commands: a package.json lint script is the command (48.006931ms)
✔ detect-commands: both package.json typecheck spellings (103.10635ms)
✔ detect-commands: Cargo.toml answers both slots (47.465022ms)
✔ detect-commands: pyproject.toml answers per TABLE, not per file (139.070528ms)
✔ detect-commands: go.mod answers both slots (47.14293ms)
✔ detect-commands: an eslint config, flat or legacy, is the last lint arm (93.132127ms)
✔ detect-commands: the project's own script beats a tool config in the same tree (51.422281ms)
✔ detect-commands: two EXACT tsconfig names, each with the form that points at it (93.343429ms)
✔ detect-commands: a tree carrying BOTH tsconfigs answers with the project's own (49.615709ms)
✔ detect-commands: a NEAR-miss tsconfig name still matches nothing (44.400769ms)
✔ detect-commands: nothing detected is ok:true with both null (45.571875ms)
✔ detect-commands: a malformed package.json warns and contributes nothing (56.892125ms)
✔ detect-commands: a malformed package.json does not block a later arm (51.029726ms)
✔ detect-commands: a scripts block that is not an object is not read as one (46.873868ms)
✔ detect-commands: the root is read one directory deep, never recursively (46.272736ms)
✔ detect-commands: an unlistable root is ok:false, never a silent nothing (50.323554ms)
✔ detect-commands: an unreachable winning arm nulls its slot and never falls through (47.783968ms)
✔ detect-commands: an npx arm probes the DELEGATED tool, not the driver alone (93.608853ms)
✔ detect-commands: the LIVE probe resolves a delegated tool out of node_modules/.bin (48.069941ms)
✔ detect-commands: an EMPTY reachable set means nothing is reachable (50.327471ms)
✔ detect-commands: the reachable set WITHOUT the sentinel is ignored (47.866654ms)
✔ detect-commands: --root with nothing after it is bad-args, not answered about cwd (48.697784ms)
✔ detect-commands: an empty --root "" is bad-args, not answered about cwd (47.1801ms)
✔ detect-commands: a whitespace-only --root is bad-args, not answered about cwd (49.123643ms)
✔ detect-surfaces: --root with nothing after it is bad-args, not answered about cwd (51.00099ms)
✔ detect-surfaces: an empty --root "" is bad-args, not answered about cwd (48.970843ms)
✔ detect-surfaces: a whitespace-only --root is bad-args, not answered about cwd (53.978318ms)
✔ detect-commands: a real --root still answers about THAT tree (54.928824ms)
✔ detect-surfaces: a real --root still answers about THAT tree (55.073579ms)
✔ grammar: template requirements: [] with its trailing comment (3.300542ms)
✔ grammar: template files: [] with its trailing comment (0.165564ms)
✔ grammar: inline quoted (0.23172ms)
✔ grammar: inline unquoted (0.16273ms)
✔ grammar: inline with a bracketed trailing comment (0.112735ms)
✔ grammar: inline mixing a quoted #-shaped id with an unquoted one (0.097225ms)
✔ grammar: unterminated inline list (no closing bracket) (0.125248ms)
✔ grammar: trailing content after the closing bracket (0.090482ms)
✔ grammar: a two-space block list (0.167759ms)
✔ grammar: a block list with a comment heading it (0.17391ms)
✔ grammar: a comment splitting a block list (0.104779ms)
✔ grammar: a blank line inside a block list (0.066416ms)
✔ grammar: termination at the next key line (0.055075ms)
✔ grammar: termination at the closing fence (0.03169ms)
✔ grammar: a block item that is entirely a comment (0.026711ms)
✔ grammar: a block item `- "#41"` (0.02115ms)
✔ grammar: a bare `-` item (0.017924ms)
✔ grammar: a quoted scalar (0.020899ms)
✔ grammar: an unquoted scalar (0.019758ms)
✔ grammar: a key line whose remainder is entirely a `# ` comment (0.018114ms)
✔ grammar: the #TODO no-space comment form (0.016842ms)
✔ grammar: a whole-file CRLF variant (0.025639ms)
✔ grammar: a leading blank line before the fence (0.022082ms)
✔ grammar: a BOM before the fence (0.084931ms)
✔ grammar: an unterminated fence (0.03126ms)
✔ grammar: a missing key (0.021901ms)
✔ grammar: a file with no frontmatter at all (0.032282ms)
✔ grammar: a prose requirements: line below the closing fence contributes nothing (0.03722ms)
✔ grammar: unterminated quote INLINE (an apostrophe with no closing quote) (0.037872ms)
✔ grammar: unterminated quote as a SCALAR (0.020278ms)
✔ grammar: unterminated quote as a BLOCK ITEM (0.019547ms)
✔ grammar: a stray line BETWEEN two block items - both survive, plus one issue (0.036419ms)
✔ grammar: a stray line between two inline keys - items unaffected, issue still reported (0.030578ms)
✔ grammar: a quoted block item with a trailing annotation (0.027752ms)
✔ grammar: an unquoted block item with a trailing annotation (D-18 symmetry) (0.540286ms)
✔ grammar: a quoted #-shaped block item with stray trailing content (0.043873ms)
✔ grammar: a quoted #-shaped scalar with stray trailing content (0.02617ms)
✔ grammar: an inline list element with stray trailing content dedupes to one issue (0.03198ms)
✔ grammar: an apostrophe inside a double-quoted value is in the grammar - no residual-quote (0.017894ms)
✔ grammar: a one-element backslash escape is detected, not silently fabricated (D-20) (0.024597ms)
✔ grammar: an unquoted value containing either quote character (D-20) (0.03144ms)
✔ grammar: the D-20 two-element escape case reports both codes on the one fabricated fragment (0.023244ms)
✔ grammar: a backtick-WRAPPED value is reported, payload kept byte-exact (UAT-21) (0.016652ms)
✔ grammar: a backtick INSIDE a value is a legal path character - no diagnostic (UAT-21 over-fire guard) (0.024877ms)
✔ grammar: a half-wrapped value (leading backtick only) is reported (UAT-21) (0.026841ms)
✔ grammar: a half-wrapped value (trailing backtick only) is reported (UAT-21) (0.014948ms)
✔ grammar: a backtick wrap followed by punctuation is reported (UAT-21) (0.015058ms)
✔ grammar: a backtick-wrapped id survives the # rule as a lone backtick and is reported, not minted silently (UAT-21) (0.017944ms)
✔ grammar: a backtick-wrapped path containing a space reports both its codes (UAT-21) (0.014788ms)
✔ grammar: a bare `-` with no trailing whitespace is not an item - unknown-line (UAT-12) (0.022202ms)
✔ grammar: a `- ` with a trailing space is an empty item - contributes nothing, no issue (UAT-12) (0.029516ms)
✔ grammar: a `-` followed by a TAB is an empty item too - any whitespace serves (UAT-12) (0.021681ms)
✔ grammar: a dash followed directly by non-whitespace is not an item either - unknown-line (UAT-12) (0.019177ms)
✔ grammar: items under an inline [] key report item-without-key, one per line (0.030528ms)
✔ grammar: a block item with no key at all (0.022893ms)
✔ grammar: a non-empty inline list key followed by a block item still opens no block (0.030939ms)
✔ grammar: a no-space key line is malformed-key-line, not silently parsed or unknown-line (0.023034ms)
✔ grammar: a commented-out key line folds the next key's items into the previous key (D-14 accepted cost), pinned exactly (0.018835ms)
✔ grammar: an ordinary prose comment that happens to be key-shaped reports commented-key-line too, accepted noise (0.01618ms)
✔ grammar: a column-0 bare URL is malformed-key-line, never parsed as key http value //example.com (0.012975ms)
✔ grammar: a comment-only line that is NOT key-shaped does not over-fire commented-key-line (0.013866ms)
✔ grammar: a backtick-wrapped goal: scalar raises nothing on a files: read (0.032151ms)
✔ grammar: the same defect under files: itself still reports, on the same read (0.01576ms)
✔ grammar: a value-level defect owned by requirements: still reaches a files: read (0.015599ms)
✔ grammar: a structural unknown-line inside requirements: still appears on a files: read (0.017864ms)
✔ grammar: an unterminated quote under goal: is scoped away, not reported to a files: read (0.023274ms)
✔ grammar: the two bracket-level codes are not gated: goal: keeps reporting them (0.028905ms)
✔ grammar: an item with no block key open reports item-without-key even when its value-level code is scoped away (0.042881ms)
✔ planning-files: unknown-line issue carries the correct line number and text (0.113926ms)
✔ planning-files: malformed-key-line issue carries the correct line number and text (0.069983ms)
✔ planning-files: unterminated-frontmatter issue carries the opening fence line number (0.044294ms)
✔ planning-files: the shipped templates/PLAN.md frontmatter reads empty and clean (0.155616ms)
✔ planning-files: a path added under the template's bare files: block key is read, not dropped (0.133113ms)
✔ parsePlanFiles: bold reports markdown-decorated-path (0.364983ms)
✔ parsePlanFiles: underscore bold reports markdown-decorated-path (0.080293ms)
✔ parsePlanFiles: asterisk italic reports markdown-decorated-path (0.050736ms)
✔ parsePlanFiles: underscore italic reports markdown-decorated-path (0.046258ms)
✔ parsePlanFiles: autolink reports markdown-decorated-path (0.035287ms)
✔ parsePlanFiles: bare bracket wrap reports markdown-decorated-path (0.036018ms)
✔ parsePlanFiles: link form reports markdown-decorated-path (0.050786ms)
✔ parsePlanFiles: matched interior backtick pair reports markdown-decorated-path (0.060274ms)
✔ parsePlanFiles: plain path does not report markdown-decorated-path (0.037631ms)
✔ parsePlanFiles: one interior backtick does not report markdown-decorated-path (0.036139ms)
✔ parsePlanFiles: leading underscore only does not report markdown-decorated-path (0.034526ms)
✔ parsePlanFiles: trailing underscore only does not report markdown-decorated-path (0.019517ms)
✔ parsePlanFiles: interior underscores does not report markdown-decorated-path (0.023765ms)
✔ parsePlanFiles: unmatched bracket does not report markdown-decorated-path (0.020689ms)
✔ parsePlanFiles: every decorated shape survives in files byte-exact beside its diagnostic (0.170584ms)
✔ parsePlanFiles: a backtick-WRAPPED path reports the boundary code alone, not decoration too (0.116491ms)
✔ parsePlanFiles: the decoration rule does not reach the - **Files:** task arm (D-06) (0.181815ms)
✔ normalize: CRLF to LF (0.059704ms)
✔ normalize: a lone CR to LF (0.015239ms)
✔ normalize: a BOM is stripped (0.014096ms)
✔ normalize: plain LF text is returned unchanged (0.011672ms)
✔ phase-list: a single canonical entry (0.42064ms)
✔ phase-list: several canonical entries mixing checked and unchecked boxes (0.081204ms)
✔ phase-list: a decimal insertion sorts between its neighbours (0.068871ms)
✔ phase-list: a CRLF checkout parses live, not as a near-miss scan (0.045897ms)
✔ phase-list: canonical entries plus their ### Phase N: details report no issues (the checkbox list is the phase set) (0.02624ms)
✔ phase-list: an empty ## Phases section is a closed milestone (0.08455ms)
✔ phase-list: ordinary prose carrying no phase token is still closed (0.029516ms)
✔ phase-list: a stray `- [ ] decide scope` bullet carries no number, so it is not a near miss (0.030678ms)
✔ phase-list: a bolded **Phase word with no number is prose, not a near miss (0.029285ms)
✔ phase-list: a fully pruned template-shaped roadmap - empty ## Phases and a bare ## Phase Details heading - is closed (0.019517ms)
✔ phase-list: a roadmap with no ## Phases heading at all (0.018445ms)
✔ phase-list: phase-bullet: `- Phase 1: Ship auth` (no checkbox, no bold) (0.069592ms)
✔ phase-list: phase-bullet: `- ✓ Phase 1: Auth` (a tick instead of a checkbox) (0.2213ms)
✔ phase-list: phase-bullet: `- [ ] Phase 1: Auth` (checkbox, unbolded) (0.044635ms)
✔ phase-list: phase-bullet: `- [ ] **Phase 1 Auth**` (bolded, no colon) (0.027973ms)
✔ phase-list: phase-heading: a ### Phase 1: detail surviving a wiped checkbox list (0.027262ms)
✔ phase-list: phase-heading: `## Phase 12: Auth` written as a section heading (0.017723ms)
✔ phase-list: phase-ordered-item: `1. Phase 1: Auth` (0.050175ms)
✔ phase-list: phase-ordered-item: `1) Phase 1: Auth` (0.027653ms)
✔ phase-list: phase-table-row: `| Phase 1 | Auth |` (0.028895ms)
✔ phase-list: phase-prose-line: the catch-all, so a shape outside the grammar is never silent (0.021381ms)
✔ phase-list: phase-outside-section: a canonical entry under a LATER ## heading (0.023615ms)
✔ phase-list: phase-outside-section beats phase-bullet: the shape tests cannot tell them apart (0.029566ms)
✔ phase-list: a canonical entry INSIDE ## Phases is live, never phase-outside-section (0.039815ms)
✔ phase-list: one issue per line, in line order, across mixed shapes (0.022462ms)
✔ classifyPhaseList: the surviving-detail issue carries its exact line, code and text (0.06344ms)
✔ classifyPhaseList: the shipped templates/ROADMAP.md is no-section, not two phantom phases (0.1318ms)
✔ classifyPhaseList: a fenced example above a real section reads the REAL phases (0.096193ms)
✔ classifyPhaseList: a fenced phase token inside the section raises no issue (0.045376ms)
✔ cutPhaseDetail: a bare `### Phase N:` heading and its body are cut on a CRLF checkout (0.145176ms)
✔ cutPhaseDetail: a named `### Phase N: Name` heading and its body are cut on a CRLF checkout (0.06844ms)
✔ parseRoadmapPhases: a CRLF checkout parses to real phases (0.058972ms)
✔ parseRoadmapPhases: a lone-CR file stays unparseable, so write paths never see it (0.028164ms)
✔ classifyPhaseList: a lone-CR file is no-section, not live (0.019968ms)
✔ setPhaseBox: a CRLF line is flipped in place with its `\r` intact (0.087005ms)
✔ setPhaseBox: a lone-CR file matches nothing - the parse path must not have let it here (0.030798ms)
✔ phaseCriteria: the template spelling `**Success Criteria:**` is counted (0.215279ms)
✔ phaseCriteria: the bare `Success criteria:` spelling reads the same count (0.08455ms)
✔ phaseCriteria: a block with no criteria heading is not-found, never zero (0.065354ms)
✔ phaseCriteria: a phase's block ends at the next heading, so the next phase's criteria are not its own (0.060054ms)
✔ phaseCriteria: a fenced example inside the block does not inflate the count (0.056357ms)
✔ phaseCriteria: a heading that exists only inside a fence is not-found (0.039084ms)
✔ parseActiveIds: a plain bullet (0.354473ms)
✔ parseActiveIds: a checkbox bullet (0.053642ms)
✔ parseActiveIds: an unbolded bullet is ignored, no fallback guess (0.128414ms)
✔ parseActiveIds: a duplicate id is de-duplicated first-occurrence-wins (0.108747ms)
✔ parseActiveIds: an absent ## Active heading returns null, not [] (0.06321ms)
✔ parseActiveIds: a present-but-empty ## Active heading returns [] (0.063461ms)
✔ parseActiveIds: a ## Active-shaped list under a later heading is not read (0.032852ms)
✔ active-section: a plain bold bullet declares its id (0.0423ms)
✔ active-section: an unchecked `- [ ]` bullet declares its id (0.02106ms)
✔ active-section: a checked `- [x]` bullet declares its id (0.02117ms)
✔ active-section: a duplicate id is de-duplicated first-occurrence-wins (0.031159ms)
✔ active-section: an absent ## Active heading is ids null, NOT [] and NOT an issue (0.018886ms)
✔ active-section: a present-but-empty ## Active heading is [] with no issues (0.019908ms)
✔ active-section: an ## Active-shaped list under a LATER ## heading is not read (0.019357ms)
✔ active-section: a CRLF checkout parses its bold bullet with no issue (0.02093ms)
✔ active-section: an indented continuation line naming another id is not an issue (0.074491ms)
✔ active-section: active-non-id-bullet: a prose bold bullet is STILL an id - the sharp edge, reported (0.039284ms)
✔ active-section: active-non-id-bullet: a prose bold bullet naming NO id token at all still reports (0.027031ms)
✔ active-section: active-non-id-bullet: a colon INSIDE the bold span - the id is not normalized, it is reported (0.042671ms)
✔ active-section: active-multi-id-bullet: a second id-shaped bold span is reported, not dropped silently (0.056638ms)
✔ active-section: active-multi-id-bullet: three ids report ONCE for the line, not once per extra span (0.055576ms)
✔ active-section: active-multi-id-bullet: ordinary emphasis is NOT an extra id - nothing is dropped, nothing reported (0.048542ms)
✔ active-section: active-multi-id-bullet: the issue-form `#41` counts as an extra id too (0.053782ms)
✔ active-section: active-non-id-bullet: a bold span carrying the id plus prose (0.047741ms)
✔ active-section: the `#41` issue spelling IS id-shaped in a bold span - no issue (0.03686ms)
✔ active-section: a digit-leading category with a letter in it IS an id - reports nothing (PRS-02) (0.033725ms)
✔ active-section: a category with NO letter at all is still held out and reported (0.038613ms)
✔ active-section: a digit-leading id UNBOLDED is SILENT - REQ_ID_TOKEN keeps its letter head (0.034215ms)
✔ active-section: a non-id bold bullet BESIDE real ones: the real ids parse, only the phantom reports (0.055866ms)
✔ active-section: active-table-row: the v1.3.1 milestone-ask table parses to NO ids and reports every row (0.054343ms)
✔ active-section: active-table-row: that same table BESIDE a real bullet - the id parses AND both rows still report (0.047801ms)
✔ active-section: active-table-row: the `#41` issue-id spelling is an id token too (0.041519ms)
✔ active-section: active-unbolded-bullet: `- AUD-01: text` declares nothing and says so (0.051979ms)
✔ active-section: an unbolded bullet carrying NO id token is ordinary prose, no issue (0.03128ms)
✔ active-section: active-indented-bullet: a BOLDED sub-bullet is unread for its indent, not its bolding (0.048933ms)
✔ active-section: active-indented-bullet: an unbolded indented bullet reports the indent too (0.064743ms)
✔ active-section: active-nondash-bullet: a column-0 `*` bullet is legal GFM the grammar does not read (0.040207ms)
✔ active-section: active-nondash-bullet: a `+` marker reports the same way (0.031259ms)
✔ active-section: active-ordered-item: `1. AUD-01: text` (0.0213ms)
✔ active-section: active-heading: a `### AUTH-01` sub-heading inside the section (0.021992ms)
✔ active-section: active-prose-line: a section authored entirely as prose is never silent (0.045026ms)
✔ active-section: active-prose-line: a CLOSED milestone naming its shipped ids reports NOTHING (0.047751ms)
✔ active-section: active-prose-line: prose naming ONE id the file records nowhere else still reports (0.051578ms)
✔ active-section: active-prose-line: a bullet declaring NO ADMISSIBLE id does not silence the prose line (0.12108ms)
✔ active-section: the SAME prose line beside real bullets reports NOTHING - the intro-paragraph guard (0.03705ms)
✔ active-section: one issue per line, in line order, across mixed shapes (0.023665ms)
✔ classifyActiveSection: the shipped templates/REQUIREMENTS.md declares nothing (0.149494ms)
✔ classifyActiveSection: a fenced example above a real section reads the REAL ids (0.079231ms)
✔ classifyActiveSection: a fenced `## ` inside the section neither ends it nor declares an id (0.065565ms)
✔ acceptance-criteria: the canonical bullet parses to {id, text} (0.332692ms)
✔ acceptance-criteria: a checked `- [x]` bullet is still a criterion (0.0634ms)
✔ acceptance-criteria: a capital `- [X]` checkbox is still a criterion (0.153161ms)
✔ acceptance-criteria: a two-digit id parses as itself (0.046178ms)
✔ acceptance-criteria: several criteria keep presentation order (0.024847ms)
✔ acceptance-criteria: a wrapped criterion joins its continuation lines with one space (0.087416ms)
✔ acceptance-criteria: a continuation line naming another AC<N> reports NOTHING - the silence the rule buys (0.03689ms)
✔ acceptance-criteria: a trailing (human-verify: ...) suffix stays in the text verbatim (D-11) (0.019938ms)
✔ acceptance-criteria: a CRLF checkout parses exactly as its LF twin (0.029646ms)
✔ acceptance-criteria: a lone-CR file parses too - this is a pure reader, so `normalize` applies (D-03) (0.028705ms)
✔ acceptance-criteria: an absent heading is criteria null, NOT [] and NOT an issue (0.073139ms)
✔ acceptance-criteria: criteria-heading-near-miss: a capital C drops the whole section, so it is reported (0.05763ms)
✔ acceptance-criteria: criteria-heading-near-miss: a trailing colon (0.032692ms)
✔ acceptance-criteria: criteria-heading-near-miss: the wrong heading level (0.756197ms)
✔ acceptance-criteria: criteria-heading-near-miss is reported ONCE - the section is singular (0.048322ms)
✔ acceptance-criteria: the exact heading wins over a near-miss elsewhere in the file (0.041379ms)
✔ acceptance-criteria: a present-but-empty heading is [] with no issues (0.029155ms)
✔ acceptance-criteria: a criterion-shaped bullet under a LATER ## heading is not read (0.021821ms)
✔ acceptance-criteria: a criterion-shaped bullet inside a fence is an EXAMPLE, not a criterion (0.016421ms)
✔ acceptance-criteria: an out-of-grammar shape inside a fence reports nothing either (0.018195ms)
✔ acceptance-criteria: a ## line inside a fence does not bound the section (0.022583ms)
✔ acceptance-criteria: a tilde fence closes only on tildes at least as long (0.015289ms)
✔ acceptance-criteria: a fenced heading is not the section heading (0.022843ms)
✔ acceptance-criteria: ordinary prose naming no AC<N> token is silent (0.025117ms)
✔ acceptance-criteria: criterion-unidded: a bare checkbox bullet - the legacy shape, the central diagnostic (0.227733ms)
✔ acceptance-criteria: criterion-unidded fires on a bullet naming NO id token at all (checked before the token gate) (0.069312ms)
✔ acceptance-criteria: criterion-unidded: a bullet whose PROSE names an id is still unidded, not malformed (0.041379ms)
✔ acceptance-criteria: criterion-malformed-id: a second space after the checkbox (a list re-indent) (0.022072ms)
✔ acceptance-criteria: criterion-malformed-id: emphasis around the id token (0.023305ms)
✔ acceptance-criteria: criterion-malformed-id: a lowercase ac1 - the token is case-sensitive (0.020219ms)
✔ acceptance-criteria: criterion-malformed-id: the colon is missing (0.020238ms)
✔ acceptance-criteria: criterion-duplicate-id: the second bullet reusing an id is reported and NOT pushed (0.026791ms)
✔ acceptance-criteria: criterion-empty-text: reported AND still pushed with an empty text (parse-then-diagnose) (0.024306ms)
✔ acceptance-criteria: criterion-unboxed-bullet: no checkbox, so not a criterion (0.019777ms)
✔ acceptance-criteria: criterion-nondash-bullet: legal GFM, but the grammar reads `-` only (0.016902ms)
✔ acceptance-criteria: criterion-indented-bullet: an indented criterion with nothing open (0.016822ms)
✔ acceptance-criteria: criterion-indented-bullet: the continuation exception - an indented AC bullet UNDER an open criterion (0.016952ms)
✔ acceptance-criteria: criterion-ordered-item: a numbered list item (0.015549ms)
✔ acceptance-criteria: criterion-heading: a criterion written as a heading (0.021461ms)
✔ acceptance-criteria: criterion-prose-line: the catch-all - phase 5s own CONTEXT footer (0.024687ms)
✔ acceptance-criteria: one issue per line, in line order, across mixed shapes beside a real criterion (0.032051ms)
✔ classifyAcceptanceCriteria: an issue carries its exact line, code and truncated text (0.050265ms)
✔ acceptance-criteria declaresIds: a parsed criterion declares its id (0.028915ms)
✔ acceptance-criteria declaresIds: a missing colon is still a declaration (0.014738ms)
✔ acceptance-criteria declaresIds: emphasis around the token is still a declaration (0.011913ms)
✔ acceptance-criteria declaresIds: a backticked token is still a declaration, though its code is unidded (0.011873ms)
✔ acceptance-criteria declaresIds: a lowercase ac1 is still a declaration (0.010921ms)
✔ acceptance-criteria declaresIds: a second space after the checkbox is still a declaration (0.017674ms)
✔ acceptance-criteria declaresIds: an indented criterion bullet is still a declaration (0.020458ms)
✔ acceptance-criteria declaresIds: an unboxed bullet is still a declaration (0.012895ms)
✔ acceptance-criteria declaresIds: a non-dash marker is still a declaration (0.013145ms)
✔ acceptance-criteria declaresIds: a criterion written as a heading is still a declaration (0.018606ms)
✔ acceptance-criteria declaresIds: an ordered list item is still a declaration (0.018876ms)
✔ acceptance-criteria declaresIds: a bare `AC1: text` prose line is still a declaration (0.019417ms)
✔ acceptance-criteria declaresIds: bare checkbox bullets declare nothing - the pre-id shape (0.017914ms)
✔ acceptance-criteria declaresIds: a bullet whose PROSE names an id declares nothing - the head is empty (0.012253ms)
✔ acceptance-criteria declaresIds: a prose line mentioning an id mid-sentence declares nothing (0.011923ms)
✔ acceptance-criteria declaresIds: a criterion inside a fence is an EXAMPLE and declares nothing (0.014047ms)
✔ acceptance-criteria declaresIds: a present-but-empty section declares nothing (0.021821ms)
✔ acceptance-criteria declaresIds: an absent heading declares nothing (0.021491ms)
✔ acceptance-criteria declaresIds: a near-miss heading is unknown, never none - its section is never walked (0.024026ms)
✔ acceptance-criteria declaresIds: a near-miss heading is unknown even when nothing under it names an id (0.014658ms)
✔ classifyAcceptanceCriteria: phases 1-4 of this repo read AC1-AC7 with no issues (0.157279ms)
✔ isRequirementId: the whole string and nothing else, in both shipped spellings (0.054093ms)
✔ classifyActiveSection: the v1.3.1 table issues carry their exact line, code and text (0.085352ms)
✔ insertReqRows: insertion into an empty table lands directly under the separator, prose byte-identical after (0.338553ms)
✔ insertReqRows: insertion after existing rows appends below the last one (0.123575ms)
✔ insertReqRows: a re-insert of the same id reports skipped and returns byte-identical text (0.086694ms)
✔ insertReqRows: a differing phase is reported in mismatched, and the row is still skipped (0.069142ms)
✔ insertReqRows: a CRLF fixture gets a CRLF row (0.087757ms)
✔ insertReqRows: a table with no separator returns no-traceability-table, text unchanged (0.068019ms)
✔ traceability: a fenced-only heading is not the section - no rows are parsed (0.038302ms)
✔ traceability: a fenced-only heading is not written to - setReqStatus returns byte-identical text (0.09498ms)
✔ traceability: a fenced-only heading is no-traceability-table - the table is never fabricated (0.051618ms)
✔ traceability: with a real section below the fence, only the real rows parse (0.050135ms)
✔ traceability: setReqStatus writes the real row and leaves the fenced example alone (0.119647ms)
✔ traceability: insertReqRows lands under the REAL separator, below the real last row (0.074782ms)
✔ traceability: a fenced `## ` inside the section does not end it (0.070734ms)
✔ atomicWrite: a DIRECTORY squatting <file>.tmp does not stop the write (0.36318ms)
✔ atomicWrite: two concurrent writers of one target land one payload whole (86.29175ms)
✔ atomicWrite: a symlink at every candidate temp path is refused, nothing written through it (2.047731ms)
✔ atomicWrite: the audit's <file>.tmp reproduction writes nothing outside the tree (0.258061ms)
✔ capture-tag: (phase N) (0.386044ms)
✔ capture-tag: (phase N) behind an unchecked box (0.092516ms)
✔ capture-tag: (phase N) behind a checked box (0.043062ms)
✔ capture-tag: (phase N.M) (0.050686ms)
✔ capture-tag: (phase N.M) behind an unchecked box (0.035828ms)
✔ capture-tag: (phase N.M) behind a checked box (0.031279ms)
✔ capture-tag: (vX.Y.Z phase N) (0.026239ms)
✔ capture-tag: (vX.Y.Z phase N) behind an unchecked box (0.023184ms)
✔ capture-tag: (vX.Y.Z phase N) behind a checked box (0.021211ms)
✔ capture-tag: (phase N, label) (0.023494ms)
✔ capture-tag: (phase N, label) behind an unchecked box (0.018355ms)
✔ capture-tag: (phase N, label) behind a checked box (0.018074ms)
✔ capture-tag: (vX.Y.Z phase N, label) (0.017113ms)
✔ capture-tag: (vX.Y.Z phase N, label) behind an unchecked box (0.018485ms)
✔ capture-tag: (vX.Y.Z phase N, label) behind a checked box (0.019447ms)
✔ capture-tag: (cadence-wide) is a scope marker, not a tag (0.024727ms)
✔ capture-tag: (tooling) is a scope marker, not a tag (0.017984ms)
✔ capture-tag: (vX.Y.Z close) names a milestone, not a phase (0.016461ms)
✔ capture-tag: (Phase N) capitalized is not the tag (0.018195ms)
✔ capture-tag: (phase) with no number (0.025909ms)
✔ capture-tag: (phase two) with a non-numeric phase (0.025719ms)
✔ capture-tag: a tag-shaped parenthetical that is not at the head (0.018716ms)
✔ capture-tag: an unclosed (phase 2 (0.018425ms)
✔ capture-tag: (phase <400 digits>) is Infinity, not a phase (0.040938ms)
✔ capture-tag: (phase 9007199254740993) reads back as a DIFFERENT number (0.048402ms)
✔ capture-tag: (phase 9007199254740990.1) rounds to a different phase under a magnitude bound (0.034947ms)
✔ capture-tag: (phase 1.10) is phases/1.10, never phases/1.1 (D-07) (0.039285ms)
✔ captureSections: every section is counted, with its walk membership (0.203506ms)
✔ captureSections: a FENCED ## line inside a body does not mint a section (0.070023ms)
✔ captureSections: a CRLF checkout counts exactly as its plain-LF twin (0.068921ms)
✔ archive: a written row round-trips its snippet byte-identically (0.317233ms)
✔ archive: each origin filename keeps its own source (0.081525ms)
✔ archive: a decimal phase number parses to the decimal, never to 21 (0.04693ms)
✔ archive: a snippet carrying a colon, a backtick and a pipe survives whole (0.032632ms)
✔ archive: a non-matching line under a section mints no row (0.030538ms)
✔ archive: a phase number that does not round-trip names no directory (ARG-04) (0.081234ms)
✔ archive: a row above the first heading belongs to no milestone and is skipped (0.034786ms)
✔ archive: a second append under the same label extends the existing section (0.111422ms)
✔ archive: an append into empty text writes a preamble with no column-0 ## heading (0.122223ms)
✔ archive: an empty row set changes nothing; a newline is flattened on write (0.067919ms)
✔ archive: a CRLF residue parses exactly as its plain-LF twin (0.064803ms)
✔ archive: label and origin ride beside source, never recovered by splitting it (0.070413ms)
✔ parseTaskRecordSnippets: the `## What shipped` bullets come back (0.134125ms)
✔ parseTaskRecordSnippets: a `None yet` placeholder is the template's prose, not content (0.04739ms)
✔ parseTaskRecordSnippets: an angle-bracket placeholder is skipped too (0.039636ms)
✔ parseTaskRecordSnippets: an absent section is DATA - [] and never a throw (0.034826ms)
✔ parseTaskRecordSnippets: it stops at the next `## ` heading (0.039385ms)
✔ filed: a row written by the appender reads back through the parser (0.260505ms)
✔ filed: an empty file gets the preamble, which carries no `## ` heading (0.106994ms)
✔ filed: a second row appends and the first is byte-preserved (0.079201ms)
✔ filed: a title carrying a colon, a backtick and a pipe survives whole (0.033122ms)
✔ filed: a newline in any field is flattened on write (0.026801ms)
✔ filed: a row whose fixed fields are out of grammar is REFUSED, not written (0.056617ms)
✔ filed: a line that is not a row is skipped, so a human note mints nothing (0.040187ms)
✔ filed: a row with an empty title is dropped rather than indexed (0.024476ms)
✔ filed: a CRLF checkout indexes as its plain-LF twin (0.034205ms)
✔ filed: the parser is total over junk (0.052048ms)
✔ filed: an unconfirmed row reads back as ONE row, title-only, state readable (0.081034ms)
✔ filed: a confirmed row is byte-identical to what it was before the marker (0.061206ms)
✔ filed: a title that itself begins with the word is not misread as a marker (0.069091ms)
✔ filed: a hand-written unconfirmed row parses on the stated grammar line (0.035467ms)
✔ declined: a row written by the appender reads back through the parser (0.055936ms)
✔ declined: an empty file is created with the DECLINED preamble, not the FILED one (0.032511ms)
✔ declined: a row whose fields break the grammar returns the text unchanged (0.03671ms)
✔ declined: an existing file is byte-preserved and the row lands at the end (0.051017ms)
✔ declined: a line that is not a row is skipped, so a human note mints nothing (0.032111ms)
✔ declined: the parser is total over junk (0.030688ms)
✔ filed: the preamble no longer sends a reader to the forge for a decline (0.024767ms)
✔ planning-files: CURSOR_STATUSES holds exactly its six values (0.071356ms)
✔ lease-check: a clean lease is ok:true (70.842033ms)
✔ lease-check: an undeclared staged path is refused and NAMED (60.752891ms)
✔ lease-check: the plan's OWN report file is the one exemption (111.294258ms)
✔ lease-check: the ROTATED report is exempt too, beside the canonical one (114.167197ms)
✔ lease-check: the widened exemption is still THIS plan's, not the directory's (357.180464ms)
✔ lease-check: a declared directory ends in / and matches by PREFIX (114.21079ms)
✔ lease-check: a two-file clean lease still reports staged: 2, declared: 2 through the shared predicate (57.625899ms)
✔ lease-check: a plan whose files: list is empty is still refused as undeclared-files, exit 1 (55.428563ms)
✔ lease-check: PLAN-<k>.md is selected by --plan (111.119456ms)
✔ lease-check: widening the plan's files: is what clears the fix commit (117.919747ms)
✔ lease-check: a sole declaration of ./a.txt licenses nothing - the spelling reached neither reader (60.744976ms)
✔ lease-check: a missing plan is ok:false, never an empty-lease pass (61.082497ms)
✖ lease-check: an unreadable staged set is ok:false, never a pass (54.17963ms)
✔ lease-check: the no-staged-set detail names the failure without a credential (53.113464ms)
✔ source: planning.mjs's no-staged-set detail goes through redactUrl (0.846157ms)
✔ lease-check: nothing staged is a clean lease, not a refusal (57.174963ms)
✔ lease-check: a plan declaring nothing licenses nothing (66.573471ms)
✔ lease-check: bad flags are refused before any read (168.163268ms)
✔ lease-check: a rename is checked on BOTH sides, so another plan's file is not renamed away (66.889371ms)
✔ lease-check: a declared non-ASCII path is admitted, not refused for its bytes (66.796744ms)
✔ lease-check: a rename between two un-decodable paths is never a clean lease (76.700554ms)
✔ lease-check: a staged path that is not valid UTF-8 is refused BY NAME, never guessed at (73.105072ms)
✔ lease-check: a staged census FILE is refused by a reason of its own, and leaves a record (65.844887ms)
✔ lease-check: an undeclared path holding no count keeps the old reason, and writes nothing (61.961447ms)
✔ lease-check --plan-time: phase 5's own lease names every census its work would move (56.265274ms)
✔ lease-check --plan-time: the answer needs no repository, and spawns no git (49.574591ms)
✔ lease-check --plan-time: the arm reads declared PATHS, never the plan's instructions (107.557467ms)
✔ lease-check --plan-time: a lease declaring the holding files is a PASS, not a silence (58.639235ms)
✔ lease-check --plan-time: a phase with no plan file is still no-plan on this arm (52.14847ms)
✔ lease-check --plan-time and plan-overlap read ONE two-plan fixture the same way (163.380771ms)
✔ lease-check --plan-time: two plans that declare real paths are a PASS on both (111.230696ms)
✖ lease-check --plan-time: no registry entry refuses more than half of this repository's own plans (53.522552ms)
✔ milestone-prune --mode archive: a --label escaping the tree is refused before any mkdir or rename (48.644553ms)
✔ milestone-prune --mode delete: a --label escaping the tree is refused before any mkdir or rename (48.301321ms)
✔ milestone-prune: a --label containing a pipe is refused (50.429505ms)
✔ milestone-prune: a --label containing a newline is refused (49.367076ms)
✔ milestone-prune: a --label containing a carriage return is refused (49.773469ms)
✔ milestone-prune: a spaced milestone-name label still prunes normally (50.932611ms)
✔ phase-done: flips the box and the phase rows; Deferred untouched; --undo reverses (95.987643ms)
✔ phase-done: decimal phase flips its own box and rows only (52.102994ms)
✔ phase-done --reqs: explicit ids override the phase filter (even Deferred) (49.072456ms)
✔ phase-done: valueless --reqs is bad-args, not internal (#45.1) (47.754742ms)
✔ phase-done: --reqs "" refuses instead of flipping the phase (49.987916ms)
✔ phase-done: --reqs "   " refuses instead of flipping the phase (54.052399ms)
✔ phase-done: --reqs "," refuses instead of flipping the phase (48.810438ms)
✔ phase-done: --reqs ",," refuses instead of flipping the phase (47.257487ms)
✔ phase-done: --reqs names exactly the rows it flips; omitting it closes the phase (98.42796ms)
✔ phase-done: unknown phase refuses; nothing written (55.03186ms)
✔ phase-done: a valueless --n refuses; neither doc is written (47.082946ms)
✔ phase-done: a abc --n refuses; neither doc is written (48.660323ms)
✔ phase-done: a empty string --n refuses; neither doc is written (45.575612ms)
✔ phase-done: --n 02 still boxes phase 2 (48.998786ms)
✔ phase-done: an unreadable REQUIREMENTS.md refuses whole; ROADMAP.md is byte-identical (46.735947ms)
✔ phase-done: an ABSENT REQUIREMENTS.md still boxes the phase, ok:true (46.584098ms)
✔ phase-done: a non-regular REQUIREMENTS.md that reads CLEANLY still refuses (47.662517ms)
✔ phase-done: `wrote` names the documents that moved, on both shapes (102.54384ms)
✔ phase-done: a non-empty queue is NAMED at close, and the phase still closes (51.406851ms)
✔ phase-done: a queue holding only the placeholders names nothing (53.6213ms)
✔ phase-done: an absent CAPTURE.md is an EMPTY queue, and closes cleanly (48.011069ms)
✔ phase-done: a queue that cannot be READ closes anyway, reported unread (49.924034ms)
✔ phase-done --undo: reopening a phase makes NO assertion about the queue (96.276391ms)
✔ plan-size: counts the requirements a ROADMAP detail block names, deduped (47.254442ms)
✔ plan-size: a phase over --max-reqs is phase-too-big, naming both numbers (49.254162ms)
✔ plan-size: NO detail block is unmeasured, never zero - it is not compared (49.977276ms)
✔ plan-size: the task ceiling is PER PLAN - 4+4+4 against a ceiling of 4 is within (51.120858ms)
✔ plan-size: ONE plan over the ceiling is flagged, naming the plan file (49.152679ms)
✔ plan-size: an unwritten plan is never over its ceiling (48.512602ms)
✔ plan-size: no ceiling flags nothing but still reports the counts (47.81697ms)
✔ plan-size: a missing --phase is bad-args, never the cursor (91.715696ms)
✔ plan-size: a plan reports the summed on-disk bytes its files: frontmatter declares (49.281574ms)
✔ plan-size: a declared path that is not on disk counts zero bytes and one absent (60.488268ms)
✔ plan-size: a declared DIRECTORY and a path climbing out both land on absent, unread (48.698716ms)
✔ plan-size: a plan over --max-bytes is plan-too-many-bytes, naming the plan and both numbers (50.192885ms)
✔ plan-size: the same plan under a higher --max-bytes yields no byte entry and within: true (47.62222ms)
✔ plan-size: an out-of-grammar files: list is never compared against --max-bytes (48.63211ms)
✔ plan-size: a bare or non-integer --max-bytes is bad-args naming the flag (94.504645ms)
✔ plan-size: a files: list out of grammar reports null bytes, never 0 (46.49554ms)
✔ audit + plan-overlap: a CRLF-checked-out PLAN.md reads identically to its LF twin (201.981078ms)
✔ audit: a BOM + leading blank line PLAN.md reads identically to its plain twin (102.545012ms)
✔ audit + plan-overlap: an unterminated frontmatter fence reports on both envelopes, audit stays ok:true (100.08634ms)
✔ audit: the per-code payload table is falsifiable - each dropping code moves counts.broken, each preserving code does not (760.102141ms)
✔ plan-overlap: a trailing-annotated block item still overlaps, with the diagnostic naming which plan (UAT-9) (58.519087ms)
✔ plan-overlap: a backtick-wrapped path does not silently miss a real collision (UAT-21) (58.247841ms)
✔ plan-overlap: a markdown-decorated path does not silently miss a real collision (FRM-02) (54.459742ms)
✔ plan-overlap: a block item under an inline files: key is diagnosed and dropped on both plans, not overlapped (D-13) (101.137909ms)
✔ plan-overlap: disjoint declared lists come back clean (53.323955ms)
✔ plan-overlap: a shared file is reported with both plan names (55.93207ms)
✔ plan-overlap: a directory lease src/ overlaps the file src/auth.js the other plan declares (54.490861ms)
✔ plan-overlap: a directory lease src/ overlaps the nested directory lease src/auth/ (50.92185ms)
✔ plan-overlap: task **Files:** lines count even when frontmatter omits them (50.592474ms)
✔ plan-overlap: a task **Files:** annotation still normalizes to the bare path - the frontmatter narrowing is scoped to one arm (D-19) (54.838683ms)
✔ plan-overlap: frontmatter-declared paths with parens or a backtick overlap byte-exact, unmangled by add() (acceptance criterion 5) (54.927872ms)
✔ plan-overlap: a frontmatter path with parens overlaps its raw twin declared only on a task line (the cross-arm bridge) (55.028603ms)
✔ plan-overlap: a frontmatter backtick-bearing path overlaps its raw twin declared only on a task line (the cross-arm bridge, other direction) (57.418525ms)
✔ plan-overlap: ./a.txt declared on the frontmatter is refused as redundant-path-segment and reaches neither reader (52.20583ms)
✔ plan-overlap: ./a.txt declared on the task line is refused as redundant-path-segment and reaches neither reader (55.744954ms)
✔ plan-overlap: src//a.txt declared on the frontmatter is refused as redundant-path-segment and reaches neither reader (54.084509ms)
✔ plan-overlap: src//a.txt declared on the task line is refused as redundant-path-segment and reaches neither reader (53.597384ms)
✔ plan-overlap: the same refused spelling twice in one files: list reports two issues on their OWN lines (51.920777ms)
✔ plan-overlap: a plan with no declared files is flagged undeclared (52.111781ms)
✔ plan-overlap: single plan and missing phase degrade predictably (152.39756ms)
✔ fold fixture: every corpus document comes back under the source its row states (301.913278ms)
✔ fold fixture: every committed query returns its named hits in the top 5 (841.049918ms)
✔ fold rules: step 1a, and `es` is NOT a rule of its own (0.442291ms)
✔ fold rules: step 1b strips ed and ing only over a stem with a vowel (0.191123ms)
✔ fold rules: the eed guard turns on the measure of the stem before it (0.165124ms)
✔ fold rules: each of the three cleanup branches after a strip (0.13691ms)
✔ fold rules: a base form is a fixed point, and a short token is untouched (0.089199ms)
✔ fold at the seam: each inflected group returns one and the same document set (938.192343ms)
✔ fold ordering: a word whose fold is a stopword is still in the index (1.211983ms)
✔ fold ordering: `noted` reaches `note`, not the stopword `not` (0.194219ms)
✔ fold ordering: a document of raw stopwords alone still contributes nothing (0.114738ms)
✔ fold ordering: at the seam, `notes` and `being` both still return results (113.075313ms)
✔ recall: a matching SUMMARY deviation ranks first, with source and phase (60.781705ms)
✔ recall: empty and absent corpus both return ok:true with no results (94.578806ms)
✔ recall: two runs on the same corpus are byte-identical (111.020869ms)
✔ recall: durable decisions resurface; phase-local ## Decisions do not (96.922289ms)
✔ recall: legacy CONTEXT.md with only ## Decisions (no durable heading) still resurfaces (46.073708ms)
✔ recall: a present-but-empty ## Durable decisions does NOT fall back to ## Decisions (46.660624ms)
✔ recall: two runs over a corpus with ## Durable decisions are byte-identical (92.721056ms)
✔ recall: bare words after the query are joined, not truncated (#47.2) (101.996541ms)
✔ recall: a completed capture keeps its phase and gains a closed marker (#47.1) (51.803897ms)
✔ capture -> recall: a bullet written through the seam comes back, with its phase (AC1) (101.890529ms)
✔ capture -> recall: a seed and a note come back too, unphased (150.473685ms)
✔ capture -> recall: a bullet under ## Archive is NOT returned (the falsifier) (176.527562ms)
✔ recall: memory.backend none reports off with empty results, exit 0 (57.701993ms)
✔ recall: an archived row comes back with its milestone label and its origin (54.68449ms)
✔ recall: a tree with no ARCHIVE.md answers byte-identically to one that never had it (164.788355ms)
✔ recall: two runs over a corpus holding live AND archived rows are byte-identical (105.270381ms)
✔ recall: memory.backend none reads no ARCHIVE.md either (50.156726ms)
✔ recall: a task record comes back, sourced by slug and with NO phase field (52.722071ms)
✔ recall: a tree with no tasks/ answers byte-identically to one with an empty tasks/ (158.838931ms)
✔ recall: two runs over a corpus holding a task record are byte-identical (122.618285ms)
✔ recall: a RECORD.md symlinked OUT of the planning root is never indexed (53.910679ms)
✔ task-record -> recall: a record written by the seam is found by what it says (129.05689ms)
✔ recall: a filed issue comes back by its title, sourced FILED.md (60.341188ms)
✔ recall: a tree with no FILED.md answers byte-identically to one that never had it (157.97558ms)
✔ recall: a note in FILED.md that is not a row mints no corpus entry (53.280091ms)
✔ recall: two runs over a corpus holding a filed row are byte-identical (116.736829ms)
✔ recall: a zero-padded phase directory is not corpus, and 1.10 still is (59.234114ms)
✔ renumber insert --dry-run: full op plan, nothing touched (52.910409ms)
✔ renumber insert: shifts dirs, tokens, traceability, and cursor (99.798123ms)
✖ renumber remove: cuts line + detail, orphans reqs, shifts down, reports prose refs (57.178489ms)
✔ renumber insert at total+1 appends: nothing shifts, only the slot opens (114.277767ms)
✔ renumber insert: an existing phase CONTEXT keeps its AC ids byte-identical (D-02) (61.34728ms)
✖ renumber remove: the shift DOWN leaves an existing phase CONTEXT byte-identical too (61.19496ms)
✔ renumber insert: integer dirs shift even when a decimal phase is highest (#36) (58.234415ms)
✖ renumber remove: dirs shift DOWN low-to-high (collision-safe order) (54.879279ms)
✖ renumber remove of the LAST phase cuts the final detail section cleanly (57.644675ms)
✔ renumber remove: a detail heading as the last line (no trailing newline) still cuts (59.980113ms)
✔ renumber remove: a name-less `### Phase N:` detail heading still cuts (#48.2) (52.469872ms)
✖ renumber: prose phase refs are reported, never rewritten; key absent when none (107.441156ms)
✔ renumber: out-of-range and unknown phase refuse (107.825958ms)
✔ renumber: refuses a colliding destination before any write (#49.2) (111.183357ms)
✔ renumber: a dangling symlink at the destination still collides (#49.2) (56.383939ms)
✔ renumber remove: a dangling symlink at phases/<at> collides instead of dying mid-apply (#49.2) (55.04293ms)
✔ renumber remove: uncommitted work in phases/<at> is refused before any write (180.914008ms)
✖ PHS-01: an unreadable git state refuses the remove, a non-repo still removes (123.818575ms)
✖ renumber remove: a partial apply reports which ops completed (#49.2) (59.249263ms)
✖ renumber remove: a failure before ANY step says so, rather than claiming a half-renumbered tree (57.070674ms)
✔ PHS-01: a repository rooted INSIDE phases/<at> is not deleted out from under itself (67.573461ms)
✔ PHS-01: a GIT_DIR-selected repository counts as present when its state cannot be read (94.843378ms)
✔ source: the nested-repository probe reads the filesystem, not entry names (0.245456ms)
✔ source: the renumber rm fallback's recursive delete is gated by the .git probe (0.198978ms)
✔ renumber: decimal phase tokens are never shifted, and are reported (61.036689ms)
✔ AC1: every plan reporting PLAN COMPLETE is a replay, and nothing is dispatched (52.862617ms)
✔ AC1: a multi-plan phase is a replay only when EVERY plan reports complete (52.033762ms)
✔ AC2: no reports directory at all is not a replay (54.873289ms)
✔ AC2: PLAN PARTIAL is a continuation, not a replay (53.141779ms)
✔ AC2: PLAN CHECKPOINT is a continuation, not a replay (55.214908ms)
✔ AC2: the status word is the FIRST LINE ONLY - a quoted one in the body cannot fire it (53.038402ms)
✔ AC2: the first line must match EXACTLY - a suffixed status is not complete (56.642941ms)
✔ AC3: plan 1 complete and plan 2 unreported dispatches ONLY plan 2 (52.59551ms)
✔ AC3: a partially reported phase skips only the plans that finished (55.986614ms)
✔ AC4: --rerun clears the replay and widens the dispatch set to every plan (51.014426ms)
✔ a bare PLAN.md is keyed k=1 and PLAN-<k>.md by its own number (53.126319ms)
✔ a rotated sibling plan-<k>.<n>.md never decides the answer (51.540916ms)
✔ a phase with no plan files is not a replay - that is the unplanned state (52.056186ms)
✔ a missing phase directory refuses by name and exits non-zero (54.410699ms)
✔ no --phase refuses by name rather than guessing a phase (53.768689ms)
✔ risk-carry: the risk_surface artifacts arrive and every other record stays put (58.620679ms)
✔ risk-carry: a COPY - the originals are still where they were (59.662538ms)
✔ risk-carry: EVERY round arrives, not the highest one alone (53.938563ms)
✔ risk-carry: a re-run finishes the job instead of refusing it (105.325326ms)
✔ risk-carry: a DIFFERING destination file refuses, and copies nothing (62.42599ms)
✔ risk-carry: a symlink squatting the destination is refused, never followed (52.864862ms)
✔ risk-carry: a symlink squatting the PARENT is refused too (49.267195ms)
✔ risk-carry: a symlink at a carried NAME is refused, never read as already carried (51.540786ms)
✔ risk-carry: a mistyped phase spelling refuses before anything is copied (54.015018ms)
✔ risk-carry: a phase with no risk_surface fire is an answer, not a refusal (48.875572ms)
✔ risk-carry: a symlinked source artifact is refused, and its target never lands (53.057899ms)
✔ risk-carry: a symlinked phases/<N> is refused before it is listed (50.347389ms)
✔ risk-carry: a symlinked phases/ is refused too (50.239765ms)
✔ risk-carry + milestone-prune --mode delete: the same verdict, off the carried records (211.726435ms)
✔ seed-reqs: a declared id with an ## Active bullet is seeded at Pending; a second run reports it skipped, file byte-identical (115.215248ms)
✔ seed-reqs: an id with no ## Active bullet is reported under orphan_ids, no row written, and audit still lists it under orphans.plan_ids (98.45429ms)
✔ seed-reqs: a missing ## Active heading returns no_active_section: true (57.644534ms)
✔ seed-reqs: --phase absent/non-numeric/negative all return bad-args, nothing written (157.721778ms)
✔ seed-reqs: a --phase spelling that cannot round-trip is refused before any read (D-07) (316.873182ms)
✔ seed-reqs: a malformed requirements: line surfaces frontmatter_issues (56.485491ms)
✔ seed-reqs: absent REQUIREMENTS.md / absent phase dir / no conforming plan file degrade with named reasons (157.996511ms)
✔ seed-reqs: a seeded row survives renumber insert, reading Phase 2 (107.476443ms)
✔ status: missing .planning degrades with a recovery hint (51.977195ms)
✔ status: missing ROADMAP.md is no-roadmap (55.285351ms)
✔ status: a ## Phases section holding no phase token is a closed milestone, not a parse failure (59.053461ms)
✔ status: a non-canonical phase-shaped line is unparseable-roadmap with a per-line diagnostic (55.181083ms)
✔ status: a wiped checkbox list whose ### Phase N: details survive is NOT a closed milestone (53.131109ms)
✔ status: no ## Phases section at all is still unparseable-roadmap (52.59527ms)
✔ status: an interrupted close reports the closed state AND a phase-dir drift entry (61.017323ms)
✔ status: a tagged close that never ran cursor set reports cursor drift on the stale total, while still agreeing (59.898857ms)
✔ status: a finished close (cursor of 0) reports no drift at all (56.711822ms)
✔ status: closed milestone, cursor "phase complete" agrees=true (56.150836ms)
✔ status: closed milestone, cursor "ready to plan" agrees=true (60.834365ms)
✔ status: closed milestone, cursor "paused" agrees=true (50.263329ms)
✔ status: closed milestone, cursor "planned" agrees=false (49.673197ms)
✔ status: closed milestone, cursor "executed" agrees=false (53.432451ms)
✔ status: closed milestone, cursor "context gathered" agrees=false (44.525947ms)
✔ status: derives unplanned/planned/executed/complete from artifacts (55.414828ms)
✔ status: SUMMARY without UAT is executed, not complete (61.055435ms)
✔ status: all complete -> current null; multi-plan files listed (73.740038ms)
✔ status: skipped without a reason blocks completeness (53.203746ms)
✔ status: roadmap-box drift both directions (61.620218ms)
✔ status: req-status drift; Deferred and unmapped rows exempt (54.55318ms)
✔ status: cursor agreement and disagreement (97.832437ms)
✔ status: decimal insertion phases sort and derive like integers (51.787143ms)
✔ status: paused cursor always agrees (legal at any point) (51.666374ms)
✔ status: named and zero-padded phase dirs are reported, grouped by prefix (52.846607ms)
✔ status: a tree of legal phase dirs reports no drift at all (53.087325ms)
✔ status: a stray FILE under phases/ is not a phase directory and is not reported (52.47452ms)
✔ status: 08 beside a legal 8 names the phase it collides with (52.744473ms)
✔ status: a zero-padded fraction is reported and 1.10 is not (55.428483ms)
✔ status: 08 beside 8 survives the close as ONE phase-dir entry, on the legal name (52.028582ms)
✔ status: a legal sub-phase directory still survives the close (59.588327ms)
✔ status: two legal sub-phases that parse to one number are reported (59.904868ms)
✔ status: distinct sub-phase numbers report no collision (59.72133ms)
✔ status: an unexecuted gap plan beside a SUMMARY is executed AND outstanding (60.654103ms)
✔ status: every plan reporting complete lists the phase nowhere, and the key is still there (57.777937ms)
✔ status: the outstanding plan list IS replay-check's dispatch_set, from one definition (110.608754ms)
✔ status: a planned phase that has run nothing is outstanding in full (62.04254ms)
✔ status: an unplanned phase has no plans and so takes no entry (53.939504ms)
✔ task-record: writes the record, with the range's own commits and files (84.89212ms)
✔ task-record: a second identical run leaves the file byte-identical (150.437817ms)
✔ task-record: no planning root means nothing is created and written:false says why (80.276409ms)
✔ treeless run: every seam /cad-task calls answers written:false, and nothing is created (400.844951ms)
✔ task-record: a slug that is not one path segment is refused, nothing written (303.365354ms)
✔ task-record: a tasks/<slug> that is a symlink OUT is refused, nothing written (81.41954ms)
✔ task-record: a --base that does not resolve is ok:false with nothing written (71.103588ms)
✔ task-record: --text and --text-file together are refused, and neither is guessed (127.007505ms)
✔ trace ignore: a fresh repo with no .gitignore gets the line written (87.229028ms)
✔ trace ignore: a re-run adds no second line and touches no byte (158.132018ms)
✔ trace ignore: a brownfield .gitignore keeps every line it had (80.881397ms)
✔ trace ignore: a project ignoring .planning/ wholesale is already correct (153.494725ms)
✖ trace ignore: a non-git root falls back to the literal scan and still writes (75.894912ms)
✔ trace ignore: a tracked run record is REPORTED, never quietly ignored (91.556572ms)
✔ trace ignore: a TRACKED record whose line is present reports ignored and writes nothing (236.134133ms)
✔ trace ignore: a .git/info/exclude match does NOT satisfy the line (148.482361ms)
✔ trace ignore: a project covered for the record alone is REPORTED, then upgraded (229.523952ms)
✔ trace ignore: the sibling rule names the file the writer actually creates (94.31868ms)
✔ trace ignore: a project covered for the trace AND the live reads line gains only the rest (259.701393ms)
✔ trace ignore: the reads rules name the files the writer actually produces (90.153235ms)
✔ trace ignore: git itself answers for the reads record and its sibling, from the repo's own .gitignore (97.499163ms)
✔ trace ignore: THIS repository already covers the reads sibling (D-11) (3.558322ms)
✔ trace ignore: a --root present with nothing usable is refused, never the cwd (199.898738ms)
✔ uat init: writes all-pending checklist and returns the first item (114.267006ms)
✔ uat init: refuses a malformed payload, writes nothing (157.32308ms)
✔ uat record: unknown item and bad result refuse without writing (156.742567ms)
✔ uat record: a valueless --item refuses; UAT.md is byte-unchanged (103.550012ms)
✔ uat record: a abc --item refuses; UAT.md is byte-unchanged (107.535084ms)
✔ uat record: a empty string --item refuses; UAT.md is byte-unchanged (100.947747ms)
✔ uat record: a clean integer naming no item still answers unknown-item (107.993134ms)
✔ uat record: a normal --item still records, with counts and first_pass (103.82803ms)
✔ uat record: --fields-file writes the SAME UAT.md the five inline flags write (214.512999ms)
✔ uat record: a --fields-file value no shell could expand lands verbatim (119.324346ms)
✔ uat record: every --fields-file refusal is bad-args, UAT.md byte-unchanged (560.156034ms)
✔ uat merge: matches by k, and a verifier pass never rewrites first_pass (214.543867ms)
✔ uat record: sets status, first_pass once, returns next pending (zero re-reads) (220.080767ms)
✔ uat record: fixed failure resets to pending, first_pass survives (158.967753ms)
✔ uat record: verifier source cannot overwrite a recorded result (143.864485ms)
✔ uat record --source model: stores the provenance and it survives a later record (134.158351ms)
✔ uat record: an out-of-enum --source is refused with the file byte-unchanged (85.939908ms)
✔ uat record --source user: writes no source line - user stays implicit (88.707698ms)
✔ uat merge: a human_checks why_human is carried onto the appended item and survives (127.081935ms)
✔ uat refresh: appends only new names, never touches recorded results (137.233314ms)
✔ uat merge: fills pending only, appends unmatched gaps and human checks (144.314539ms)
✔ uat: a criterion written by init is byte-present after a refresh AND after a record (149.189482ms)
✔ uat init: writes fields_version unconditionally, and it survives refresh and record (127.254282ms)
✔ uat init: a payload with no criterion and no origin still gets the marker (42.961914ms)
✔ uat: an origin written by init survives refresh and record the same way (129.298686ms)
✔ uat refresh: carries source, criterion and origin onto an appended item, in lockstep with init (85.169845ms)
✔ uat record --origin: sets provenance after the fact on an existing item (80.612536ms)
✔ uat record: an out-of-enum --origin is refused with the file byte-unchanged (73.218857ms)
✔ uat record --criterion: restores a dropped link in the registered field position (78.757471ms)
✔ uat record: an out-of-shape --criterion is refused by name, file byte-unchanged (150.959846ms)
✔ uat init: an out-of-shape criterion or origin is bad-payload, nothing written (75.995793ms)
✔ uat merge: both append paths write origin verifier - the item-level provenance source cannot carry (78.117164ms)
✔ uat merge: a MATCHED pending item gets source verifier and no origin - it was not verifier-added (74.412815ms)
✔ uat merge: an entry with no usable name is rejected, never written (#46.2) (75.672338ms)
✔ uat merge: an untrimmed name fills the pending item, never appends a duplicate (76.809399ms)
✔ uat merge: a finding conflicting with a recorded result is skipped and counted (#46.3) (116.560421ms)
✔ uat merge: FINDINGS.json holds the five counters plus every discarded entry (118.644301ms)
✔ uat merge: a human_check matching an existing item is recorded while its counter stays deferred (78.340027ms)
✔ uat merge: a clean payload still writes FINDINGS.json, both arrays empty (74.556998ms)
✔ uat merge: a later uat record leaves FINDINGS.json byte-identical (112.761072ms)
✔ uat merge: a second merge replaces the file with the second merge envelope (117.72791ms)
✔ uat merge: a newline in verifier text cannot inject a status line (#35) (114.26004ms)
✔ uat merge: a --payload path that does not exist is no-payload (75.087707ms)
✔ uat merge: an empty --payload file is no-payload (77.902115ms)
✔ uat merge: a whitespace-only --payload file is no-payload (75.382698ms)
✔ uat merge: a --payload file holding null is bad-payload, not silence (76.850927ms)
✔ uat merge: a --payload file holding a bare string is bad-payload (71.393968ms)
✔ uat merge: a --payload file holding {} is bad-payload, not an all-zero success (78.678259ms)
✔ uat merge: a --payload file holding a JSON array is bad-payload (74.678669ms)
✔ uat merge: gaps present but not an array is bad-payload (74.68944ms)
✔ uat merge: passes present but not an array is bad-payload (85.9362ms)
✔ uat merge: human_checks present but not an array is bad-payload (85.550618ms)
✔ uat merge: an omitted list is not a malformed one (77.286645ms)
✔ uat merge: --payload with no path refuses, never a read of fd 1 (73.431109ms)
✔ uat merge: --payload <file> and stdin merge identically (152.243484ms)
✔ uat merge: a payload carrying ONLY passes merges (89.48834ms)
✔ uat merge: a payload carrying ONLY gaps merges (75.506313ms)
✔ uat merge: a payload carrying ONLY human_checks merges (76.409808ms)
✔ uat init: a literal null on stdin is bad-payload, not silence (39.012138ms)
✔ uat refresh: a literal null on stdin is bad-payload, not silence (83.444114ms)
✔ uat: a hand-added ### section mints no item and survives rewrites (#46.1) (158.141069ms)
✔ uat: a `## ` inside a fenced block does not truncate a preserved section (120.503262ms)
✔ uat status: complete only when every item passes or is skipped-with-reason (201.424623ms)
✔ uat: missing checklist degrades to no-uat (35.012508ms)
✔ renumber remove: a CRLF roadmap renumbers correctly and stays CRLF (55.760234ms)
✔ renumber remove: a lone-CR roadmap is refused, not silently corrupted (59.702816ms)
✔ status: a lone-CR roadmap refuses rather than reporting a closed milestone (57.236438ms)
✔ renumber: refuses to operate ON a decimal phase (103.904295ms)
✔ renumber: the decimal refusal names decimals, not a missing flag (118.203195ms)
✔ renumber remove: a valueless --n refuses; roadmap and dirs untouched (54.344724ms)
✔ renumber remove: a non-numeric --n refuses the same way (59.679741ms)
✔ renumber insert: a valueless --at refuses; roadmap and dirs untouched (53.332651ms)
✔ renumber insert: a non-numeric --at refuses the same way (49.712111ms)
✖ renumber: a decimal cursor is warned about, never shifted (#37) (63.098858ms)
✔ phase-done: a decimal phase flips its own line, dot not a wildcard (50.710718ms)
✔ status: --dir with nothing after it is bad-args naming the flag, and stderr stays empty (54.480201ms)
✔ status: an empty --dir "" is bad-args naming the flag, and stderr stays empty (51.076383ms)
✔ status: a whitespace-only --dir is bad-args naming the flag, and stderr stays empty (48.246577ms)
✔ status: a flag-shaped --dir value is bad-args naming the flag, and stderr stays empty (53.925367ms)
✔ status: a genuinely ABSENT --dir still defaults to ./.planning (54.479519ms)
✔ lease-check: --phase 1.10 leases against phases/1.10 when no phases/1.1 exists (72.384442ms)
✔ lease-check: --phase 1.10 refuses when phases/1.1 is also on the tree (128.12072ms)
✔ lease-check: --phase 08 names phases/08 when no phases/8 exists (67.591835ms)
✔ lease-check: --phase 08 beside a legal phases/8 is refused, naming both (63.924777ms)
✔ plan-overlap: --phase 08 reports no-phase-dir naming phases/08 when no phases/8 exists (57.230868ms)
✔ plan-overlap: --phase 08 beside a legal phases/8 is refused, naming both (119.869692ms)
✔ plan-overlap: --phase 1.10 intersects phases/1.10's plans when no phases/1.1 exists (51.026118ms)
✔ plan-overlap: --phase 1.10 is refused once phases/1.1 is on the tree too (53.74823ms)
✔ uat: --phase 1.10 reads phases/1.10/UAT.md when no phase 1.1 directory exists (118.249342ms)
✔ uat: --phase 1.10 is refused on a tree holding phase 1.1, leaving its checklist alone (108.09134ms)
✔ uat: a malformed --phase is refused in the shared wording, before any read (164.706187ms)
✔ seed-reqs: --phase 08 is refused outright, never answering about phases/8 (109.102071ms)
✔ cad-plan-checker-contract states one dimension count in all three places (1.266677ms)
✔ phase_diff: the schema purpose names the gate a no-gate resolve really answers (36.059949ms)
✔ risk_surface row: its shape (c) clause names no producer, and task.md still holds its rails (1.018285ms)
✔ risk-surface categories: the schema enum, the detector and the detection list are one list (0.3842ms)
✔ plan authority: Action never invents, Verify decides, in all five documents (1.708336ms)
✔ risk_surface fires on a completed range, and both fire sites carry the transient-file rails (0.284871ms)
✔ every deferred-read row states its consult-site count at each anchor (5.853503ms)
✔ the lockfile lease: both contracts name the same lockfiles and the reason lease-check emits (0.350516ms)
✔ the analyzer spend gate precedes the resolve, and four surfaces state two questions (0.588949ms)
✔ the reviewer brief carries the same bar the reviewer contract states (0.452811ms)
✔ the reviewer brief costs under 1% of the default review.max_prompt_tokens (2.636369ms)
✔ the turn bound: every rung file and the spawn-agent seam name one maxTurns value (0.577517ms)
✔ WIR-01: the recovery arm names its producers in both documents, and the default reviewer names its bound (0.677046ms)
✔ #195: execute.md locates unconditionally and refuses an already-executed phase (0.266767ms)
✔ EXP-03: execute.md asks the replay seam and obeys its answer (0.213355ms)
✔ EXP-03: only the plans without a completed report reach a dispatch (0.260094ms)
✔ README's "Today it is N skills and M agent roles across K rung files" matches the tree (1.079732ms)
✔ PROJECT.md's `### Active` declares its milestone as the section's first version token (1.340256ms)
✔ the executor dispatch hands over the resolve's answered surfaces, and the contract says what to do with them (0.366436ms)
✔ both fire sites invoke the risk-check seam rather than reading a prose list (0.117804ms)
✔ cad-land step 3: the auto_close branch takes its value from `config.mjs get` (0.306161ms)
✔ cad-land 3(b): the GitLab arm consults the authorization seam BEFORE it creates (0.282868ms)
✔ cad-land step 3: the deferred queue refuses ahead of BOTH publish arms (0.339455ms)
✔ LND-02: milestone.md carries the rulings BEFORE the prune, and stops on ok:false (0.406302ms)
✔ LND-02: cad-land 3(b) unions the RULINGS from both roots, not the review findings (0.536169ms)
✔ progress.md: the deferred count is read off the envelope at both its sites (0.405751ms)
✔ progress.md: an executed phase with outstanding dispatches routes to /cad-execute (1.386143ms)
✔ execute.md state: a deferring run points the cursor at its queue and commits it (0.580723ms)
✔ ENFORCEMENT, execute.md: the plan is not reported done while risk-check status refuses (0.152851ms)
✔ ENFORCEMENT, task.md: the completion rule decides `written: false`, in ONE place (0.429146ms)
✔ RSK-11, task.md: the surfaces-unanswered refusal is answered in the run, not stopped at (0.17363ms)
✔ ENFORCEMENT, execute.md: the blocking FAIL arm dispatches a continuation cad-executor (0.396052ms)
✔ ENFORCEMENT, execute.md: the guardrail still forbids a coordinator Edit/Write outside .planning/ (0.280223ms)
✔ PAR-01: the parallel path REACHES execute.md's risk sequence instead of copying it (0.154534ms)
✔ ENFORCEMENT, execute-parallel.md: a plan is not reported done while risk-check status refuses (0.079612ms)
✔ PAR-01: both parallel risk-check calls name that plan's OWN merge range (0.336359ms)
✔ GAT-04: every fenced outcome receipt names its trigger, plan and both range ends (0.314938ms)
✔ RSK-07: all four surfaces state the SEVERITY-GATED meaning of `survived` (1.420449ms)
✔ MSR-01: the spawn seam's close-half rule states the turn count, its omission and its own counter (0.265324ms)
✔ MSR-02: report.md names every excluded source the seam exports, where it prints the spend figure (0.253311ms)
✔ TRN-02: the bulk-output rule is stated once, and every converted site performs it (8.66217ms)
✔ PLN-01: the max_plan_tasks decision reads the same off the schema and the catalog (0.551618ms)
✔ SGT-01: the suggest seam's unset-layer defaults are config.schema.json's own (0.429436ms)
✔ REL-01: git.create_tag is read at one prose site, and its purpose names that site (2.061346ms)
✔ AC6: report.md renders its Gates line from the record, states the unrecorded arm, and leaves Refuted on SUMMARY (0.320539ms)
✔ IVW-01: the prose and scanTree state one `recommended`, and only the reason moves (1.882016ms)
✔ IVW-01: both risk-surface interview sites carry the ask-user rules, and the builder holds the cap (0.85779ms)
✔ triage-gate.md: the corr-keyed re-arm read-back survives the deferred arm beside it (0.156487ms)
✔ triage-gate.md: the re-arm read-back, RUN, answers per PLAN and not per corr alone (278.776701ms)
✔ RDX-01: report.md prints the in-dispatch figure with its coverage, its exclusion and the null rule (0.316352ms)
✔ TRC-10: suggest.md's scope step names what shortens the reads record (0.28424ms)
✔ RDX-01: suggest.md qualifies its no-tweak line to CONFIG KEYS and states the info exception (0.195ms)
✔ every decideManifestBump verdict code is named in BOTH documents (D-07) (0.52597ms)
✔ every frontmatter grammar code has a row in plan-frontmatter.md (D-12) (2.788719ms)
✔ setup: a declined provider question stops both entry points before any write (0.21566ms)
✔ setup: the none-of-these check FAILS when the arm is deleted (0.280132ms)
✔ setup: the create confirmation is put BEFORE the create runs (0.137171ms)
✔ setup: the confirmation-order check FAILS when the create is moved above it (0.163951ms)
✔ EXP-05: the executor verifies a task with the run that task names (0.171627ms)
✔ EXP-05: the targeted-run check FAILS when the sentence is deleted (0.149264ms)
✔ EXP-05: the full suite has one site, after the last task and before the digest (1.212725ms)
✔ EXP-05: the suite-site check FAILS when the site is deleted (0.130788ms)
✔ EXP-05: the executor and the verifier state one rule in one vocabulary (0.284531ms)
✔ PHS-02 (1): the too-big arm names /cad-phase add before the commands that need a phase (0.088448ms)
✔ PHS-02 (2): the arm resolves the phase number rather than printing a placeholder (61.806533ms)
✔ PHS-02 (3): the first stop carries the task's own description, and /cad-phase advertises it (0.337421ms)
✔ PHS-02 (4): no /cad-task surface sends phase-sized work to /cad-context first (0.117914ms)
✔ PHS-02 (5): the /cad-context off-roadmap stop names the command that creates the phase (0.066336ms)
✔ PHS-03: task.md classifies before it guards, with one guard step (0.129706ms)
✔ PHS-03: the phase-sized arm names both doors where there is no planning tree (0.094349ms)
✔ TRC-13: report.md prints ran beside rung, off the bracket row, and names the disagreement (0.166737ms)
✔ RSK-10: every risk-check run invocation names --base and exactly one scope end (2.297646ms)
✔ RSK-10: a plan that landed no commits records the skip rather than a clean check (0.296653ms)
✔ an array passes through unchanged (1.056127ms)
✔ an EMPTY array still means nothing is protected (D-09) (0.553421ms)
✔ a lone string names the branch the user means to protect (#38) (0.130407ms)
✔ a string that names no branch falls to the default (GRD-01, D-02) (0.109588ms)
✔ an array whose entries all name no branch falls to the default (GRD-01, D-01) (0.112113ms)
✔ an array keeps the entries that DO name a branch (GRD-01, D-01) (0.098026ms)
✔ a surviving entry is kept as the user spelled it, never rewritten (0.08959ms)
✔ no returned list ever carries an empty or whitespace-only entry (AC1) (0.201182ms)
✔ every other shape falls back to the default list (0.159113ms)
✔ a missing git block is the default, never a throw (3.329366ms)
✔ publish: byte-exact argv with the branch only inside the one refspec token (1.27844ms)
✔ publish: a valid non-origin remote that IS configured publishes to it (0.16876ms)
✔ refuse: auto_close off wins even when everything else is valid (0.133193ms)
✔ refuse: auto_close undefined -> auto-close-off (only literal true publishes) (0.09463ms)
✔ detail: off everywhere and requested-globally are DIFFERENT sentences (0.167468ms)
✔ detail: the requested-globally sentence says a user-global setting cannot authorize here (0.117784ms)
✔ detail: the off-everywhere sentence still names where the opt-in belongs (3.227172ms)
✔ detail: an authorized call publishes and carries no detail at all (0.123034ms)
✔ detail: gate 1 is the ONLY refusal that carries one (0.153422ms)
✔ detail total: a bare call and non-boolean inputs coerce rather than throw (0.163651ms)
✔ refuse: no branch / detached HEAD -> no-branch (0.08413ms)
✔ refuse: a leading-dash branch -rf -> bad-branch (never read as an option) (0.113145ms)
✔ refuse: a colon/metachar branch -> bad-branch (never a src:dst refspec) (0.05261ms)
✔ refuse: a protected branch -> protected-branch (0.036289ms)
✔ refuse: a path/URL remote -> bad-remote (0.040608ms)
✔ refuse: a dash-prefixed remote never reaches the argv (bad-remote), even if configured (0.068781ms)
✔ refuse: a remote not in configuredRemotes -> remote-not-configured (0.040427ms)
✔ refuse: gate order - bad-remote is reached before remote-not-configured (0.032752ms)
✔ total: non-array protectedBranches/configuredRemotes coerce, never throw (0.038724ms)
✔ total: non-string currentBranch/remote refuse rather than throw (0.039936ms)
✔ total: a bare call with no args refuses (auto-close-off), no throw (0.04746ms)
✔ reap: byte-exact argv with the branch behind a -- end-of-options marker (0.116621ms)
✔ reap: an absent branch is a SKIP, not a failure (idempotent close) (0.065214ms)
✔ reap: an UNKNOWN exists (undefined) still reaps - only false skips (0.161647ms)
✔ refuse: no branch at all -> no-branch (0.122563ms)
✔ refuse: an unsafe branch name -> bad-branch, and the argv stays empty (0.092757ms)
✔ refuse: a protected branch is never reaped (0.050627ms)
✔ refuse: the checked-out branch -> current-branch, a name for what git errors on (0.039896ms)
✔ reap gate order: bad-branch beats protected, protected beats current, current beats absent (0.04712ms)
✔ reap total: a bare call and non-array protectedBranches never throw (0.054173ms)
✔ reap authorizes nothing: no auto_close input exists to pass it (0.047871ms)
✔ torn gate: no torn layer is no refusal, whatever else is on warnings[] (0.083859ms)
✔ torn gate: a torn layer refuses, with the merge's own wording (0.080253ms)
✔ torn gate: TOTAL - a missing or non-array input is no refusal, never a throw (0.050726ms)
✔ a tool outside the recorded set is not a read (1.091925ms)
✔ every recorded tool produces a record (0.225499ms)
✔ Read carries its path and window (0.072969ms)
✔ a main-thread call bills the coordinator; a subagent call bills its type (0.06358ms)
✔ an agent_id with no agent_type is still not the coordinator (0.045487ms)
✔ Bash records the program and NEVER the command line (0.171325ms)
✔ an inline env assignment is stripped, so an inline secret is never the token (0.117864ms)
✔ excerpt_read is billed like Read, with its path as the target (0.078369ms)
✔ excerpt_search records its SCOPE and never its pattern (0.093638ms)
✔ a failed call records is_error and the first line of its cause (0.514017ms)
✔ a successful call records is_error false and no cause (0.103446ms)
✔ a response that says nothing about failure records no is_error at all (0.068921ms)
✔ a cause line masks a credential VALUE and keeps its name (0.064993ms)
✔ an error line is capped rather than storing a payload (0.049795ms)
✔ Grep records its SCOPE and never its pattern (0.04762ms)
✔ tool_response sizes the record when present, and is absent otherwise (0.055836ms)
✔ an unserializable response leaves bytes absent rather than throwing (6.014499ms)
✔ the first write creates the file and round-trips (0.437672ms)
✔ appends accumulate rather than replacing (0.274311ms)
✔ a symlinked reads file is refused, appending nothing (0.163952ms)
✔ a record at the bound ROTATES and the append lands, rather than reporting a cap (8.421994ms)
✔ the marker SEALS the generation it carried away, in bytes (5.836791ms)
✔ the SECOND rotation evicts the generation the first one left (5.592326ms)
✔ a record that only reached the generation SURVIVES the second rotation (AC1) (7.750557ms)
✖ a rescue that cannot READ states the bytes it did not carry, rather than nothing (3.254234ms)
✔ a generation whose marker carries NO seal states an UNKNOWN shortfall, not silence (3.21529ms)
✔ a leftover sibling beside a record UNDER the bound is left exactly where it is (0.388178ms)
✔ writers racing at the bound leave ONE generation, no claim and no record lost (50.274409ms)
✔ an ABANDONED claim is reclaimed rather than disabling rotation forever (4.77361ms)
✔ a LIVE claim is left standing, at the cost of one deferred rotation (284.085848ms)
✔ a claim carrying NO sidecar at all reads as live, the same way (279.852224ms)
✔ an eviction that cannot CONFIRM its claim puts the generation back (AC3) (5.551419ms)
✔ a COMPLETED rotation leaves its sidecar behind, inert, and does not rotate again (8.791977ms)
✔ a single record that reaches the bound by itself is refused, never rotated (14.455919ms)
✔ a record with no room BESIDE the marker is refused, not rotated for (AC2) (17.241221ms)
✔ a record that DOES fit beside the marker rotates under the bound (AC2) (13.190605ms)
✔ a bad record is refused by reason, never thrown (0.745867ms)
✔ an unwritable root returns a reason rather than throwing (0.175012ms)
✔ redundancy is calls-over-distinct, the figure the ledger asks for (0.265565ms)
✔ an untargeted call counts as a call but cannot count as a repeat (0.088718ms)
✔ no targets at all yields no redundancy rather than infinity (0.071255ms)
✔ coordinator and worker reading are split apart (0.111121ms)
✔ a partial byte capture never reads as a total (0.086444ms)
✔ junk records are skipped rather than throwing (0.05766ms)
✔ a command that opens with cd bills the program that did the work (0.197946ms)
✔ a pipeline bills its first real stage, and secrets stay stripped per segment (0.076134ms)
✔ a heredoc body cannot reach the record (0.066627ms)
✔ anything that is not a bare program name is refused, not recorded (0.039806ms)
✔ ordinary commands still bill correctly after hardening (0.040197ms)
✔ a Bash command yields the in-repo files it names, relative to the root (2.188629ms)
✔ a secret in the command line is not a file, so it cannot be recorded (0.455465ms)
✔ a path outside the project is refused however real it is (0.319036ms)
✔ a directory is not a read, and a nonexistent path is not a file (1.995742ms)
✔ quoted, expanded or globbed tokens are content and never candidates (0.169002ms)
✔ a heredoc body cannot contribute a path, matching programOf (0.142841ms)
✔ relative tokens resolve against the calls own cwd, not just the root (0.214056ms)
✔ the per-call file cap bounds a sweep (0.517944ms)
✔ with no opts the record is byte-identical to what it was before files existed (0.097054ms)
✔ recordFromHook carries the files through when the caller supplies a root (0.203808ms)
✔ a Bash call naming no in-repo file carries no files field at all (0.186314ms)
✔ file redundancy is path-touches over distinct files, apart from target redundancy (0.123274ms)
✔ a corpus recorded before files existed yields no file measurement rather than zero (0.067478ms)
✔ join: a rung-suffixed agent normalizes to its role and joins its bracket (0.319667ms)
✔ join: the same record outside every bracket of its role is unjoined (0.107444ms)
✔ join: a record inside two overlapping same-role brackets is AMBIGUOUS, joined to neither (0.104078ms)
✔ join: the host agent types are a stated FLOOR, never a failed join (0.10531ms)
✔ the role mapping is EXPORTED, so the stop hook reads it rather than copying it (0.066136ms)
✔ the rung mapping answers off the TABLE, never off a filename suffix (0.103227ms)
✔ the rung mapping and RUNG_FILES cannot drift apart (0.239926ms)
✔ join: a record with no agent field names the field absent rather than defaulting (0.112544ms)
✔ join: a coordinator read is its own bucket, never an unjoined worker read (0.075564ms)
✔ join: an unreadable timestamp on either side is refused, never widened (0.091665ms)
✔ join: no bracket rows at all is every subagent read unjoined, never an error (0.058461ms)
✔ seam: `reads --join` reports four figures the fixtures fix exactly (62.844725ms)
✔ seam: `reads` WITHOUT the flag returns the envelope it always returned (105.976462ms)
✔ seam: an empty record still says `no reads recorded yet` under the flag (55.30574ms)
✔ in-dispatch: distinct is summed PER BRACKET, so the ratio is in-dispatch and not corpus-wide (0.56803ms)
✔ in-dispatch: a role whose joined reads carry no `files` reports a NULL ratio, never 0 (0.184721ms)
✔ in-dispatch: a coordinator read carrying files is EXCLUDED and counted, never attributed (0.129216ms)
✔ in-dispatch: a read joined to no bracket contributes to nothing at all (0.100841ms)
✔ seam: `reads --join` carries the per-role in-dispatch rows the fixtures fix exactly (55.20089ms)
✔ seam: the join fixtures carry no `files`, so the new key holds NO measurement, never a zero (57.748812ms)
✔ seam: `reads` WITHOUT the flag still carries no in-dispatch key at all (113.885531ms)
✔ seam: two rotations later, `reads` still reports the cut and bills no marker (AC4) (64.53682ms)
✔ the marker carrying the new field is still filtered out of both folds (0.232331ms)
✔ every committed refusal token is still produced by the live tree (87.192049ms)
✔ the census is ONE-DIRECTIONAL: a token the list does not carry passes (47.167516ms)
✔ the list is sorted, distinct and non-empty, so a paste-back is visible (0.222052ms)
✔ the method reads LITERALS only: no sentinel and no expression is on the list (0.226571ms)
✔ the derivation reaches the whole bin tree, so no arm above is vacuous (41.641896ms)
✔ redactUrl: the git:// form, which git does NOT anonymize (1.056067ms)
✔ redactUrl: the path/scp-shaped form, the second one measured to leak (0.201874ms)
✔ redactUrl: an https:// form carrying userinfo, which git anonymizes itself (0.201102ms)
✔ redactUrl: a password-less userinfo is the whole credential and still goes (0.179622ms)
✔ redactUrl: a message with no URL in it comes back byte-identical (0.124367ms)
✔ redactUrl: an email address is an address, not a credential (0.104268ms)
✔ redactUrl: the credential on the second line of a multi-line message (0.118115ms)
✔ redactUrl: a non-string input is coerced, not passed through (0.116271ms)
✔ redactUrl: a userinfo span the window cut before its `@` still goes (0.170303ms)
✔ redactUrl: a port is not userinfo, at end-of-input as much as mid-body (0.187427ms)
✔ redactUrl: the end-of-input rules stay inside redactUrl's own half (0.107414ms)
✔ redactCredentials: an authorization echo loses the scheme word too (1.207314ms)
✔ redactCredentials: a credential-shaped query parameter, name and value (0.100501ms)
✔ redactCredentials: the JSON pair spelling, and the bare form-body one (0.106092ms)
✔ redactCredentials: a bare credential WORD is not a credential shape (0.09479ms)
✔ redactCredentials: total - a non-string input is coerced, nothing throws (0.259032ms)
✔ redactCredentials and redactUrl each keep their own coverage (0.075804ms)
✔ redactCredentials: a QUOTED value goes whole, spaces and all (0.102004ms)
✔ redactCredentials: camelCase names are credential names too (0.091794ms)
✔ redactCredentials: a quoted value cut before its closing quote still goes (0.074461ms)
✔ REDACTION_MARK is the string both redactors actually write (0.062509ms)
✔ cost: a whole ARTIFACT is linear, not quadratic (#167) (86.379836ms)
✔ the start lookbehinds remove attempts, never matches (0.202004ms)
✔ the scheme pin writes back the prefix it absorbed (0.08443ms)
✔ the register pins its row count and its router count (0.708086ms)
✔ the register is frozen, rows and all (0.155515ms)
✔ every row states a router, a branch and a cold path, all root-relative POSIX (0.287837ms)
✔ a cold file the tree does not have is reported against the COLD path (1.299299ms)
✔ a missing cold file is reported ONCE, not also as an unread branch (0.38439ms)
✔ a router carrying no plugin-root path for its cold file is an unread branch (0.318055ms)
✔ a bare `references/<file>` citation is NOT a Read (0.305971ms)
✔ a plugin-root path inside a FENCE is not a Read (0.427913ms)
✔ an unreadable ROUTER reports one unread branch per row, and never throws (0.810099ms)
✔ a references path the router names that no row declares is an unregistered branch (1.093818ms)
✔ an unregistered branch named twice is reported once (0.291204ms)
✔ a router naming ITSELF is not an unregistered branch (0.258381ms)
✔ a path inside a FENCED block is an argument, not a branch (0.600662ms)
✔ an INDENTED fence still hides its contents (0.261137ms)
✔ a path AFTER a fence closes is prose again (0.248683ms)
✔ a path outside cadence-core/references is not a branch (0.570904ms)
✔ arm 3 reads the ROUTER a row names, never every router at once (0.313515ms)
✔ a root with no cadence-core/references contributes nothing (0.112143ms)
✔ a clean fixture reports nothing (0.183588ms)
✔ a two-argument fail() is reported and a three-argument one is not (1.991695ms)
✔ an emit({ok:false, reason}) object literal is reported and a hinted one is not (0.635057ms)
✔ the conditional-spread hint spelling counts as hinted (0.394149ms)
✔ an emit({ok:true, ...}) is never reported (0.309378ms)
✔ a `usage` and an `internal` refusal are not reported (1.075604ms)
✔ a file the register excludes by name contributes nothing, hintless refusal and all (0.505831ms)
✔ every register row carries a one-line reason (0.16841ms)
✔ AC6: a substitute register excluding one more token shrinks the set by exactly that token's sites (0.49465ms)
✔ AC6: a substitute register excluding one more FILE drops that file alone (0.559853ms)
✔ D-08: a refusal inside a // comment or a /** */ block is not reported (0.477057ms)
✔ D-08: the reported line is the line in the ORIGINAL source, not the stripped one (0.400881ms)
✔ a reason that is an EXPRESSION is reported, with the expression named in the detail (0.337742ms)
✔ a site emitting ok:false with NO reason key is reported and its detail says so (0.274812ms)
✔ a call written inside a string or a regex character class is not a call (0.40489ms)
✔ a `function fail(...)` DECLARATION is a signature, not a site - its BODY still is (0.532011ms)
✔ a method call reached through a dot is somebody else's emit (0.255255ms)
✔ a *.test.mjs under the fixture bin is not walked - a test may write any shape (0.22609ms)
✔ a lib/ child IS walked (0.233874ms)
✔ a non-.mjs file under bin is off the walk (0.864243ms)
✔ an ABSENT cadence-core/bin reports nothing rather than throwing (0.185292ms)
✔ an UNREADABLE cadence-core/bin reports nothing rather than throwing (0.19996ms)
✔ refusalSites is the census refusalHintIssues is built on: hinted sites are counted, not filed (0.455075ms)
✔ every issue carries the uniform {kind, file, detail} shape and the one code (0.334526ms)
✔ bump: rewrites only version, preserves every other field, scaffolds changelog (35.901067ms)
✔ bump: a second run is a noop, plugin.json and CHANGELOG byte-identical (no double-bump) (66.128575ms)
✔ bump: no plugin.json -> skip, nothing written (27.385627ms)
✔ bump: no --version refuses even while PROJECT.md ### Active names one - the prose arm is gone (31.416757ms)
✔ bump: a present-but-unparseable plugin.json refuses, never reads as "not a plugin project" (26.54531ms)
✔ bump: a success envelope carries a machine reason code plus the human detail (32.683023ms)
✔ bump: --version IS the shipping number, and a leading v is stripped (36.675389ms)
✔ bump: a target BELOW the manifest version refuses, exit 1, nothing written (30.380407ms)
✔ bump: an unparseable --version refuses, exit 1, nothing written (34.835012ms)
✔ bump: an unparseable version IN THE MANIFEST refuses, exit 1, nothing written (35.164257ms)
✔ bump: a SIBLING that would downgrade is recorded as a refusal, not silently written (D-08) (32.646424ms)
✔ bump: an UNPARSEABLE sibling refuses the whole run, nothing written (D-07) (33.03447ms)
✔ bump: a present-but-UNREADABLE CHANGELOG refuses, nothing written (D-09) (30.636915ms)
✔ bump: a NON-REGULAR CHANGELOG that reads CLEANLY still refuses, nothing written (31.400987ms)
✔ bump: one run puts the staged Unreleased body INSIDE the dated section (36.166572ms)
✔ bump: a second identical run leaves plugin.json and CHANGELOG byte-identical (73.809309ms)
✔ bump: a third run after new content is staged promotes that too (63.408716ms)
✔ bump: an empty Unreleased body reports section_empty so the close authors the notes (33.50223ms)
✔ bump: a version-less PRIMARY manifest refuses, exit 1, nothing written (phase 1 D-01) (29.724091ms)
✔ bump: THIS repo's own manifest pair still bumps, marketplace.json recorded as skip (D-02) (37.36524ms)
✔ bump: changelog.state tells the three states apart by VALUE, not by key presence (D-10) (98.886289ms)
✔ bump: --version v refuses by NAMING the raw argument, not as no-target-version (D-06) (62.39507ms)
✔ bump: the three neighbouring --version spellings keep their own refusals (92.447836ms)
✔ unknown subcommand: usage, ok false (29.219ms)
✔ bump: an EMPTY --dir refuses by name, exit 1, writes nothing (30.942185ms)
✔ bump: a VALUELESS --dir refuses by name, exit 1, writes nothing (27.75039ms)
✔ bump: --date refuses not a date at all, writing nothing (31.516396ms)
✔ bump: --date refuses not a date at all on a NON-plugin project too (29.714362ms)
✔ bump: --date refuses a well-shaped value outside the month and day ranges, writing nothing (25.45061ms)
✔ bump: --date refuses a well-shaped value outside the month and day ranges on a NON-plugin project too (29.856973ms)
✔ bump: --date refuses unpadded month and day, writing nothing (34.209984ms)
✔ bump: --date refuses unpadded month and day on a NON-plugin project too (27.355559ms)
✔ bump: --date refuses EMPTY - refuses rather than falling through to today (D-05), writing nothing (32.090927ms)
✔ bump: --date refuses EMPTY - refuses rather than falling through to today (D-05) on a NON-plugin project too (29.530251ms)
✔ bump: --date refuses a newline that forged a second release section, writing nothing (30.594084ms)
✔ bump: --date refuses a newline that forged a second release section on a NON-plugin project too (26.642675ms)
✔ bump: a trailing valueless --date refuses, writing nothing (31.550641ms)
✔ bump: an ABSENT --date still dates today (39.032088ms)
✔ bump: a well-formed --date still writes its dated heading (36.200046ms)
✔ bump: an ABSENT --date still dates today - only a PRESENT one is validated (36.850431ms)
✔ normalize: strips a single leading v from the explicit version (0.9364ms)
✔ normalize: null when no explicit version is given (never invent one) (0.092175ms)
✔ compare §11: 1.0.0-alpha < 1.0.0-alpha.1 (a longer identifier list wins a tie) (0.352941ms)
✔ compare §11: 1.0.0-alpha.1 < 1.0.0-alpha.beta (numeric ranks below alphanumeric) (0.093638ms)
✔ compare §11: 1.0.0-alpha.beta < 1.0.0-beta (ASCII order, left to right) (0.088118ms)
✔ compare §11: 1.0.0-beta < 1.0.0-beta.2 (0.527432ms)
✔ compare §11: 1.0.0-beta.2 < 1.0.0-beta.11 (numeric identifiers compare numerically, not as text) (0.087527ms)
✔ compare §11: 1.0.0-beta.11 < 1.0.0-rc.1 (0.070103ms)
✔ compare §11: 1.0.0-rc.1 < 1.0.0 (a prerelease sorts below its own release) (0.062679ms)
✔ compare: the numeric triple dominates - 2.0.0 > 1.9.9 (0.102385ms)
✔ compare: build metadata is ignored entirely - 1.0.0+a, 1.0.0+b and 1.0.0 are all equal (0.066056ms)
✔ compare: an out-of-grammar version is null, never a guessed order (0.062037ms)
✔ compare: a leading v is out of grammar here (normalizeTargetVersion strips it upstream) (0.026811ms)
✔ compare: majors above Number.MAX_SAFE_INTEGER still order correctly (0.027091ms)
✔ bump: current differs from target -> bump with from/to (0.093418ms)
✔ bump: current equals target -> noop (idempotency, no double-bump) (0.044786ms)
✔ bump: no version field on the manifest -> skip (D-03 sibling guard) (0.043363ms)
✔ bump: no target version -> refuse, never write a null (0.099699ms)
✔ bump: every verdict carries a machine code from the closed set (0.058681ms)
✔ bump: a target BELOW the manifest version refuses downgrade (never any-difference) (0.053472ms)
✔ bump: 1.1.0-rc.2 -> 1.1.0 is still an upgrade (a release outranks its prerelease) (0.042661ms)
✔ bump: 1.1.0 -> 1.1.0-rc.2 refuses downgrade (going back to a prerelease) (0.038714ms)
✔ bump: an unparseable TARGET refuses by name, naming the side and the value (0.043613ms)
✔ bump: an unparseable MANIFEST version refuses by name, naming the side and the value (0.049013ms)
✔ bump: the TARGET is checked before the manifest - one bad number refuses every manifest alike (0.037101ms)
✔ bump: a build-metadata-only difference is not an upgrade (0.043212ms)
✔ changelog: inserts heading + link reference above the [1.0.0] entry, unaltered (0.761968ms)
✔ changelog: idempotent - a second call for the same version is a no-op (0.113767ms)
✔ changelog: total on empty/missing input, no throw (0.090813ms)
✔ changelog: a released entry lands BELOW a leading [Unreleased] section, not above it (0.092336ms)
✔ changelog: Unreleased-only file (no released heading) appends the release after it (0.115951ms)
✔ changelog: empty url omits the link reference line entirely (no malformed [ver]: ) (0.11557ms)
✔ changelog: a `## ` line inside a fenced block is not a heading - the fence stays contiguous (D-09) (0.095151ms)
✔ promote: staged content ends up INSIDE the dated section, not stranded above it (0.520158ms)
✔ promote: [Unreleased] survives as an empty stub with nothing stranded under it (0.213686ms)
✔ promote: a second call is a no-op and byte-identical (idempotent on an empty body) (0.115479ms)
✔ promote: a re-run that staged NEW content promotes that too (not first-run-only) (0.120689ms)
✔ promote: no [Unreleased] section -> no-op, nothing invented (0.099079ms)
✔ promote: no dated heading for the target -> no-op, content stays staged (0.05297ms)
✔ promote: trailing link references stay put when [Unreleased] is the last section (0.509829ms)
✔ promote: a reference definition INSIDE the body travels with the content that cites it (0.150326ms)
✔ promote: sectionEmpty is false once content landed, true when the section stays bare (0.125178ms)
✔ changelog+promote: scaffolding then promoting puts the dated heading above the fence-open line, all five body lines between it and [1.0.0] (D-09) (0.110941ms)
✔ promote: a body of only ###/#### subheadings reports sectionEmpty:true (D-03) (0.076335ms)
✔ promote: a prose-only body with no bullets reports sectionEmpty:false (D-03) (0.062739ms)
✔ promote: a last-section body ending in a bare-key ref promotes BOTH the bullet and the definition (D-05) (0.386654ms)
✔ promote: a file-final ref naming an EXISTING heading stays in the trailing block, outside the promoted body (D-05) (0.112223ms)
✔ promote: total on junk input - a non-string text and a falsy version never throw (0.049584ms)
✔ an explicit repo-layer true is the one shape that authorizes (0.782597ms)
✔ an explicit repo-layer false does not authorize (0.257109ms)
✔ a repo config that never mentions the key does not authorize (0.203627ms)
✔ an absent .planning/config.json does not authorize (0.151348ms)
✔ truncated JSON does not authorize - the read fails CLOSED (0.197756ms)
✔ a user-global true cannot speak for a repository that stayed silent (0.240787ms)
✔ fixture state 1 - no report present: nothing to rotate (1.41043ms)
✔ fixture state 2 - one report present: rotates to the first free suffix (0.46851ms)
✔ fixture state 3 - several already rotated: takes the lowest free suffix (0.81035ms)
✔ the rotate-twice round trip leaves three readable reports, the earliest byte-identical (0.519577ms)
✔ a base report stored in another case is FOUND, not read as absent (0.132752ms)
✔ unreadable inputs throw rather than answering "nothing to rotate" (0.51572ms)
✔ AC6: both names rotation produces are matched by /cad-report's own glob (3.13656ms)
✔ isReportName: this plan's canonical report and its rotated siblings (0.183769ms)
✔ isReportName: the anchors are load-bearing - plan-11 is not plan 1 rotated (0.164002ms)
✔ isReportName: byte-exact on case, unlike the rename scan above it (0.178659ms)
✔ isReportName: a malformed plan number throws rather than answering (0.181825ms)
✔ isReportName: every name rotation PRODUCES is one it recognises (0.170784ms)
✔ requireInt: accepts a clean integer string (0.887667ms)
✔ requireInt: accepts a signed integer with surrounding whitespace (0.092205ms)
✔ requireInt: rejects non-numeric, empty, whitespace-only, and non-integer strings (0.085553ms)
✔ requireInt: rejects a boolean true (valueless flag) and undefined (0.057029ms)
✔ requirePhaseArg: a sub-phase keeps the caller's own spelling (0.139996ms)
✔ requirePhaseArg: a zero-padded phase addresses phases/08, not phases/8 (0.057259ms)
✔ requirePhaseArg: the raw spelling is trimmed (0.044435ms)
✔ requirePhaseArg: refuses everything the cursor shape refuses (0.07404ms)
✔ requireInt: refuses a value past the safe-integer range (0.102174ms)
✔ requireCursorNumber: refuses a value past the safe-integer range in both forms (0.206813ms)
✔ requirePhaseArg: refuses a value past the safe-integer range (0.086274ms)
✔ requirePhaseArg: the spellings the range guard must NOT touch still read (0.062278ms)
✔ lib/retired-keys.mjs is byte-identical - the eight risk.override.* keys stay retired (1.44707ms)
✔ model.profile points at the roles block, not at a key the write face refuses (0.214869ms)
✔ stakes reads as a v3.7.12 retirement naming the roles block and the interview (0.097085ms)
✔ model.auto.escalate_on_failure names the promoted key (0.070885ms)
✔ model.auto.ceiling reads as a removal, naming no replacement key (0.07895ms)
✔ model.auto.max_escalations reads as a removal, naming no replacement key (0.070925ms)
✔ a live key is not retired: granularity and workflow.research both return null (0.056938ms)
✔ a non-string key never throws and is not retired (0.075984ms)
✔ RETIRED_KEYS is frozen, so a caller cannot edit the shared map (0.075213ms)
✔ review.triggers.pre_ship.gate reads as a removal naming the milestone (0.120749ms)
✔ review.triggers.pre_ship.tier and .effort each name v3.2.0 too (0.098236ms)
✔ a config that set the pre-ship gate gets a v3.2.0 warning, not unrecognized-key (0.175263ms)
✔ a config still holding model.profile warns exactly once, naming the roles block (0.083168ms)
✔ a config still carrying stakes warns on the read face with the same pointer (0.07886ms)
✔ the presence of the key is the fault, whatever value it holds (0.085763ms)
✔ two retired auto keys yield two warnings, one each (0.065535ms)
✔ a live config warns about nothing (0.409258ms)
✔ a scalar at an intermediate segment yields no match and no throw (0.077397ms)
✔ an array at an intermediate segment yields no match and no throw (0.054463ms)
✔ a null or non-object config yields an empty list (0.053982ms)
✔ every Object.prototype member reads as not-retired, never as a v2.0.0 removal (0.085081ms)
✔ the guard costs the vocabulary nothing: a real retirement still reports since, replacement and detail (0.071136ms)
✔ parseEnvFile: comments, quotes, export prefix, blank lines (1.219448ms)
✔ resolveTimeoutMs: a usable configured value wins (0.114117ms)
✔ resolveTimeoutMs: anything unusable falls back to the default, never throws (0.080523ms)
✔ resolveTimeoutMs: an oversized value is clamped, never left to overflow (0.099599ms)
✔ resolveTimeoutMs: the default fits between a real review and the host ceiling (0.087426ms)
✔ resolveMaxPromptTokens: a usable configured value wins (0.069753ms)
✔ resolveMaxPromptTokens: anything unusable falls back to the default, never throws (0.087055ms)
✔ resolveMaxPromptTokens: a huge value is NOT clamped (0.060104ms)
✔ estimatePromptTokens: ceil of chars/4 over the string parts only (0.113185ms)
✔ estimatePromptTokens: the cap boundary - at the cap is not over it (1.019297ms)
✔ parseEnvFile quirks: = in values, asymmetric quotes, inline comments kept (0.113155ms)
✔ stripAdditionalProperties: removes the key at every depth, nothing else (0.54254ms)
✔ FINDING_SCHEMA: the bounds are stated on the wire, in every dialect (RVP-02) (0.387316ms)
✔ validateFindings: accepts the exact shape, names the first defect (0.231641ms)
✔ validateFindings: every schema bound refuses by its own name (RVP-02) (4.040989ms)
✔ validateConsult: angles need all three string fields (0.133173ms)
✔ schema-eval: every implemented keyword, both directions (RVP-02) (0.766346ms)
✔ agreement: the schema and validateFindings give the same verdict, every fixture (RVP-02) (1.174712ms)
✔ classify: tier hints applied, non-text modalities excluded, unknowns kept (0.321461ms)
✔ classify: shipped rule ordering - specific families beat generic substrings (0.181666ms)
✔ classify: injected hints prove first-match-wins mechanics (0.149755ms)
✔ broken or missing hints: classify STILL degrades to all-unknown (fail-safe), but the envelope now distinguishes them via warnings[] (#43) (0.410671ms)
✔ adapters: extractText handles both OpenAI response shapes and Gemini parts (0.117483ms)
✔ adapters: extractModels strips the Gemini models/ prefix and filters methods (0.102194ms)
✔ classify: deepseek families map to tiers, non-thinking gets no high_effort (0.101984ms)
✔ adapters: deepseek extractText reads choices[].message.content, extractModels reads data[].id (0.069321ms)
✔ adapters: deepseek structuredRequest is chat/completions json_object with the bare schema in-prompt (0.15807ms)
✔ parseArgs: subcommand plus --flag value pairs (0.191724ms)
✔ ARG-06: a flag-shaped value is bad-args by NAME, never a domain refusal (213.677821ms)
✔ cli: unknown command degrades to bad-command (33.030773ms)
✔ cli: unknown provider degrades to bad-provider (42.120947ms)
✔ cli: invoked through a symlink still runs (argv[1] vs import.meta.url divergence) (35.169478ms)
✔ cli: missing key degrades to no-key naming where to set it (33.421506ms)
✔ cli: deepseek missing key names DEEPSEEK_API_KEY (38.849831ms)
✔ cli: malformed payload degrades to bad-payload before any network call (96.299103ms)
✔ cli: key file is actually parsed (env absent, file supplies the key, flow reaches payload) (33.358556ms)
✔ cli: an over-cap review payload is refused before any request (43.937107ms)
✔ cli: an over-cap consult payload is refused the same way (48.140986ms)
✔ cli: a non-string payload field is refused, so the cap cannot be walked past (124.955265ms)
✔ cli: review and consult without --model degrade to bad-args before key lookup (80.166739ms)
✔ cli: consult payload must carry {situation} (33.908111ms)
✔ cli: an env-set key wins - flow proceeds even when the key file is absent (36.846344ms)
✔ cli: key-file paths expand ~ and default to XDG_CONFIG_HOME (74.958292ms)
✔ provider trace: a command that issues no request is STILL recorded, naming its reason (41.133029ms)
✔ provider trace: --trigger rides the event, joining the call to its fire (39.932217ms)
✔ provider trace: a call without --trigger writes an event with no trigger key (38.319704ms)
✔ provider trace: an over-cap refusal records itself, from its own process (39.606639ms)
✔ provider trace: an unwritable trace changes the envelope by not one byte (77.808969ms)
✔ harness: a body split across chunks reaches the seam as the same body (3.613225ms)
✔ harness: a destroyed response stops the emit loop mid-list (10.607356ms)
✔ fault: the destination is the adapter base, and no environment variable moves it (1.153202ms)
✔ fence: a credential in the artifact does not reach the wire (#167) (0.956648ms)
✔ fence: a clean artifact crosses byte-identical and adds no field (#167) (0.470354ms)
✔ fence: consult fences its situation too (#167) (0.592466ms)
✔ fence: an artifact that already holds the mark still reports a redaction (#167) (0.445076ms)
✔ fence: the cap measures the FENCED text, not the raw payload (#167) (0.427392ms)
✔ fault mode 1/6 - request timeout: the caller sees transport, and the trace names it (0.461337ms)
✔ fault mode 2/6 - HTTP 4xx: the caller sees http with the status, and the trace names it (0.441439ms)
✔ fault mode 3/6 - HTTP 5xx: the caller sees http with the status, not a retry (0.535007ms)
✔ fault mode 4/6 - a dead or unknown model id: the provider 404 reaches the caller intact (0.386654ms)
✔ fault mode 5/6 - a malformed or truncated body: bad-json, and no text at all: no-output (0.497896ms)
✔ fault mode 6/6 - an EMPTY findings set is ok:true and is NOT a drop-out (D-22) (0.278339ms)
✔ fault: consult and detect-models degrade through the same six-mode mapping (1.175895ms)
✔ bound: a response past the ceiling is over-response, and the stream is CUT (1.586975ms)
✔ bound: one read path, so consult and detect-models are bounded by the same change (1.874201ms)
✔ bound: a body one byte under the ceiling still resolves exactly as before (8.438565ms)
✔ bound: an ordinary socket error is still transport, not over-response (0.412073ms)
✔ bound: the http envelope carries a capped, sanitized excerpt - one shape always (0.464452ms)
✔ bound: a body over the excerpt cap is cut, and says so (0.518204ms)
✔ bound: a body near the RESPONSE ceiling is excerpted in bounded time (0.64204ms)
✔ drop-out: every refusal before the wire writes ONE provider event naming its reason (2.427182ms)
✔ drop-out: `bad-command` records nothing - no command ever began (0.225188ms)
✔ fault: a 200 the schema does not match is bad-shape, distinct from bad-json (0.312283ms)
✔ CST-04: every adapter records the usage ITS provider reported, in its own spelling (1.886945ms)
✔ CST-04: a response carrying no usage writes NEITHER key - absent, never zero (0.898969ms)
✔ CST-04: a credential-shaped span in the provider usage object never reaches the trace (1.976676ms)
✔ CST-04: a call that burned its budget and came back unusable still records what it burned (1.516091ms)
✔ CST-04: provider usage is its OWN denomination and reaches no role total (D-01) (1.513836ms)
✔ RVP-01: the response is bounded by bytes Cadence owns, and the failure envelope is capped (1.533233ms)
✔ bound: a credential straddling the sanitize window does not reach the envelope (0.479812ms)
✔ EXP-02: a userinfo span the window cut before its `@` never reaches the excerpt (0.239585ms)
✔ EXP-02: the same cut span at high magnitude - the class, not the issue figure (0.133183ms)
✔ RVP-02: local validation refuses exactly what the canonical schema refuses (0.826069ms)
✔ a risky range matches a category and names the signal that found it (2.583279ms)
✔ a clean range is judged clean: no matches, and not inconclusive (1.035027ms)
✔ a binary-only range is inconclusive, never collapsed into a clean answer (0.159914ms)
✔ an empty body is a COMPLETED check of an empty range, not an unchecked one (0.118896ms)
✔ a substring is not a path signal: src/authority.rs is not `auth` (0.238623ms)
✔ a null body returns a record rather than throwing (0.103647ms)
✔ a scalar body returns a record rather than throwing (0.092085ms)
✔ a partly-binary range that also matched reports BOTH, not one or the other (0.172488ms)
✔ a gitlink bump is inconclusive: git emitted a hunk, the nested code is not in it (0.150786ms)
✔ a submodule ADD is inconclusive on the same grounds (0.206312ms)
✔ a gitlink beside a readable file reports BOTH the match and the unread half (0.187907ms)
✔ the vocabulary is the CALLER's: a category outside it is never reported (0.139775ms)
✔ context lines are not an input - only added and removed lines are read (0.133123ms)
✔ resolveRange: an unresolvable HEAD keeps the base git DID resolve, and names `head` (52.793486ms)
✔ resolveRange: an unresolvable BASE keeps the head, and names `base` (47.50153ms)
✔ risk-check run: a risky range answers ok:true with matches AND leaves one record (82.162883ms)
✔ risk-check run: a CLEAN range leaves the same record - the whole point of the seam (85.291217ms)
✔ risk-check run: a SAME-COMMIT range is a completed empty check, not an unchecked one (80.617577ms)
✔ risk-check run: a REVERT PAIR is empty too - the ids differ and the net diff does not (104.684427ms)
✔ risk-check run: a diff DRIVER cannot turn a risky range into a completed EMPTY check (97.942055ms)
✔ risk-check run: a record quoting a destructive command is a completed CLEAR, not a fire (108.580881ms)
✔ risk-check run: withholding the record does not withhold detection from the code beside it (101.503733ms)
✔ risk-check run: `ADJUDICATION-risk_surface-plan-1.json` is withheld from the range the gate reads (97.529551ms)
✔ risk-check run: `REVIEW-risk_surface-plan-1.md` is withheld from the range the gate reads (90.507178ms)
✔ risk-check run: `FINDINGS.json` is withheld from the range the gate reads (96.503452ms)
✔ risk-check run: `verifier-findings.json` is withheld from the range the gate reads (93.868876ms)
✔ risk-check run: a PLAN.md in the SAME directory still trips - the boundary is the four shapes (91.062152ms)
✔ risk-check run: EVERY entry of the withheld set is exercised, however many it holds (350.350991ms)
✔ risk-check run: a --surfaces token outside the eight is refused, and appends NOTHING (66.430598ms)
✔ risk-check run: an unreadable range is ok:false, and STILL leaves its record (63.488008ms)
✔ risk-check run: an unresolvable HEAD keeps the base id and states the cause on the row (64.044844ms)
✔ risk-check run: the mirror - an unresolvable BASE keeps the head id and names `base` (58.537059ms)
✔ risk-check run: --base and --head are required, and a flag-shaped ref is refused (94.03434ms)
✔ risk-check run: --base <ref> --staged scans the INDEX and records it as staged (61.329845ms)
✔ risk-check run: a staged row carries the INDEX id, the identity its base cannot carry (63.53203ms)
✔ risk-check run: --staged reads the INDEX alone - an unadded worktree file is outside it (55.87946ms)
✔ risk-check run: an EMPTY index is a completed empty check, not an unchecked one (59.865844ms)
✔ risk-check run: --head and --staged together are two spellings of one scope, refused (58.338763ms)
✔ risk-check run: a --staged run whose base does not resolve keeps the staged shape (58.376344ms)
✔ risk-check run: a REF-RANGE row carries no `staged` field at all (71.759063ms)
✔ risk-check run: --plan with nothing after it is refused, never read as plan 1 (63.68406ms)
✔ risk-check status: a completed range with no record refuses, naming the plan (51.253159ms)
✔ risk-check status: appending the plan-1 record makes the identical call pass (47.141165ms)
✔ risk-check status: an EMPTY committed range is `recorded`, not `risk-record-missing` (113.286712ms)
✔ risk-check status: a PRE-FIX empty-range record still refuses - an absent flag is not empty (43.349951ms)
✔ risk-check status: a checkpoint AND a return for one plan report it once, not twice (41.344361ms)
✔ risk-check status: a record from an earlier, narrower range is STALE, not satisfaction (110.750271ms)
✔ risk-check status: a record left under `--head HEAD` does not satisfy a LATER HEAD (163.285486ms)
✔ risk-check status: a ref that cannot be resolved is a refusal, never a match (97.867412ms)
✔ risk-check status: a STAGED run is the record a staged ask finds (96.510253ms)
✔ risk-check status: a staged record does not answer for a LATER index (186.608724ms)
✔ risk-check status: a staged record carrying NO index id is never a match (99.724471ms)
✔ risk-check status: a REF-RANGE record does not satisfy a STAGED ask (97.230662ms)
✔ risk-check status: both scopes together, and a staged ask with no --plan, are refused (84.028276ms)
✔ risk-check status: a staged ask whose base does not resolve refuses, naming `base` (49.185259ms)
✔ risk-check run: the record carries the resolved commit ids beside the spellings (57.72736ms)
✔ risk-check status: a record whose git read FAILED is not a check, and does not satisfy (36.745071ms)
✔ risk-check status: a NAMED range whose only record is unchecked is refused too (54.308444ms)
✔ risk-check status: an INCONCLUSIVE record satisfies the RECORD half, with the flag on the row (39.934481ms)
✔ risk-check status: a phase with no completed executor range is ok:true and empty (35.933058ms)
✔ risk-check status: the range triple is all three or none (39.788624ms)
✔ risk-check status: a named range is required even when its return never landed (55.708594ms)
✔ risk-check status: an EARLIER invocation of the same cycle is still required (41.668186ms)
✔ risk-check status: a signed-off cycle stops being required, an unsigned one does not (36.850942ms)
✔ risk-check status: a PARTIAL verdict is not a bound (38.07076ms)
✔ risk-check status: an UNREADABLE sign-off is not a bound (40.496349ms)
✔ risk-check status: a return the bound cannot PLACE is still required (37.476461ms)
✔ risk-check status: a PREVIOUS cycle's completed range does not hold this run open (37.58656ms)
✔ risk-check status: scoping to this run is not a blanket pass - the CURRENT corr still refuses (39.466552ms)
✔ risk-check status: a record left under a PREVIOUS cycle does not satisfy this run (38.729973ms)
✔ risk-check status: a MATCHED range with no fire receipt is refused (38.594355ms)
✔ risk-check status: an outcome `adjudication` clears a matched range (36.820785ms)
✔ risk-check status: an outcome `adjudication` for ANOTHER trigger clears nothing (41.456033ms)
✔ risk-check status: an outcome `rearm` clears a matched range (38.535753ms)
✔ risk-check status: an outcome `rearm` for ANOTHER trigger clears nothing (37.650351ms)
✔ risk-check status: an outcome `gate_pass` clears a matched range (40.337227ms)
✔ risk-check status: an outcome `gate_pass` for ANOTHER trigger clears nothing (40.576781ms)
✔ risk-check status: an outcome `override` clears a matched range (40.208572ms)
✔ risk-check status: an outcome `override` for ANOTHER trigger clears nothing (42.053738ms)
✔ risk-check status: a receipt under a PREVIOUS cycle's corr clears nothing (39.853798ms)
✔ risk-check status: a range the detector CLEARED needs no receipt at all (38.366712ms)
✔ risk-check status: an INCONCLUSIVE range still needs the fire receipt (36.646584ms)
✔ risk-check status: a checked:false record reports `unchecked`, never the new state (38.374958ms)
✔ risk-check status: a NAMED range that matched is refused until its fire is recorded (136.234514ms)
✔ risk-check status: an explicit user OVERRIDE written through the seam clears the range (113.550411ms)
✔ risk-check status: an earlier fire's receipt does not clear a LATER matched range (145.280823ms)
✔ risk-check status: a non-empty matches nothing can name still reads as FIRED (36.324101ms)
✔ risk-check status: a reasonless override is not a receipt (76.045877ms)
✔ risk-check status: the PHASE-WIDE arm needs a receipt per fired range too (99.40324ms)
✔ risk-check status: a receipt for another BASE over the same head settles nothing (62.068699ms)
✔ risk-check status: a receipt with no --base settles nothing when the record has ids (65.470843ms)
✔ risk-check status: a receipt written with no --plan joins nothing (38.018811ms)
✔ risk-check run: an UNANSWERED project is refused rather than detected on a defaulted scope (50.351895ms)
✔ risk-check run: an unanswered project with --surfaces named is NOT refused (55.273447ms)
✔ risk-check run: a half-answered list fails SAFE - refused, not narrowed to its valid subset (51.788324ms)
✔ risk-check run: the ANSWERED set scopes detection, rather than being resolved and dropped (56.617952ms)
✔ risk-check run: a TORN config layer is refused even when --surfaces was named (92.761298ms)
✔ risk-check run: the answer is judged against the schema enum, not a local list (0.456087ms)
✔ the census: neither this file nor the detector matches the detector (7.505912ms)
✔ scanDeclared: a declared path with NO body still matches by path segment (0.191234ms)
✔ scanDeclared: a body matches only when its category is in the vocabulary (0.511041ms)
✔ scanDeclared: a signal-table file is exempt from the CONTENT pass, by path (1.239986ms)
✔ scanDeclared: the OTHER signal-table file matches nothing under either path (2.523575ms)
✔ scanDeclared: a content match says `body line`, and never that a line CHANGED (0.091193ms)
✔ scanDeclared: no signal this face returns anywhere contains "changed line" (0.119998ms)
✔ scanDeclared: a DOCUMENT body is prose - the same bytes are code under a source path (0.109709ms)
✔ scanDeclared: a document still evidences by PATH, and no extension is not a document (0.072047ms)
✔ scanDeclared: the document rule is scoped to THIS face - scanDiff still reads a .md hunk (0.045687ms)
✔ scanDeclared: an IMPORT of a risky name is not evidence, and calling it still is (0.055134ms)
✔ scanDeclared: a literal CONSTANT is not evidence, and a call that uses one still is (0.050967ms)
✔ scanDeclared: a constant initialized by a CALL still counts - the literal rule is load-bearing (0.029456ms)
✔ scanDeclared: a MIXED line is never withheld - the exemption ends at the statement (0.040247ms)
✔ scanDeclared: the line-kind rule is scoped to THIS face - scanDiff still reads an added import (0.043052ms)
✔ scanDeclared: `withheld` names the file and the category whose only evidence was withheld (0.049083ms)
✔ scanDeclared: a category that SURVIVES on a kept line is not named as withheld (0.058841ms)
✔ scanDeclared: PATH evidence is never reported as withheld - the exemption did not cost it (0.038173ms)
✔ scanDeclared: a null, a scalar and an absent body each report rather than throw (0.13679ms)
✔ scanDeclared: one signal ORDER serves both faces - path evidence wins over content (0.049895ms)
✔ risk-check status: a skipped EARLIER plan does not refuse a LATER plan's named range (146.244313ms)
✔ risk-check status: a skip carrying NO sha satisfies nothing (40.484015ms)
✔ risk-check status: a skip answers only for the self-comparing range it describes (149.197505ms)
✔ risk-check status: a record outranks a skip for the same plan (41.62351ms)
✔ an issuing file with no relay paragraph is one issue, naming the line (4.281866ms)
✔ the same text plus the relay paragraph is clean (0.513827ms)
✔ a file that only MENTIONS the resolve inline issues nothing (0.114658ms)
✔ `relay` and `warnings` in DIFFERENT paragraphs do not satisfy each other (0.149414ms)
✔ a paragraph re-wrapped across lines still states the rule (0.129907ms)
✔ two issuing sites in one unrelayed file report one entry each (0.154543ms)
✔ a quoted and an unquoted plugin-root path both count as issuing (0.113917ms)
✔ the brace-less $CLAUDE_PLUGIN_ROOT spelling is an issuing site too (0.207184ms)
✔ the brace-less spelling plus the relay paragraph is clean (0.138894ms)
✔ a plugin-root invocation of a DIFFERENT script is not an issuing site (0.185122ms)
✔ route.mjs `table` is not a resolve (0.10508ms)
✔ relay is word-bounded: "relayed" alone does not state the rule (0.095912ms)
✔ the relay paragraph may sit BEFORE the invocation (0.082857ms)
✔ a non-string input yields [], never a throw (0.092355ms)
✔ a resolve returns the whole bundle, and no level anywhere in it (37.742627ms)
✔ default cad-planner: the schema's own rung, and no model (34.986189ms)
✔ default cad-assumptions-analyzer: the schema's own rung, and no model (36.252235ms)
✔ default cad-verifier: the schema's own rung, and no model (40.306458ms)
✔ default cad-reviewer: the schema's own rung, and no model (35.53919ms)
✔ default cad-executor: the schema's own rung, and no model (37.078355ms)
✔ default cad-plan-checker: the schema's own rung, and no model (33.942997ms)
✔ a pin replaces the model at every role and never touches its rung (218.063685ms)
✔ the review map with nothing configured is the schema defaults (32.404103ms)
✔ verify is off wherever no floor raised (39.411619ms)
✔ risk_surface is blocking with nothing configured - a match is never waved through (35.356783ms)
✔ a config gate that AGREES with the schema default is taken silently (38.290808ms)
✔ a config gate that DISAGREES wins, and the reason names both values (D-04) (42.957385ms)
✔ an unset gate says the schema default answered it (35.013911ms)
✔ no configured reviewers resolves every trigger to claude-subagent, silently (38.988524ms)
✔ a provider with no model id at the trigger's tier falls back, naming both (39.188064ms)
✔ a provider WITH a model id at that tier is the resolved reviewer (85.792088ms)
✔ a config-set tier wins over the schema default for the availability test (D-04) (37.95502ms)
✔ one available reviewer beside one unavailable keeps the set and names the drop (35.816437ms)
✔ the reviewer set is its own field - `review` gains, loses and reorders nothing (37.131075ms)
✔ the key absent from both layers resolves all eight, marked unanswered (34.661723ms)
✔ a repo layer setting two categories resolves exactly those two, marked answered (36.330834ms)
✔ an entry outside the vocabulary fails SAFE and is NAMED, never narrowed to the valid subset (37.316006ms)
✔ a non-list value contributes nothing and all eight stand (33.901227ms)
✔ a list that resolves to no category reads as UNANSWERED, not as an empty scope (32.124181ms)
✔ the surface set is its own field - `review` and `reviewers` gain nothing (37.738849ms)
✔ a schema rung default naming no rung of the role degrades to unresolved (33.752384ms)
✔ the shipped DEFAULT holds a retry - escalation is opt-in, and the hold is diagnosable (82.463734ms)
✔ escalation climbs exactly ONE rung, on every role (200.359424ms)
✔ escalation climbs from the CONFIGURED start, never from the schema default (32.657014ms)
✔ at the TOP rung a retry holds, and says there is nothing above it (34.044981ms)
✔ model.escalate_on_failure: false holds the rung and names the key in reason (31.478063ms)
✔ a config still holding model.profile warns and never reports a configured layer (33.253226ms)
✔ the first reason names the LAYERS that were read, and claims nothing about them (33.427978ms)
✔ resolve: a non-integer --attempt is usage, not silently coerced (#45.2) (64.803566ms)
✔ resolve: a valueless --file is usage, not reason:"internal" (both spellings) (87.025842ms)
✔ usage degradation: missing --role and unknown subcommand (83.123237ms)
✔ ARG-06: a flag-shaped value is refused BY NAME, never swallowed as the value (200.772969ms)
✔ the cross-model panel for plan: both halves ride the envelope (32.234911ms)
✔ the cross-model panel for diff: both halves ride the envelope (32.214282ms)
✔ the cross-model panel for risk_surface: both halves ride the envelope (31.020193ms)
✔ the cross-model panel for phase_diff: both halves ride the envelope (26.600665ms)
✔ the panel does not move with the ROLE - only its own two keys decide it (751.472548ms)
✔ the envelope's top-level effort stays the agent RUNG, not the panel effort (27.216024ms)
✔ a config-set effort wins over the schema default, like the tier (25.439629ms)
✔ an out-of-vocabulary config tier or effort is refused with a warning, like a gate (24.162542ms)
✔ a schema row with no effort default answers null, never a dropped key (25.332105ms)
✔ unknown role degrades to ok:false (caller falls back to session default) (23.395254ms)
✔ missing config file uses schema defaults, does not crash (24.515353ms)
✔ neither stakes nor stakes_set rides the envelope, key present or not (52.798244ms)
✔ global layer applies when no repo config is present (27.449919ms)
✔ repo config overrides the global layer (repo wins) (26.16652ms)
✔ layers deep-merge: a global model block and a repo roles key combine (25.305304ms)
✔ an override pins one role and leaves the others at the session model (50.325606ms)
✔ a pin keeps the rung swap - the two answers do not touch (25.45599ms)
✔ a pin the host does not accept warns and sends NO model parameter (25.514501ms)
✔ a roles-block model and rung resolve together, and pinned stays FALSE (28.96629ms)
✔ a roles model the host does not accept warns, and no parameter is sent (AC7) (28.805986ms)
✔ a rejected roles model does NOT fall through to the pin (27.361281ms)
✔ a roles model WINS over the pin, and a warning names the winner (25.17155ms)
✔ overrides layer: repo pin wins over a global pin (26.201337ms)
✔ an unreadable schema degrades to ok:false, reason bad-schema, no stack (51.856354ms)
✔ every rung the MAP names has an agent file carrying exactly that effort (0.530619ms)
✔ CADENCE_CONFIG_SCHEMA without the sentinel is ignored, and silently (51.22765ms)
✔ a config gate outside the five values loses to the schema default, and says so (29.011426ms)
✔ a gate of the wrong TYPE takes the same path as a typo (102.460289ms)
✔ a VALID disagreeing gate still wins - the check runs in front of D-04, not over it (28.415554ms)
✔ with NO triggers block the schema default decides phase_diff (25.730442ms)
✔ the SCAFFOLDED template carries no triggers block, so nothing overrides the default (27.639989ms)
✔ a VALID agreeing gate still emits no warning (29.195015ms)
✔ an injected schema decides the gate - route.mjs reads the file, not a copy (28.117778ms)
✔ the schema injection is GATED behind CADENCE_TEST_SEAM, like the table (28.814572ms)
✔ a schema row with no values list accepts no configured gate at all (27.117216ms)
✔ a configured start rung replaces the schema default, and picks that rung's file (26.072351ms)
✔ a configured start rung reaches the top of a role's own ladder (27.929671ms)
✔ a start rung equal to the default says so rather than claiming a change (23.369756ms)
✔ the start rung is read from the merged config LAYERS, never a plugin file (26.45584ms)
✔ a hand-edited rung the role has no FILE for is refused, never fail-open dispatched (25.185836ms)
✔ a roles-block start rung replaces the schema default, and picks that rung's file (25.686908ms)
✔ the roles block WINS over model.effort, and a warning names the winner (28.069386ms)
✔ a rung outside the ladder loses its turn, and the NEXT source answers (50.865011ms)
✔ a roles entry that is not a map contributes nothing, and the older key answers (25.145981ms)
✔ a retry climbs one rung from the CONFIGURED start, not from the schema default (25.220141ms)
✔ a retry never resolves BELOW the rung that failed (28.789694ms)
✔ model.escalate_on_failure: false still wins over the start rung, unchanged (25.928227ms)
✔ unknown-role still reports the retired key the config is holding (24.24035ms)
✔ unresolved still reports it too, where the whole array was dropped (26.052383ms)
✔ a clean ok:false carries no empty warnings array (25.7718ms)
✔ a usage refusal names no config layer, because none was read (26.220012ms)
✔ a resolve records ONE routing event carrying the decision, not the text (26.084435ms)
✔ an unwritable trace changes the resolve envelope by not one byte (59.738311ms)
✔ a planning root that is not a directory resolves clean and records nothing (26.748175ms)
✔ no phase and no cursor records nothing rather than an unjoinable line (26.806195ms)
✔ the cursor supplies the phase when --phase is absent (27.665679ms)
✔ CER-01: a malformed --phase is REFUSED and routes nothing, reversing the warn arm (159.792658ms)
✔ --bracket-read writes the lifecycle dispatch event beside the routing event (27.865488ms)
✔ --bracket-plan overrides the worker key without touching the role (28.307468ms)
✔ a degraded resolve still writes the bracket - the caller dispatches on every arm (26.707367ms)
✔ no --bracket-read means no lifecycle event - the switch is the flag (29.192579ms)
✔ an unwritable trace leaves the bracketed envelope byte-identical (53.91717ms)
✔ a valueless --bracket-read is refused, not recorded as an empty read-set (26.889624ms)
✔ nothing fires `deferred` on its own - no schema default names it (52.882224ms)
✔ floor: a phase that reads clean raises neither effect, and says it read (28.643546ms)
✔ floor: a declared file on an answered surface raises BOTH effects and cites it (27.127075ms)
✔ floor: a raise moves NOTHING else - the model, the rung and the other gates hold (57.697383ms)
✔ floor: a config still CARRYING stakes changes nothing about what the floor does (59.755484ms)
✔ floor: a CONFIGURED plan gate stands, and the floor says it moved none (25.976468ms)
✔ floor: an INVALID configured plan gate never won, so it does not withhold the raise (28.909112ms)
✔ floor: a plan gate already AT or ABOVE blocking is left where it is (29.205514ms)
✔ floor: an UNANSWERED category cannot raise - the scope is the answered set (D-10) (27.769486ms)
✔ floor: a declared file that does not exist yet still evidences by PATH (29.324711ms)
✔ floor: an OVERSIZED declared body withholds the discount rather than reading as clean (27.062403ms)
✔ floor: a declared path that is not a REGULAR file is refused unopened and terminates (25.942384ms)
✔ floor: a declared path through a symlinked PARENT is refused at the repository boundary (29.548696ms)
✔ floor: an ordinary NESTED path is still read and still raises (30.453956ms)
✔ floor: the two pre-plan roles are exempt and say they were not computed (86.466569ms)
✔ floor: a --file pointed at ANOTHER tree reads that tree's files, not this one's (30.454998ms)
✔ fail-closed: an absent phase directory raises both effects (28.011736ms)
✔ fail-closed: a phase directory with no PLAN file is the same arm (30.275358ms)
✔ fail-closed: a PLAN whose frontmatter is out of grammar holds the configured stakes (28.748796ms)
✔ fail-closed: a PLAN whose file mode makes it unreadable holds the configured stakes (26.613379ms)
✔ fail-closed: ONE unreadable plan holds a whole two-plan scope up (the aggregation rule) (29.244689ms)
✔ fail-closed: the paired POSITIVE - both plans clean and surfaceless raises nothing (26.579464ms)
✔ template-initialised: a repo scaffolded from the SHIPPED template reaches both arms (55.878426ms)
✔ declared-nothing: a plan with an EMPTY files: list does not pass as clean (27.421785ms)
✔ declared-nothing: a plan with NO files: key at all takes the same arm (28.158134ms)
✔ declared-nothing: the UAT probe verbatim - the SHIPPED template plus a task Files: line (27.58766ms)
✔ declared-nothing: ONE silent plan holds a two-plan scope up, like an unreadable one (29.709722ms)
✔ declared-nothing: the model and the rung are untouched - this arm raises two things (30.760188ms)
✔ --plan: a clean plan in a mixed phase is NOT raised by its risky sibling (29.137936ms)
✔ --plan: the risky plan of the same phase, and the phase UNION, both raise (58.566754ms)
✔ --plan: a key naming no plan file fails CLOSED, never widening to the union (27.595125ms)
✔ --plan: a bare flag and a bad value are both REFUSED (105.713449ms)
✔ --plan: it is NOT --bracket-plan, which still keys the trace alone (35.010094ms)
✔ waiver: a waived surface raises neither effect (28.904342ms)
✔ waiver: the same phase without the key raises both, and names the surface (30.125753ms)
✔ waiver: the destructive surface, raised and then withheld by the key (AC5) (85.726552ms)
✔ waiver: it withholds the raise and NOT the review - the gate key is untouched (28.833317ms)
✔ waiver: naming a DIFFERENT surface than the one matched waives nothing (33.497099ms)
✔ waiver: when the top match is waived, the next UNWAIVED match still raises (29.020974ms)
✔ waiver: a value outside the eight categories rides warnings and waives nothing (56.33816ms)
✔ waiver: a waived scope that ALSO failed to read still raises - the fail-closed arm wins (24.700354ms)
✔ no clamp: a raised floor leaves the configured rung exactly where it was (27.873543ms)
✔ no clamp: the same rung on a surfaceless phase - the two are indistinguishable (55.998244ms)
✔ no clamp: a ROLES-block rung survives a raised floor too (31.123259ms)
✔ no clamp: a pre-plan role is untouched, floor or no floor (27.246462ms)
✔ replay: the subcommand is refused as usage, and the synopsis names it no more (22.343175ms)
✔ rungFile returns the UNSUFFIXED file where that is the rung it carries (1.572668ms)
✔ rungFile returns the suffixed file for every other rung (0.08955ms)
✔ rungFile is not a naming convention - the analyzer inverts it (0.071065ms)
✔ a rung the role does not carry is null, never a guessed filename (0.06306ms)
✔ an unknown role is null, and a non-string rung does not throw (0.081124ms)
✔ rungFile never inherits a prototype property as a rung (0.066066ms)
✔ rungFiles lists every stem a role names, in rung order (0.619137ms)
✔ rungFiles on an unknown role is empty, never a throw (0.090662ms)
✔ RUNG_FILES names 30 files across the six roles, and is frozen (0.139144ms)
✔ RUNG_ORDER is exactly the five rungs, weakest first, and is frozen (0.139165ms)
✔ the SHIPPED map and RUNG_ORDER agree - no issue at all (0.141108ms)
✔ rung-order-drift: a role whose map DROPS a rung (0.159843ms)
✔ rung-order-drift: a role whose map REORDERS its rungs (0.077498ms)
✔ rung-order-drift: a role carrying an EXTRA rung the ladder does not name (0.054724ms)
✔ rungOrderIssues is total on its inputs - a junk map never throws (0.084972ms)
✔ rungBody names the contract and NO rung - the prefix is shared (RNG-03) (0.107955ms)
✔ rungBody takes the SKILL alone, so two rungs of one role get one body (0.030167ms)
✔ rungBodyIssue accepts the canonical body (0.106843ms)
✔ rungBodyIssue accepts a RE-WRAPPED body - line breaks are not load-bearing (0.050356ms)
✔ rungBodyIssue REJECTS appended prose carrying no section tag - the denylist hole (0.037471ms)
✔ rungBodyIssue REJECTS a same-size replacement of the pointer paragraph (0.030478ms)
✔ rungBodyIssue accepts a body pointing at ANY ONE declared skill (0.02636ms)
✔ rungPrefixIssues: byte-identical rung bodies are NOT reported (0.14731ms)
✔ rungPrefixIssues: ONE re-wrapped line break is reported, naming role and file (0.142601ms)
✔ rungPrefixIssues: rungBodyIssue FORGIVES the same edit - not a duplicate rule (0.053091ms)
✔ rungPrefixIssues: the MINORITY is what broke rank, not the majority (0.054092ms)
✔ rungPrefixIssues: a role contributing ONE body yields nothing (0.040327ms)
✔ rungPrefixIssues: a stem the map does not name is not this rule's business (0.028474ms)
✔ rungPrefixIssues: a non-string body is treated as absent, never as a difference (0.032572ms)
✔ rungPrefixIssues: the SHIPPED agents/ tree carries one body per role (0.408607ms)
✔ rungEffortIssue accepts a file whose effort IS the rung it is filed under (0.092636ms)
✔ rungEffortIssue REJECTS a file carrying a different effort than its rung (0.043222ms)
✔ rungEffortIssue REJECTS a rung file with no effort key at all (0.042601ms)
✔ rungEffortIssue holds the UNSUFFIXED file to its own rung (0.040908ms)
✔ rungEffortIssue reads the map, not the suffix - the analyzer inverts (0.045216ms)
✔ rungEffortIssue ignores a stem the map does not name (0.039225ms)
✔ the SHIPPED schema and the rung ladder agree - no issue at all (0.276034ms)
✔ effort-enum-drift: a rung dropped from a role's enum, naming the key (0.13676ms)
✔ effort-enum-drift: a non-enum TYPE with a correct values list, named by key (0.206322ms)
✔ effort-enum-drift: a rung the role does NOT have, added to its enum (0.08466ms)
✔ effort-enum-drift: the rungs are right but the ORDER is not (0.049123ms)
✔ effort-enum-drift: null missing from the end is drift, not a detail (0.084421ms)
✔ effort-enum-drift: a rung the rung ladder does not carry (0.207966ms)
✔ an absent rung ladder skips ONLY the vocabulary arm (0.116812ms)
✔ missing-effort-key: a role in the map with no schema key at all (0.21596ms)
✔ unknown-effort-role: a schema key naming a role the map does not hold (0.097476ms)
✔ a non-object schema yields every role as missing, never a throw (0.121521ms)
✔ roles.<role>.effort: a rung dropped from its enum, naming the key (0.120288ms)
✔ roles.<role>.effort: a non-enum TYPE with a correct values list (0.230879ms)
✔ roles.<role>.effort: missing-effort-key when the key is absent entirely (0.159523ms)
✔ roles.<role>.effort: unknown-effort-role for a role the map does not hold (0.08409ms)
✔ effort-default-invalid: a roles rung default of null, naming the key (0.095231ms)
✔ effort-default-invalid: a default naming a rung this role has no file for (0.719487ms)
✔ model.effort.<role> keeps its null default - the fall-through is not drift (0.070644ms)
✔ roles.<role>.model is not held to the effort rules - it has no enum (0.067168ms)
✔ the six sites SCR-01 was filed against are each reported as they shipped (4.607465ms)
✔ the converted form of every one of the six is clean (0.184851ms)
✔ the code table is frozen (0.304759ms)
✔ a TMPDIR line is judged by whether it also makes the directory (0.134276ms)
✔ a redirect at a spelled-out tmp path is reported however it is quoted (0.206803ms)
✔ the UAT fixture paths under /tmp are not transports and are never reported (0.11065ms)
✔ a read-back needs BOTH a reason on stderr and a non-zero exit (0.124747ms)
✔ the missing half is NAMED, so a half-guarded read-back says which half (0.111411ms)
✔ a `node -e` that reads no argv-named file is not a read-back (0.126119ms)
✔ prose that merely NAMES the shape prescribes nothing and is never reported (0.172137ms)
✔ every issue is filed against the surface it was found in (0.115079ms)
✔ the four prose surfaces ship exactly one read-back script each (1.162208ms)
✔ cadence-core/references/triage-gate.md refuses a render truncated mid-object (27.318589ms)
✔ cadence-core/references/triage-gate.md refuses a well-formed render with no outcomes array (20.790565ms)
✔ cadence-core/references/triage-gate.md refuses a render that parses to literal null (23.809903ms)
✔ cadence-core/references/triage-gate.md refuses an outcomes array holding a non-object entry (24.177551ms)
✔ cadence-core/workflows/progress.md refuses a render truncated mid-object (24.554969ms)
✔ cadence-core/workflows/progress.md refuses a well-formed render missing the fields the step prints (21.495074ms)
✔ cadence-core/workflows/progress.md refuses a render that parses to literal null (20.962262ms)
✔ cadence-core/workflows/progress.md refuses a render whose printed fields are present but null (23.385065ms)
✔ cadence-core/workflows/report.md refuses a record truncated mid-object (19.946271ms)
✔ cadence-core/workflows/report.md refuses a well-formed record with no brackets array (23.494203ms)
✔ cadence-core/workflows/report.md refuses a record that parses to literal null (22.890105ms)
✔ cadence-core/workflows/report.md refuses a brackets array holding a non-object entry (33.480568ms)
✔ cadence-core/references/review-cross-model.md refuses a brief path that does not resolve (22.425572ms)
✔ cadence-core/references/review-cross-model.md refuses an artifact left empty by a failed redirect (23.526835ms)
✔ a read-back that lost its guard fails this file, naming its surface (20.092359ms)
✔ the census counter is not dead: it joins continuations and ignores prose (0.68401ms)
✔ cadence-core/workflows/context.md instructs exactly 6 seam invocations (3.641299ms)
✔ cadence-core/workflows/plan.md instructs exactly 14 seam invocations (0.187466ms)
✔ flagValue: absent flag is undefined so the caller default applies (0.571587ms)
✔ flagValue: a real value comes back (4.34159ms)
✔ flagValue: missing, empty and flag-shaped values each throw missing-flag-value (0.335488ms)
✔ missingFlagValue: one construction, and both fields are on it (0.527944ms)
✔ readText: a real file comes back verbatim (0.294169ms)
✔ readText: a missing path and a DIRECTORY are both "" (never a throw) (0.191254ms)
✔ the repo itself passes self-verification (216.101407ms)
✔ an invented config key is flagged (44.278396ms)
✔ a hostname inside a URL is not read as a config key (44.31196ms)
✔ a bare dotted token OUTSIDE a URL is still flagged - the mask is bounded to URLs (42.899406ms)
✔ a phantom flag on a real subcommand is flagged (the --items regression) (45.157216ms)
✔ #50: a CRLF backslash continuation joins like an LF one (the --items regression, CRLF spelling) (37.464879ms)
✔ #50: an EVEN backslash run does NOT continue the line - the next line is a separate command (D-15 parity) (39.895178ms)
✔ the weight.mjs contract entry has teeth: a phantom flag on `resident` is flagged (84.931022ms)
✔ D-05: a page under docs/ is on the markdown walk and reports by its own path (43.919604ms)
✔ an unknown subcommand and a missing path are flagged (39.314904ms)
✔ placeholder keys expand: <t> prose covers every trigger key (46.750012ms)
✔ a surface over its declared budget is flagged with the overage (49.156665ms)
✔ a surface EXACTLY at its budget yields no budget problem (37.294825ms)
✔ a surface UNDER its entry is clean - the budget is a ceiling (34.788734ms)
✔ a measured surface missing from the manifest is flagged unbudgeted (41.513252ms)
✔ a backtick/the-X-tool reference absent from tools: is flagged (34.210977ms)
✔ a tool referenced and declared yields no undeclared-tool (39.159529ms)
✔ LSP is in the vocabulary, so an undeclared LSP reference is flagged (42.067084ms)
✔ LSP declared in tools: clears that reference (35.251774ms)
✔ bare-word tool names (D-06 collisions) are not false positives (36.645172ms)
✔ #74: an agent preloading a skill that does not exist is flagged (38.527629ms)
✔ #74: an agent preloading a real skill yields no missing-agent-skill (41.266363ms)
✔ #74: the inline-array spelling of skills: resolves the same way (42.979939ms)
✔ #74: the key that follows skills: is not swallowed as a list item (39.810506ms)
✔ #74: a preloaded skill that disables model invocation is flagged unpreloadable (33.832236ms)
✔ #74: a tool referenced only inside a preloaded contract must still be declared (33.352815ms)
✔ #49.1: a dangling symlink under agents/ is reported loudly, not collapsed to internal (37.827738ms)
✔ #49.1: a symlink cycle under agents/ is reported loudly too (37.211177ms)
✔ #49.1: a malformed weight-budgets.json reports one problem instead of collapsing the run (44.787313ms)
✔ #49.1: an unreadable INTERNALS.md is reported exactly once, not twice (43.323111ms)
✔ #49.1: an unreadable CHILD directory is named, and its readable siblings are still linted (43.57572ms)
✔ a symlinked directory is not descended, so a cycle lints each file once (39.33929ms)
✔ INTERNALS.md: a backticked repo path that does not exist is flagged; a real one and a glob are not (35.611136ms)
✔ a full tree missing weight-budgets.json fails ok:false naming the input (41.600337ms)
✔ a full tree with a core surface dir renamed away fails ok:false naming it (39.499084ms)
✔ a full tree missing INTERNALS.md fails ok:false naming it (40.68105ms)
✔ check 7: an agent preloading a contract that carries <process> in its body is flagged (34.278744ms)
✔ check 7: the same body WITHOUT the tag yields no agent-carries-behaviour (32.262603ms)
✔ check 7: an agent with NO skills: key may carry <process> - the D-04 escape hatch (35.058005ms)
✔ check 7: the tags inside a PRELOADED SKILL.md are never flagged - that is the contract (36.658446ms)
✔ check 7: plain-prose behaviour carrying NO section tag is flagged (31.261421ms)
✔ check 7: a SAME-SIZE replacement of the pointer paragraph is flagged (34.792812ms)
✔ check 7: a RE-WRAPPED template is not flagged - line breaks are not load-bearing (36.796188ms)
✔ check 7d: two rung bodies of one role that are byte-identical yield no problem (36.841103ms)
✔ check 7d: ONE rung file re-wrapped is flagged, naming that file and its role (34.43947ms)
✔ check 7d: the LIVE tree is clean, and the CLI names rung-prefix in `checked` (157.717487ms)
✔ check 7c: Write granted and Edit/MultiEdit denied yields no problem (31.851382ms)
✔ check 7c: Write missing from tools: is flagged (bare cad-verifier) (37.736315ms)
✔ check 7c: a QUOTED verifier name is still checked (38.036776ms)
✔ check 7c: Edit missing from disallowedTools: is flagged (42.56477ms)
✔ check 7c: MultiEdit missing from disallowedTools: is flagged (39.122118ms)
✔ check 7c: Edit appearing in tools: is flagged (35.975068ms)
✔ check 7c: a routed rung FILENAME is checked even when name: was renamed (29.368605ms)
✔ check 7c: a non-verifier agent without Write yields no problem (31.853135ms)
✔ check 8: a rung file the map names that is not on disk is missing-rung-agent (37.477583ms)
✔ check 8: a full tree carrying the whole ladder reports no rung problems (38.530303ms)
✔ check 8: a fixture with no plugin manifest is lenient about the ladder (33.06586ms)
✔ check 8 (reverse): a rung file the map does not name is undeclared-rung-agent (32.752214ms)
✔ check 8 (reverse): a MAPPED rung file is left alone whatever config reaches it (31.099113ms)
✔ check 8 (reverse): an UNSUFFIXED agent file the map names nowhere is NOT flagged (36.348107ms)
✔ a minimal (non-full-tree) fixture omitting optional inputs stays free of missing-input problems (33.001528ms)
✔ check 9: a table that agrees with the schema yields no reach problems (30.700095ms)
✔ check 9: a schema key with no row is missing-reach-row naming the key (33.661321ms)
✔ check 9: a row for a key the schema lacks is unknown-reach-key naming it (31.129701ms)
✔ check 9: a narrow reach absent from the key purpose is unstated-reach (27.873424ms)
✔ check 9: the same narrow reach WITH the phrase in the purpose yields nothing (28.585336ms)
✔ check 9: a two-cell body row is malformed-reach-row naming the line (27.647605ms)
✔ check 9: a SECOND row for a declared key is duplicate-reach-row naming both lines (29.104934ms)
✔ check 9: `Universal` and `universal.` are the sentinel, not a narrow phrase (146.712725ms)
✔ check 9: the risk.override narrowing is now VISIBLE to the check (56.163569ms)
✔ check 9: a renamed section heading is ONE missing-reach-section, not 3 missing rows (26.465608ms)
✔ check 9: a full tree with no reach doc fails ok:false naming the input (33.810504ms)
✔ check 17: an enforced key with no src marker is reported, naming that key (27.686939ms)
✔ check 17: an enforced key the schema does not hold at all says so (31.878964ms)
✔ check 17: a src:global key the merge does NOT enforce is reported too (30.641413ms)
✔ check 17: a key with NO src field is repo-settable and is never reported (28.059687ms)
✔ check 17: the SHIPPED schema marks exactly the set the merge enforces (0.322182ms)
✔ check 9: a key named ONLY by the reach table is still inert-config-key (28.088231ms)
✔ check 9: a dead token in the reach doc PROSE is still scanned by check 1 (29.663234ms)
✔ check 1: a hyphenated key spelled in full is known, a truncated guess is not (29.426595ms)
✔ check 1 (reverse): `risk.override.<surface>` prose covers every surface key (30.109052ms)
✔ check 1: `roles.<role>.effort` prose covers every role, and its absence is inert (59.329164ms)
✔ check 10: a loop-shaped concurrent dispatch under workflows is unbatched-dispatch (28.635291ms)
✔ check 10: the batch-shaped rewrite of the same instruction yields nothing (29.300986ms)
✔ check 10: a bare concurrent set-dispatch under workflows is unbatched-dispatch (31.911817ms)
✔ check 10: the references half of the scope is checked too, not just workflows (29.786218ms)
✔ check 10: a compliant sentence does not excuse the next one in the same item (31.014582ms)
✔ check 10: the SAME sentence in a skill is out of scope (directory scope) (31.296457ms)
✔ a drifted model.effort enum fails on a tree holding only the schema (29.65077ms)
✔ a model.effort key naming no role in the map is named too (27.688623ms)
✔ an unmutated schema in that same tree reports no effort-enum problem (28.719932ms)
✔ check 11: a workflow that issues a resolve with no relay rule is named (29.093171ms)
✔ check 11: the same text plus the relay paragraph is clean (27.454127ms)
✔ check 11: the walk reaches skills/, not just check 10's two directories (27.041793ms)
✔ check 12: a callsite that drops warnings[] is named by line (29.108731ms)
✔ check 12: the destructured form (arm a) is clean (28.470839ms)
✔ check 12: a header marker with prose (arm b) is clean (29.133468ms)
✔ check 12: the same marker in the BODY does not satisfy arm b (28.139589ms)
✔ check 12: a bare marker with no prose after it does not satisfy arm b (29.4349ms)
✔ check 12: *.test.mjs is off the walk - a test may write any shape (29.619381ms)
✔ check 12: the live tree is NINETEEN callsites over FOURTEEN files, each in an arm (6.131651ms)
✔ check 15: a .mjs carrying a literal NUL is named with its byte offset (27.36656ms)
✔ check 15: the two-character \0 escape - the fix - is clean (30.199714ms)
✔ check 15: a NUL inside a *.test.mjs is reported too (27.245089ms)
✔ check 15: a NUL inside a NON-.mjs file under bin is reported too (28.607568ms)
✔ check 13: the live tree satisfies every register row (2.912294ms)
✔ check 13: a clean pair passes (0.270064ms)
✔ check 13: deferred-read-unread when a Read sentence is missing (0.20503ms)
✔ check 13: the unit is the ARM - one arm of a two-anchor row is not enough (0.232211ms)
✔ check 13: an arm's Read relocated ELSEWHERE in the file does not answer for it (0.252259ms)
✔ check 13: a Read in the wrong STEP does not answer for the right one (0.218736ms)
✔ check 13: deleting the ARM itself is reported, not silently satisfied (0.194219ms)
✔ check 13: restating a reference inline instead of Reading it is caught (0.201223ms)
✔ check 13: deferred-read-still-eager when the include comes back (0.264402ms)
✔ check 13: deferred-read-missing-skill when the SKILL.md is gone (0.238273ms)
✔ check 13: a root with no skills/ contributes nothing (0.123896ms)
✔ check 13: self-verify files the issue and names the check in `checked` (29.215353ms)
✔ check 13: the CLI files a workflow-anchored row when its Read sentence goes (32.252715ms)
✔ check 13: the CLI files nothing while that sentence stands (34.763976ms)
✔ check 13: an unusable rows file is reported, never a silent fall back (33.985587ms)
✔ check 24: the live tree satisfies every registered router branch (0.649965ms)
✔ check 24: self-verify names the check in `checked` and the live tree is clean (132.382505ms)
✔ check 16: an include nothing names is filed, and `checked` says so (28.915583ms)
✔ check 16: the live tree is clean of all three include-consumer codes (133.233723ms)
✔ check 16: the CLI reports the UAT include the day it is re-added (36.712309ms)
✔ check 18: `checked` names the gate-agreement check and an agreeing schema is clean (26.66642ms)
✔ check 18: it runs on a tree holding nothing but a schema - the grids are gone (26.917487ms)
✔ check 18: a NULL default reaches problems - the sentinel is not exempt (26.238276ms)
✔ check 18: a default outside its own values reaches problems, naming the value (26.5034ms)
✔ check 18: deleting the defaults clause from one purpose files exactly one problem (28.622497ms)
✔ check 18: a purpose naming a value the row does not default to is reported (32.368875ms)
✔ check 18: a row that is not an object reaches problems as gate-row-malformed (27.581318ms)
✔ check 14: the repo is clean - every top-level bin script has a contract (131.724635ms)
✔ the contract table is ONE table, and this file is not its home (D-06) (0.593598ms)
✔ check 14: a bin script with no CONTRACTS row is reported, not silently unlinted (30.996067ms)
✔ check 14: test files and lib/ modules need no contract (31.893122ms)
✔ check 14: an ABSENT bin directory is a partial fixture, not a problem (32.716145ms)
✔ entry: a valueless or empty --root refuses instead of linting the cwd (366.994259ms)
✔ check 2: `weight.mjs --root <path>` is contracted, not an unknown subcommand (30.384043ms)
✔ check 2: the bare form still lints its flags (29.461892ms)
✔ check 2: a script with no bare form still reports one (28.70331ms)
✔ check 19: a prescribed value no register row classifies is reported (28.318078ms)
✔ check 19: a registered caller-derived site reports the inline form (31.131444ms)
✔ check 19: prose that merely names a flag stays green through the CLI (30.680638ms)
✔ check 19: the LIVE tree is clean of all three text-transport codes (145.138422ms)
✔ check 20: a registered site back on the transcript reports the inline kind (34.124932ms)
✔ check 20: a prescribed bulk call no register row classifies is reported (31.021905ms)
✔ check 20: prose that merely names a bulk call stays green through the CLI (29.98749ms)
✔ check 20: the LIVE tree is clean of all three bulk-output codes (138.262357ms)
✔ check 21: a fixed shared scratch path reaches problems, naming the surface (32.984766ms)
✔ check 21: an unguarded read-back reaches problems through the CLI (32.106427ms)
✔ check 21: the LIVE tree is clean of all three per-run scratch codes (144.52154ms)
✔ check 22: a hintless refusal reaches problems through the CLI, and a hinted one does not (29.45551ms)
✔ check 22: the CLI names refusal-hints in `checked` (29.065939ms)
✔ check 23: an unregistered CAPTURE write reaches problems, naming the surface (27.907538ms)
✔ check 23: a shell redirect at the capture path reaches problems through the CLI (26.86162ms)
✔ check 23: the LIVE tree is clean of all three capture-writer codes (123.302641ms)
✔ check 25: a RENAMED hook event is reported, and the problem prints the offending name (28.925773ms)
✔ check 25: a fixture with no hooks/hooks.json and no plugin manifest is lenient (26.129249ms)
✔ check 25: a FULL tree missing the file reports missing-input (33.450881ms)
✔ check 25: malformed JSON is ONE problem naming the file, and the run still completes (27.776799ms)
✔ check 25: the LIVE tree registers only event names the register declares (121.974086ms)
✔ line comments vanish, line count holds (4.374432ms)
✔ a block comment keeps its newlines (0.147481ms)
✔ a // inside a string is not a comment (0.086785ms)
✔ a // inside a regex literal is not a comment (0.140126ms)
✔ division is not mistaken for a regex (0.101383ms)
✔ regex after a keyword is detected (0.08947ms)
✔ a shebang survives - it is an instruction, not a comment (0.085563ms)
✔ an unterminated block comment keeps its bytes rather than eating the file (0.070834ms)
✔ a // inside a template interpolation is kept, not stripped (0.109028ms)
✔ skimStats reports the saving and the line match (0.205059ms)
✔ SYNTAX refuses what it cannot parse (0.087897ms)
✔ every shipped .mjs skims without losing a line (92.846674ms)
✔ stop: a rung-suffixed Cadence type adopts the ONE open dispatch of its role (1.359453ms)
✔ stop: the event carries NO figure of any kind (0.682547ms)
✔ stop: a worker whose transcript shows it has NOT stopped produces nothing (0.199169ms)
✔ stop: a terminal transcript stamps the event with the WORKER's instant (0.128885ms)
✔ stop: NO transcript evidence produces the same event, with no ts key at all (0.24738ms)
✔ stop: a terminal transcript with no readable instant adds no ts key (0.083348ms)
✔ stop: a non-Cadence type is still nothing, terminal transcript or not (0.065544ms)
✔ stop: the close carries the worker's own agent_id, or no id key at all (0.170113ms)
✔ stop: TWO open dispatches of the role produce NOTHING (0.162298ms)
✔ stop: a worker already closed by the orchestrator writes NOTHING (0.227041ms)
✔ stop: a REUSED id does not reach back into a dead run (0.145817ms)
✔ stop: another worker's closed bracket does not block this one (0.103797ms)
✔ stop: a close that carried NO id never blocks a later worker (0.212284ms)
✔ stop: a payload with no agent_id still closes an unambiguous dispatch (0.085682ms)
✔ stop: a render with no usable brackets half is not fatal (0.126099ms)
✔ stop: the rule never crosses roles (0.066316ms)
✔ stop: the self-filter answers nothing for every non-Cadence agent type (0.104759ms)
✔ stop: a Cadence type with no matching open dispatch answers nothing (0.067088ms)
✔ stop: a payload with no agent_type at all answers nothing (0.070784ms)
✔ stop: a stranded dispatch from an EARLIER run no longer blocks this one (0.068861ms)
✔ stop: two dispatches of one RUN still answer nothing (0.058582ms)
✔ stop: with no readable instant anywhere, the whole set stands (0.069472ms)
✔ stop: an undated row of the CURRENT run is still counted (0.060575ms)
✔ stop: the event carries the two CACHE figures and no return figure (0.198036ms)
✔ stop: a transcript reporting no cache traffic leaves BOTH keys off (0.170174ms)
✔ stop: a stop arriving after its OWN close no longer adopts a dead run (0.09982ms)
✔ stop: gate 0, not terminal states the cache figures and closes nothing (0.132702ms)
✔ stop: gate 0, not terminal writes no FACT for a payload with no agent_id (0.087957ms)
✔ stop: gate 2a, already closed states the cache figures and closes nothing (0.098477ms)
✔ stop: gate 2a, already closed writes no FACT for a payload with no agent_id (0.069843ms)
✔ stop: gate 2b, two open dispatches of one run states the cache figures and closes nothing (0.074602ms)
✔ stop: gate 2b, two open dispatches of one run writes no FACT for a payload with no agent_id (0.050416ms)
✔ stop: a withholding gate whose transcript billed NOTHING writes no fact (0.100561ms)
✔ stop: a withholding gate with no bracket and no candidate row writes nothing (0.084029ms)
✔ stop: the UNAMBIGUOUS terminal path still answers one return and no fact (0.093317ms)
✔ stop: the RETURN carries the observed effort and the DISPATCHED rung (0.355536ms)
✔ stop: the host spelling is recorded VERBATIM, against no Cadence enum (0.224807ms)
✔ stop: every withholding gate states the same pair the return would (0.223164ms)
✔ stop: a transcript naming no effort leaves BOTH keys off, on both writes (0.211272ms)
✔ stop: an effort with NO cache figure at all still writes the fact (0.160996ms)
✔ stop: an effort does not buy a fact for a payload with no agent_id (0.107194ms)
✔ transcript: a last assistant line stopped end_turn is TERMINAL, with its own instant (0.824266ms)
✔ transcript: any stop reason other than tool_use is terminal (0.131439ms)
✔ transcript: a last assistant line stopped tool_use is NOT terminal (0.100761ms)
✔ transcript: a last assistant line stopped null is NOT terminal (0.087807ms)
✔ transcript: nothing to read at all answers UNKNOWN, never not-terminal (0.224818ms)
✔ transcript: an assistant line whose SHAPE changed answers UNKNOWN (0.161186ms)
✔ transcript: a truncated final line does not change the answer before it (0.538293ms)
✔ transcript: a terminal entry with no readable timestamp still answers terminal (0.151508ms)
✔ transcript: the rule never throws, whatever it is handed (0.254754ms)
✔ transcript: the cache figures are SUMMED across every assistant entry (0.271436ms)
✔ transcript: a figure no entry reported is ABSENT, never 0 (0.273359ms)
✔ transcript: ONE message is billed once, however many lines it occupies (0.169552ms)
✔ transcript: an entry with no usable message id is still counted (0.591805ms)
✔ transcript: a cache figure that is not a non-negative integer is DROPPED (0.162268ms)
✔ transcript: a non-numeric cache figure contributes NOTHING (0.156256ms)
✔ transcript: every line agreeing answers that value, in the host spelling (0.139836ms)
✔ transcript: two lines reporting DIFFERENT efforts answer absent (0.079612ms)
✔ transcript: a transcript reporting no effort at all answers absent (0.103637ms)
✔ transcript: an effort that is not a non-empty string is not an answer (0.085933ms)
✔ transcript: a line reporting NO effort is SKIPPED, not a disagreement (0.062138ms)
✔ transcript: an effort nested under `message` is NOT read (0.059073ms)
✔ transcript: the effort rule never throws, whatever it is handed (0.774872ms)
✔ a migrations/ directory and an auth dependency evidence those two categories (1.539064ms)
✔ an empty tree is inconclusive with all eight recommended (0.227632ms)
✔ the word `session` in a source file evidences nothing - source text is not an input (0.145025ms)
✔ a category the structure never evidences is `silent`, never absent (0.19487ms)
✔ destructive is unspeakable, so it rides every recommendation (0.133193ms)
✔ evidence for ONE category never narrows the recommendation (0.139906ms)
✔ a dependency matches by NAME, never as a substring (0.138002ms)
✔ a malformed tree description reports rather than throwing (0.739054ms)
✔ an inconclusive scan and an evidenced one both lead with all eight (0.407565ms)
✔ the evidenced-only choice is absent when nothing was evidenced (0.255806ms)
✔ an answered set gains the newly evidenced category as the SECOND choice (0.166877ms)
✔ with nothing answered the evidenced choice states the EVIDENCE, not a phantom answer (0.193728ms)
✔ an answered set equal to all eight still leads with all eight and repeats nothing (0.326761ms)
✔ no call returns more than the ask-user seam option cap (0.265495ms)
✔ a malformed scan or answered set reports rather than throwing (0.162839ms)
✔ detect-surfaces reads directories two levels deep and a manifest it finds (64.175894ms)
✔ detect-surfaces names an unparseable manifest in warnings rather than throwing (58.58487ms)
✔ detect-surfaces skips node_modules - every JS project would evidence everything (53.830686ms)
✔ detect-surfaces refuses a --root with nothing usable after it (55.634454ms)
✔ the #206 demo tree evidences six categories and offers two distinct options (54.194518ms)
✔ --answered on the demo tree keeps all eight first and puts the union second (51.594217ms)
✔ detect-surfaces refuses an --answered with nothing usable after it (52.229514ms)
✔ detect-surfaces refuses an --answered token outside the eight (53.888537ms)
✔ a bare PEP 621 pyproject evidences its dependencies, not an empty manifest (54.287976ms)
✔ a single-line PEP 621 dependencies array closes on its own line (54.654451ms)
✔ a PEP 508 extra does not end the dependencies array early (54.025977ms)
✔ a tool table`s ignored-dependencies is a setting, not a dependency (55.490691ms)
✔ a slug is one path segment of lowercase letters, digits and single hyphens (0.811232ms)
✔ `..` is refused, never resolved (0.101323ms)
✔ a separator is refused on both spellings (0.07917ms)
✔ an absolute form is refused (0.071135ms)
✔ an empty string is refused (0.212624ms)
✔ an over-long slug is refused at the bound (0.577648ms)
✔ a non-string is refused - parseArgs mints `true` for a valueless flag (0.072438ms)
✔ a NUL or a newline is refused (0.06317ms)
✔ an absent planning root is an empty list, never a throw (0.522783ms)
✔ a planning root with no tasks/ at all is an empty list (0.342271ms)
✔ a slug directory holding no RECORD.md contributes nothing (0.343993ms)
✔ the records come back sorted by slug (1.124327ms)
✔ a slug DIRECTORY that is a symlink out of the planning root is skipped (0.516752ms)
✔ an in-root slug directory whose RECORD.md is a symlink OUT is skipped (0.638823ms)
✔ a RECORD.md symlink that stays INSIDE the planning root is still a record (0.559483ms)
✔ a RECORD.md that is a DIRECTORY is not a record (0.259573ms)
✔ an entry name the writer would refuse is not listed back (0.734666ms)
✔ an entry name carrying a newline or a terminal escape is not listed back (1.338995ms)
✔ a name longer than MAX_SLUG_LENGTH is not listed back (0.517473ms)
✔ every slug the lister returns satisfies isTaskSlug (0.846689ms)
✔ the same inputs render byte-identical text (0.066466ms)
✔ the `## Commits` table reads back through parseCommitRows (0.514368ms)
✔ the `- **Files:**` line reads back through taskDeclaredFiles (0.441318ms)
✔ a subject carrying a `|` survives as ONE cell (1.115399ms)
✔ the body becomes one `- ` bullet per non-empty line, under `## What shipped` (0.192937ms)
✔ a body line the caller already bulleted does not render `- - ` (0.096574ms)
✔ the record opens with `# Task: <slug>` and ends with the Files section (0.107815ms)
✔ an empty commit list and an empty file list still render a readable record (0.179121ms)
✔ the parse reads a real list out of test.mjs, never an empty one (0.563551ms)
✔ GROUPS.planning is exactly the planning-*.test.mjs files on disk, both directions (1.874903ms)
✔ an ABSENT --<field>-file says nothing at all about the inline flag (1.833103ms)
✔ the file contents reach the caller trimmed and VERBATIM - no expansion (0.292205ms)
✔ a newline INSIDE the value survives - only the ends are trimmed (0.177638ms)
✔ a VALUELESS --<field>-file is a refusal, never the literal "true" (0.18436ms)
✔ a path that does not exist is a refusal NAMING the read error (0.175143ms)
✔ an UNREADABLE path is a refusal naming the read error, not an empty value (0.246819ms)
✔ a file that is EMPTY once trimmed is a refusal (0.300591ms)
✔ the inline and the file form together is a refusal, never a precedence rule (0.158842ms)
✔ an inline flag present but VALUELESS still counts as both forms given (0.565154ms)
✔ the register is frozen, rows and all (5.810541ms)
✔ the register pins its row count (0.107314ms)
✔ every out-of-scope row carries a reason, and every row is well formed (0.190071ms)
✔ no two rows share a surface, flag and value (0.122143ms)
✔ the watched flag set is exactly the free-text flags (0.116993ms)
✔ a caller-derived row reports the inline site (0.483047ms)
✔ the file transport is not reported - and the flag boundary is why (0.504238ms)
✔ a prescribed value no row classifies is reported, never passed over (0.147861ms)
✔ a value is matched on the value, not on the flag (0.158841ms)
✔ an unquoted placeholder with no row is reported as its own kind (0.1895ms)
✔ a value that opens a quote and never closes it on the line is reported (0.11551ms)
✔ a flag ending its line is reported rather than read as a mention (0.108487ms)
✔ a register row settles an undelimitable occurrence, in both directions (0.112955ms)
✔ a reasoned out-of-scope row is silent (0.475774ms)
✔ prose that NAMES a flag needs no row and is never reported (0.123455ms)
✔ `git tag -m` is watched, and `git commit -m` is not (0.108366ms)
✔ a row classifies its own surface only (0.064593ms)
✔ parseAdjudication: the step-5 detail shape parses, others contribute nothing (1.446879ms)
✔ parseAdjudication: the structured --raised field is the first source of the kill count (0.187116ms)
✔ parseAdjudication: the hand-written `of <m>` clauses already on disk still read (0.140316ms)
✔ parseAdjudication: both on-disk re-arm spellings read as the base trigger; nothing else with a space does (0.11594ms)
✔ R1: an adjudicated trigger at the fires floor with zero survivors suggests its gate key (0.704088ms)
✔ R1: one fire below the floor stays silent - one event is a guess, not evidence (0.115559ms)
✔ R1: a fire with survivors, and the fire a re-arm came back to, both leave the empty count (0.146308ms)
✔ R1: the re-arm veto is scoped to the FIRE it belongs to, not the trigger's lifetime (0.168911ms)
✔ R1: a re-arm vetoes the fire that FORCED it - the nearest one before it, not the oldest (0.153402ms)
✔ R1: the live record this repo has been writing for four cycles emits a suggestion (3.886415ms)
✔ R1: 0-of-0 and 0-of-9 are opposite evidence and stop proposing one action (0.243462ms)
✔ R1: a corpus with NO raised counts recorded keeps the gate arm it has today (0.117644ms)
✔ R2: a rearm becomes a keep-the-gate receipt, not a config suggestion (0.077938ms)
✔ R3: escalation pressure at the floor suggests the role effort key; either climb spelling counts (0.153893ms)
✔ R3: a held start rung at the dispatch floor is an info receipt; below it, silence (0.089771ms)
✔ R4: executor checkpoints at the floor suggest workflow.max_plan_tasks; other roles do not (0.083358ms)
✔ SGT-01: R1s gate arm moves DOWN, prints the value a layer set, and proposes one step below it (0.116972ms)
✔ SGT-01: an unset gate names the DECIDER and carries NO proposed (0.136309ms)
✔ SGT-01: the sentence is the same however much the record carries (0.105881ms)
✔ SGT-01: R1s reviewer arm moves UP - strengthen the set - and proposes nothing (0.065725ms)
✔ SGT-01: R3 proposes the rung the escalated resolves actually landed on (0.106332ms)
✔ SGT-01: R3 omits a target that names no raise against the rung in force (0.155145ms)
✔ SGT-01: R3 keeps the record's rung when no layer pins the key, ladder or not (0.12098ms)
✔ SGT-01: R4 moves DOWN, prints the resolved ceiling, and prices nothing (0.080253ms)
✔ SGT-01: R4 goes silent when every checkpoint it counted maps to a plan under the ceiling (0.114257ms)
✔ SGT-01: a one-argument call still answers - a direction and an honest unset, never a throw (0.119457ms)
✔ R5: the spend receipt names the top role, its share, and asks for nothing (10.081637ms)
✔ R6: a residue above the floor names the total, its share and the top step (0.237822ms)
✔ R6: a residue below the floor stays silent - a minute between steps is an artefact (0.102825ms)
✔ R6: a render with no coordinator block says NOTHING about the coordinator (D-06) (0.241709ms)
✔ D-12: an info receipt gains NONE of the three new keys, under every rule that emits one (0.276575ms)
✔ D-12: a suggest entry that cannot be priced omits `proposed` by key, never as a null (0.164663ms)
✔ suggestions order suggest-first, then stable by subject; an empty render is an empty list (0.077648ms)
✔ config keys named in actions exist in config.schema.json - the suggestion never names a phantom key (0.566226ms)
✔ seam: a real trace written through appendEvent reads back through `trace suggest` (272.570446ms)
✔ fixture: the committed verbatim trace suggests exactly what it did before this phase (3.108808ms)
✔ SGT-01: `trace suggest` returns a direction, a current, and a proposed where the record prices one (58.294358ms)
✔ MSR-02: the spend receipt names every excluded source, from the one exported list (0.403797ms)
✔ R7: cad-executor at 3.64 emits one entry carrying the worst file, the direction, the coverage and the scope (0.374552ms)
✔ SC7 pin: the in-dispatch entry names NO config key - `action` is null and it says so in words (0.181816ms)
✔ R7: the MAP is the gate, not the number - an unnamed role stays silent at any ratio (0.153702ms)
✔ R7: a role exactly AT its floor emits; a hair under it does not (0.13133ms)
✔ R7: a null ratio emits NOTHING, and no evidence anywhere renders it as a zero (0.142731ms)
✔ R7: a one- and two-argument call return exactly what they returned before (0.538995ms)
✔ seam: `trace suggest` opens reads.jsonl and names the fixture worst file, with no config key (64.40521ms)
✔ seam: reads carrying no `files`, and no reads file at all, both yield NO entry and no error (138.423846ms)
✔ seam: an UNREADABLE reads.jsonl fails `reads --join` and WARNS on `trace suggest` - both faces, one test (113.473306ms)
✔ seam: the rotation marker is DROPPED at the parse and billed to nothing (92.180467ms)
✔ seam: BOTH faces name the reads record and report its cut, on a key that is not the trace's (106.463677ms)
✔ seam: a project with no reads record still names the path it looked for (99.147996ms)
✔ R8: the receipt sums the worker clock and COUNTS the dispatches without one (0.347711ms)
✔ R8: a scope where NO bracket carries a wall clock says nothing at all (0.097575ms)
✔ R9: two override receipts on ONE authorization read as one decision from two writes (0.14197ms)
✔ R9: two authorizations, two unlabelled receipts, and one receipt alone all stay SILENT (0.091354ms)
✔ R9: an unlabelled receipt counts as its OWN decision, beside a labelled pair (0.084621ms)
✔ R9: the trigger is the STRUCTURED field, and a non-string id is never a group key (0.133274ms)
✔ R9: a render holding NO override event returns exactly what it returned before (0.088378ms)
✔ correlationId: two calls in the same phase with an anchor derive the same id (2.674272ms)
✔ correlationId: with NO anchor both calls fall back to the phase alone (0.350897ms)
✔ correlationId: the id changes when the anchor sha changes (a re-run) (0.465204ms)
✔ correlationId: another phase's anchor never answers for this phase (1.317113ms)
✔ the anchor event carries the id it anchors, not the phase-only fallback (1.203247ms)
✔ appendEvent: keys land in the fixed order, one JSON object per line (0.383579ms)
✔ appendEvent: an interleaved write sequence keeps every event, in order (3.034557ms)
✔ appendEvent: a record at the bound rotates, and the append lands (5.828936ms)
✔ appendEvent: the rotation marker SEALS the generation it carried away (3.081224ms)
✔ appendEvent: a completed rotation RELEASES the claim and leaves the sidecar inert (5.565846ms)
✔ appendEvent: an ABANDONED claim is reclaimed and the record rotates (TRC-09) (3.077408ms)
✔ appendEvent: after the reclaim the next append stops paying the budget (1.649254ms)
✔ appendEvent: a losing append does NOT restart the abandoned claim clock (TRC-09) (289.874606ms)
✔ appendEvent: a losing append leaves a sidecar-less claim sidecar-less (D-02) (288.693943ms)
✔ rotateTrace: a claim whose sidecar reads LIVE is left standing (TRC-09) (270.90984ms)
✔ rotateTrace: a claim with NO sidecar at all is left standing (TRC-09) (267.8945ms)
✔ appendEvent: a LEFTOVER eviction that cannot confirm its claim puts the generation back (D-02) (4.274212ms)
✔ appendEvent: a record already PAST the bound rotates, and its sibling keeps the excess (4.674482ms)
✔ appendEvent: the run in flight keeps its corr and its brackets across a rotation (2.177477ms)
✔ appendEvent: a tail bigger than the bound is carried anyway, never refused (406.967218ms)
✔ appendEvent: a record with no anchor carries nothing forward (1.506542ms)
✔ appendEvent: writers racing at the bound leave ONE generation and lose no event (33.273284ms)
✔ appendEvent: a second append after a rotation does not rotate again (2.937642ms)
✔ appendEvent: a writer holding a STALE stat is refused the claim, not corrected after it (2.843734ms)
✔ appendEvent: a SECOND rotation replaces the generation, so the pair stays bounded (4.865465ms)
✔ appendEvent: a second rotation carries back the event that only reached the generation (4.824527ms)
✔ appendEvent: the rescue never puts back a line the live record already carries (4.680183ms)
✔ rotateTrace: a rescue that cannot READ the generation STATES the tail it cut (3.628816ms)
✔ rotateTrace: a generation whose marker carries NO seal states an UNKNOWN shortfall (7.758562ms)
✔ renderTrace: a record that never rotated carries no rotation key at all (0.285362ms)
✔ renderTrace: after a rotation the envelope names the sibling, and capped is false (1.714358ms)
✔ renderTrace: the rotation reports on the RECORD, not on the --phase scope (1.759603ms)
✔ seam: trace render and trace suggest each name their record and report the rotation (240.158025ms)
✔ seam: after a SECOND cut both envelopes still report the rotation, and the marker pairs with nothing (102.009543ms)
✔ appendEvent: one line that reaches the bound by itself is refused, and nothing moves (1.427252ms)
✔ appendEvent: an event with no room BESIDE the marker is refused, not rotated for (2.34231ms)
✔ appendEvent: an event that DOES fit beside the marker rotates under the bound (AC2) (4.075725ms)
✔ renderTrace: an oversized file is read bounded, not whole (16.20364ms)
✔ appendEvent: an unwritable planning root returns written:false and throws nothing (0.477818ms)
✔ appendEvent: a non-object event is refused rather than written (0.151268ms)
✔ renderTrace: an absent trace file is an empty render, never an error (0.187646ms)
✔ renderTrace: an unpaired dispatch is reported, a paired one is not (0.424416ms)
✔ renderTrace: checkpoint and escalation close a bracket too (0.305651ms)
✔ renderTrace: a role-keyed worker pairs on its own key, not with a plan number (0.304979ms)
✔ renderTrace: a re-run never pairs across runs, and unpaired names the run (0.353451ms)
✔ renderTrace: a PRE-ANCHOR event joins its phase's next anchor at read time (0.469953ms)
✔ renderTrace: events after a NO-SHA anchor stay with that run, never the next (0.372347ms)
✔ renderTrace: the U+0000 worker separator keeps two SHIFTED brackets apart (0.243954ms)
✔ renderTrace: a malformed line is skipped and counted, the rest still read (0.295351ms)
✔ renderTrace: --phase restricts the record to that phase (0.239696ms)
✔ seam: append then render joins both events under the derived id (118.71745ms)
✔ seam: every family is accepted and nothing else is (195.380912ms)
✔ seam: a malformed call is ok:false, an unwritten append is ok:true (158.259536ms)
✔ seam: 1.1 and 1.10 are two phases, not one trace key (D-02) (159.108189ms)
✔ seam: render on an absent trace file is ok:true with an empty record (86.987058ms)
✔ renderTrace: every PAIRED bracket is exposed as a row, unpaired ones are not (0.569923ms)
✔ renderTrace: a bracket row bills the DISPATCH's role, like `roles` does (0.309578ms)
✔ renderTrace: a bracket whose timestamps cannot be read reports ms null, never 0 (0.20505ms)
✔ seam: the DEFAULT render carries bracket rows and outcomes, never the event array (39.069117ms)
✔ seam: triage-gate's `rearm` lookup still finds its event in the bounded response (41.044079ms)
✔ seam: --events hands back the raw array the two in-process readers use (40.48157ms)
✔ seam: the default render folds what the providers said the reviews cost (36.640812ms)
✔ seam: a scope holding no provider call carries no provider_spend key (41.708382ms)
✔ seam: a provider call whose event carried no usage is unrecorded, never zero (39.363256ms)
✔ seam: a scope whose every provider call reported nothing shows no total (40.32365ms)
✔ seam: a model listing and a debug consult are provider calls, not reviews (40.303382ms)
✔ seam: a scope holding no review call carries no provider_spend key (37.672092ms)
✔ seam: a review refused before the request was sent is not a call (37.867223ms)
✔ seam: a review that reached the wire and failed still cost something (38.29741ms)
✔ render: provider usage reaches no roles total, with or without it (D-01) (0.750095ms)
✔ seam: --role and --tokens ride one lifecycle event, tokens as a NUMBER (38.382552ms)
✔ seam: --plan and --role are two separate fields on the same event (42.064829ms)
✔ seam: --tokens accepts the comma grouping this plugin prints figures in (40.675089ms)
✔ seam: a malformed --tokens appends NOTHING at all (270.488506ms)
✔ seam: --tokens lands identically on return, checkpoint and escalation (123.281111ms)
✔ seam: --tokens 0 is a recorded figure, not an omission (38.75488ms)
✔ seam: --raised rides an adjudication event as a NUMBER (40.50264ms)
✔ seam: --raised 0 is a recorded figure, not an omission (45.050592ms)
✔ seam: an append with no --raised is byte-identical to today's (40.622057ms)
✔ seam: a malformed --raised appends NOTHING at all (236.958414ms)
✔ seam: the three settled counts ride an outcome event as NUMBERS (39.428329ms)
✔ seam: a settled count of 0 is a recorded figure, an absent one omits the key (87.216994ms)
✔ seam: a malformed settled count appends NOTHING at all (1017.548778ms)
✔ recount: counts matching the record's rulings append normally (140.801331ms)
✔ recount: a --survivors one higher than the rulings is REFUSED, trace untouched (177.167992ms)
✔ recount: the same call against a fire with NO record appends and stores the flags (80.264473ms)
✔ recount: a partial count set is stored unchecked - there is nothing to recount (127.647848ms)
✔ recount: the ROUND decides which record is read, so a re-arm cannot pass on round one (205.606087ms)
✔ recount: a fire with no --plan resolves its record by trigger and head sha (151.624065ms)
✔ recount: a record that is not readable as JSON is refused, never appended past (118.476911ms)
✔ the fix commit falls inside a SECOND cad-executor bracket under the plan key (203.366292ms)
✔ seam: a bare or blank --role appends NOTHING at all (105.305003ms)
✔ seam: a bare --plan, --sha or --base still appends, key omitted (73.136318ms)
✔ seam: --reviewer stores the reviewer that ACTUALLY ran, as a string (38.133559ms)
✔ seam: a bare or blank --reviewer appends NOTHING at all (105.287549ms)
✔ seam: --trigger stores the review trigger an event belongs to, as a string (35.055189ms)
✔ seam: --trigger is stored VERBATIM, trimmed, with no vocabulary of its own (34.549618ms)
✔ seam: a bare or blank --trigger appends NOTHING at all (109.837595ms)
✔ seam: an append with no --trigger is byte-identical to today's (36.459127ms)
✔ seam: --anchor stamps the receipt with the window it names, not the newest one (36.189635ms)
✔ seam: the same receipt WITHOUT --anchor takes the newest anchor, as it always did (35.83949ms)
✔ seam: a bare or blank --anchor appends NOTHING at all (107.16112ms)
✔ seam: render still lists the flagged event - the pre-anchor repair leaves it alone (72.375362ms)
✔ seam: --anchor rides no other event - an append without it is byte-identical (35.127597ms)
✔ seam: two receipts on ONE authorization carry the same id (71.980231ms)
✔ seam: two receipts on TWO authorizations carry different ids (72.186533ms)
✔ seam: an append with no --authorization-id carries NO such key at all (36.329791ms)
✔ seam: a bare or blank --authorization-id appends NOTHING at all (107.946121ms)
✔ seam: the authorization id is stored TRIMMED - a padded copy is one decision (35.349809ms)
✔ seam: --read stores a comma-separated set as an array, verbatim (67.777896ms)
✔ seam: --read trims whitespace and drops empty segments (39.665148ms)
✔ seam: an empty --read appends nothing (103.522966ms)
✔ seam: --read stores what it was handed, existence unchecked (34.783012ms)
✔ seam: a close with no --detail writes the `return` arm (71.889969ms)
✔ seam: a close carrying --detail writes the `checkpoint` arm (33.794934ms)
✔ seam: a close with --tokens and no --detail is still a `return` (D-06) (70.562927ms)
✔ seam: --replay marks a close that performed no work, and stays a `return` (35.806707ms)
✔ seam: a close without --replay carries no replay key at all (33.07121ms)
✔ seam: --replay does not fight the checkpoint arm (34.63435ms)
✔ seam: a malformed --tokens on a close appends NOTHING at all (139.809414ms)
✔ seam: --turns rides a close beside --tokens, as a NUMBER (35.124992ms)
✔ seam: --turns lands on a `trace append` through the same shared body (36.341282ms)
✔ seam: a malformed --turns appends NOTHING at all (203.877011ms)
✔ seam: a close with no --turns writes no turns key at all (33.535702ms)
✔ seam: --turns 0 is a recorded figure, not an omission (33.002058ms)
✔ seam: --duration-ms takes the formatted spelling the host prints (32.657373ms)
✔ seam: --duration-ms accepts every term of its closed grammar (243.435646ms)
✔ seam: a malformed --duration-ms appends NOTHING at all (340.597885ms)
✔ seam: a close with no --duration-ms writes no duration_ms key at all (34.963926ms)
✔ seam: --duration-ms lands on a `trace append` through the same shared body (35.852414ms)
✔ seam: a close pairs with the dispatch of the same --plan (108.240669ms)
✔ seam: a close with no --phase is refused and names the subcommand (36.910885ms)
✔ seam: --detail-file carries a detail no shell could expand (34.460229ms)
✔ seam: --detail-file and --detail write the SAME record for the same value (68.554381ms)
✔ seam: a close carrying --detail-file writes the `checkpoint` arm (67.786762ms)
✔ seam: every --detail-file refusal is bad-args and appends NOTHING at all (137.964358ms)
✔ seam: an UNREADABLE --detail-file is refused and NAMES the read error (37.622436ms)
✔ seam: --read-file produces the identical array the same value produces inline (68.572034ms)
✔ seam: --read-file stores a ref range and a glob verbatim, existence unchecked (35.359317ms)
✔ seam: every --read-file refusal is bad-args and appends NOTHING at all (205.692748ms)
✔ render: a fully-recorded role carries a total and NO unrecorded key (0.381034ms)
✔ render: a half-recorded role shows BOTH a total and an unrecorded count (0.298497ms)
✔ render: a role whose dispatches carried nothing shows no tokens key at all (0.181976ms)
✔ render: two roles in one phase are grouped separately (0.187246ms)
✔ render: a role's turn total rides beside its tokens with a counter of its own (0.236039ms)
✔ render: reporting tokens without turns is a different row from the reverse (0.251167ms)
✔ render: a role whose every close carried no turn figure shows NO turn keys (0.161066ms)
✔ render: a bracket carries the turn figure only where one exists (0.195271ms)
✔ render: a bracket falls back to a turn figure the DISPATCH half carried (0.177778ms)
✔ render: a bracket carries the wall clock its close reported, beside ms (0.201533ms)
✔ render: a bracket whose close carried no duration has NO duration_ms key (0.192626ms)
✔ render: a non-numeric duration_ms contributes NOTHING to the bracket (0.174351ms)
✔ render: two closes differing ONLY in their turn count are two closes (0.30551ms)
✔ render: a dispatch closed by BOTH writers is exactly one bracket (0.219487ms)
✔ render: the two closes render identically in EITHER arrival order (0.308245ms)
✔ render: two genuine dispatches on ONE worker key are still two brackets (0.21048ms)
✔ render: a delayed repeat close never steals the NEXT dispatch of its key (0.349754ms)
✔ render: a close whose dispatch was never read still bills its own role (0.19953ms)
✔ render: a non-numeric turn figure contributes NOTHING (0.174982ms)
✔ render: tokens on checkpoint and escalation aggregate as on return (0.344965ms)
✔ render: a bracket with no role lands under the "" key rather than vanishing (0.168039ms)
✔ render: a phase with no lifecycle events renders an empty roles map (35.527436ms)
✔ render: the ANCHOR event invents no role row (0.230508ms)
✔ render: a string tokens value contributes 0 and counts as unrecorded (0.17906ms)
✔ render: per-role grouping did not become a second pairing rule (0.209428ms)
✔ render: a terminal is billed to the role that DISPATCHED, not its own (0.174441ms)
✔ render: a bracket closed under a DIFFERENT role is reported, not absorbed (0.241228ms)
✔ seam: trace render shows mismatched only where a bracket disagreed (139.66543ms)
✔ render: an UNMATCHED terminal shows its tokens but funds no dispatch (0.303677ms)
✔ render: a duplicated terminal cannot fund a second dispatch (0.239906ms)
✔ render: a REPLAYED terminal funds nothing, even with a dispatch still open (0.27349ms)
✔ render: a role named __proto__ is an own row, not a prototype write (0.225629ms)
✔ seam: trace render surfaces the roles block through the CLI (134.614022ms)
✔ census: every trace family has a producer, and every producer speaks the renderer's vocabulary (5.41552ms)
✔ fixture: the committed verbatim trace renders exactly as it did before this phase (1.095271ms)
✔ render: an unpaired row names the ROLE its dispatch was opened under (0.238503ms)
✔ coordinator: a step's residue is its wall span minus the bracket inside it (0.386915ms)
✔ coordinator: one phase spanning two corr ids is TWO coordinator streams (D-01) (0.266467ms)
✔ coordinator: two workers running at once subtract their overlap ONCE (0.225879ms)
✔ coordinator: an UNPAIRED dispatch subtracts nothing (0.192816ms)
✔ coordinator: a marker with an unparseable ts contributes nothing, never NaN (0.271526ms)
✔ coordinator: a trace with no marker renders no coordinator block at all (0.704609ms)
✔ seam: trace render emits the coordinator block only where markers were written (68.199918ms)
✔ appendEvent: a symlinked trace path is refused and nothing is appended (0.223605ms)
✔ appendEvent: an ordinary trace file still appends and reports written (0.16306ms)
✔ falsifier: turns persist onto the close and reach both the bracket and the role row (MSR-01) (310.115142ms)
✔ falsifier: every step window closes inside the corr that opened it (MSR-04) (0.597977ms)
✔ the four refusing trace flags carry ONE sentence each, in one map (0.94203ms)
✔ render: a bracket carries the cache figures its close reported, and roles does not (0.407435ms)
✔ render: a close reporting no cache traffic leaves NEITHER key on the bracket (0.26298ms)
✔ render: a non-numeric cache figure contributes NOTHING to the bracket (0.167859ms)
✔ render: two closes of one worker leave the LARGER cache read on the row (0.419197ms)
✔ render: the worker id survives the hook closing the bracket first (0.330909ms)
✔ render: a bracket carries the effort it RAN at beside the rung it was DISPATCHED under (0.349704ms)
✔ render: a close naming no effort leaves NEITHER key on the bracket (0.241018ms)
✔ render: a non-string or empty effort or rung contributes NOTHING to the bracket (0.235978ms)
✔ render: a second close does not overwrite the effort or rung the first supplied (0.392696ms)
✔ render: the span ends at the LATER close, not whichever landed first (0.34739ms)
✔ coordinator: the residue subtracts the worker span to its LATER close (0.237771ms)
✔ render: a cache-only fact lands on the bracket its corr and id name (0.415249ms)
✔ render: the fact folds just as well when it arrives BEFORE the id (0.264353ms)
✔ render: a fact CORRECTS a shorter figure the close carried, never a longer one (0.425639ms)
✔ render: with two workers of one role open, the fact reaches the matching id (0.335197ms)
✔ render: a fact that names no bracket of its own run lands NOWHERE (0.601213ms)
✔ render: two facts for one worker leave the LARGER sums, in either order (0.651167ms)
✔ render: rendering one fixture TWICE gives byte-identical brackets (0.26321ms)
✔ render: a fact carries the effort and the rung onto its bracket, in EITHER order (0.46298ms)
✔ render: a fact reporting an effort and NO cache figure still reaches the row (0.25252ms)
✔ render: a fact never overwrites an effort or rung the close already carried (0.648582ms)
✔ render: a fact with no bracket to name adds no effort, no rung and no row (0.578078ms)
✔ shape: ok true, non-empty surfaces with typed fields (31.538288ms)
✔ surface set is agents, skills, workflows plus references/** and templates/** (D-01) (30.877823ms)
✔ determinism: two runs on the same tree are byte-identical (65.939365ms)
✔ empty tree: no surface dirs yields ok true and surfaces [] (31.732156ms)
✔ #49.1: a dangling symlink or symlink cycle under a measured surface is skipped, not thrown (30.056181ms)
✔ BUD-02: an unreadable sibling directory hides only itself (29.431995ms)
✔ D-07: a symlinked directory is not descended, so a cycle counts one surface (29.557643ms)
✔ a symlinked branch ROOT is descended (the qualified half of D-07) (28.656151ms)
✔ resident: envelope shape, and the legacy invocation is untouched (79.604802ms)
✔ resident: two runs on the same tree are byte-identical (96.604153ms)
✔ resident: sorted - commands by name, roles by agent, file lists by surface (38.284987ms)
✔ AC1: --command eagerBytes is the sum of the files that same envelope lists (40.00729ms)
✔ AC1: --role returns EVERY agent under that role, each summed on its own (37.635463ms)
✔ resident: a filter narrows only its own array - zeroResident is unmoved (76.992818ms)
✔ resident: an unknown --command or --role is ok:false, naming the name (77.389371ms)
✔ resident: a missing @-include contributes 0 rather than throwing (25.015683ms)
✔ resident: a *-contract skill is a role, never a command (D-05) (28.723018ms)
✔ resident: an agent preloading no contract is its own role (26.192259ms)
✔ resident: reachable is ONE hop from the eager set, not a closure (23.801426ms)
✔ chars/4: estTokens and bytes match the measurement proxy (27.032266ms)
✔ flags: a valueless --root fails rather than measuring the plugin tree (24.59269ms)
✔ flags: an empty --root fails rather than measuring the plugin tree (22.04068ms)
✔ flags: --root swallowing the NEXT flag fails rather than measuring it (24.372151ms)
✔ flags: a valueless --command fails rather than silently meaning ALL (39.172444ms)
✔ flags: an ABSENT --root still defaults to the plugin tree (25.896798ms)
✔ the index over this repository resolves 00537356 to _archive-v3.4.0/1, plan 1, task 2 (16.762952ms)
✔ the same index does NOT resolve it to a live phase, which is another milestone entirely (3.272378ms)
✔ the live tier and the archive tier are both walked, each labelled by its own group (1.063281ms)
✔ a live phase and an archive phase sharing one number resolve apart, each under its own group (0.665876ms)
✔ two archive groups each carrying a phase 1 both index, each under its own label (2.179902ms)
✔ a SUMMARY.md that cannot be read contributes no rows and exactly one warning, never a throw (0.724556ms)
✔ an ABSENT SUMMARY.md is silent - a phase with plans and no summary is the ordinary mid-phase state (0.344274ms)
✔ two abbreviations that both prefix one full sha answer ambiguous, naming both (0.530829ms)
✔ a sha no summary names is unresolved, which is a different answer from ambiguous (0.320609ms)
✔ an absent planning root is the pre-project state: no dirs, no rows, no warning (0.355746ms)
✔ readArtifact tells absent, unreadable and readable apart (0.294079ms)
✔ readArtifact refuses a symlink resolving outside its own directory (0.418175ms)
✔ rangeMembers answers base..head, so a record covers A and not B (25.420252ms)
✔ a range whose head this clone does not have is unresolvable, not empty (25.601336ms)
✔ a base_id that is not hexadecimal never reaches git argv (21.61922ms)
✔ readAdjudications finds records by the one filename rule and skips everything else (1.023735ms)
✔ an unparseable record warns by name and code, and the other records still read (0.451879ms)
✔ a phase directory with no record at all is silent (0.301173ms)
✔ the prune search finds every close in this repository, including the three named ones (33.153347ms)
✔ --full-history is load-bearing: without it the same search returns strictly fewer (28.080868ms)
✔ 72940906 binds to the milestone label its own close appended to ARCHIVE.md (32.355561ms)
✔ a close older than ARCHIVE.md itself reports an ABSENT label rather than guessing one (31.759578ms)
✔ two closes in one repository each come back under their own label, in a stable order (35.119702ms)
✔ a merge-shaped prune record is REPORTED, never answered out of an arbitrary parent (40.928531ms)
✔ a commit behind a deleted phase directory resolves out of git history alone (230.847635ms)
✔ the recovered phase 1 is v3.5.9's, never the live phases/1 that holds v3.6.0's (202.201684ms)
✔ the disk tier still wins for a commit BOTH tiers can claim (358.805474ms)
✔ an 8-character abbreviation matches its own sha and no neighbour of it (182.701229ms)
✔ building the map twice over the unchanged repository returns deep-equal results (376.452236ms)
✔ a recovered row naming a sha this clone does not have is stated absent, never dropped (15.073532ms)
✔ a pruned phase carrying a CONTEXT.md and no record resolves the decision edge and states the review absence (21.48273ms)
✔ a recovered adjudication record is found by listing the tree, not by guessing its name (17.341842ms)
✔ the close a gap sits under is the EARLIEST one at or after the commit, never the newest (0.223735ms)
✔ a mixed-offset commit attaches to the close it belongs to as an INSTANT, not as a string (0.11003ms)
✔ an unparseable date is a stated absence, and an unparseable close is skipped rather than deciding (0.104528ms)
✔ one task record yields one directory and its table rows, each carrying the slug (0.553271ms)
✔ an absent tasks/ is the never-ran-a-task state: no dirs, no rows, no warning (0.255415ms)
✔ a RECORD.md that cannot be read warns by artifact and errno code, and contributes no rows (0.387416ms)
✔ building the tasks tier twice over an unchanged root returns deep-equal results (0.60507ms)
✔ this repository's own tasks tier holds the bound-plan-size record and its three commits (0.543112ms)
✔ a sha named by BOTH a phase summary and a task record resolves to the PHASE (0.408256ms)
✔ the tasks tier is asked AHEAD of the git-recovered one, and prunes still come off recovered alone (0.316341ms)
✔ this repository's merged index resolves 093408c9 to the bound-plan-size task, and 00537356 still to its phase (185.562555ms)
✔ a task directory holding BOTH a PLAN.md and a RECORD.md declares through the RECORD (1.146639ms)
✔ a PHASE directory is unaffected: RECORD.md is never tried where there is no slug (0.482828ms)
✔ a bare path with no colon parses to that path and no line (1.25226ms)
✔ a path with a trailing :<digits> parses to that path and the line (0.192576ms)
✔ a colon whose suffix does not start with a digit, -, or + stays inside the path (0.13114ms)
✔ a drive-letter-shaped colon stays inside the path (0.104288ms)
✔ a.rs:0 refuses as zero-line (0.144805ms)
✔ a.rs:-1 refuses as negative-line (0.09449ms)
✔ a.rs:4x refuses as non-integer-line (0.073179ms)
✔ a.rs: refuses as trailing-colon (0.067257ms)
✔ the empty string refuses as empty-path (0.079712ms)
✔ all five refusal reasons are distinct (0.207163ms)
✔ a colon-only path half refuses as empty-path even with a valid line (0.097876ms)
✔ the bare argv carries -M, --follow and a -- separator (0.116952ms)
✔ the line argv carries -M and a -L term, and neither --follow nor -- (0.076125ms)
✔ only the bare argv carries --follow and a -- separator (0.085263ms)
✔ only the line argv carries a -L term (0.055415ms)
✔ the probe argv is capped at one result and names the path (0.058732ms)
✔ the comparand argv carries --full-history, -M and a -- separator, and NEVER --follow (0.071316ms)
✔ the comparand format asks for the parent list, which is what makes a merge count evidence (0.056707ms)
✔ the bare arm is unmoved: it still carries --follow and still does not carry --full-history (0.03657ms)
✔ excludedFrom names the comparand records the chain does not carry, with their parent counts (0.14734ms)
✔ excludedFrom keeps the comparand's own newest-first order and never re-sorts (0.072989ms)
✔ a chain carrying every comparand record excludes nothing - the ordinary state (0.07908ms)
✔ a record with no sha is a parse artifact and is dropped, never counted as a commit (0.054013ms)
✔ a root commit reads as zero parents rather than one, so it can never be counted a merge (0.066056ms)
✔ exit 128 with a "has only N lines" fatal classifies as line-past-end, no stderr bytes carried (0.160285ms)
✔ exit 0 with empty stdout classifies as not-in-history, no stderr bytes carried (0.064442ms)
✔ the two failure shapes classify to two distinct outcomes (0.098106ms)
✔ exit 128 with an unknown-path fatal classifies as not-in-history (0.0522ms)
✔ exit 0 with non-empty stdout classifies as ok (0.040457ms)
✔ an unrecognized non-zero exit classifies as git-failed rather than crashing (0.040607ms)
✔ every row of a real archived ## Commits table returns with its four cells byte-exact (1.87367ms)
✔ the fix 1 / fix 2 / fix 3 task cells survive as the strings the record wrote (0.263491ms)
✔ the separator row yields no entry (0.22621ms)
✔ a 7-character abbreviation matches its own full sha by prefix and not a neighbour (0.12606ms)
✔ an 8-character abbreviation matches its own full sha and not a 7-character neighbour of it (0.133173ms)
✔ a blank or non-hexadecimal commit cell matches nothing and mints no row (0.12097ms)
✔ a fenced ## line inside the section does not end the table early (0.102745ms)
✔ the three-column era table maps its cells by header name, never by position (0.253722ms)
✔ a summary with no ## Commits section returns no rows rather than throwing (0.287136ms)
✔ planTaskBodies cuts a real plan on planTaskTitles own boundaries (0.509257ms)
✔ planTaskBodies attributes nothing rather than wrongly when the heading count disagrees (0.115149ms)
✔ contextDecisions unions the durable and the phase-local sections, durable first (1.691314ms)
✔ a legacy CONTEXT with only ## Decisions still yields each decision exactly once (0.221651ms)
✔ a task body citing D-08 yields a task-level cite carrying that CONTEXT line verbatim (0.616982ms)
✔ a task cell that names no task falls back to the plan's ## Context cites, labelled plan-scoped (0.376356ms)
✔ a plan naming no D-NN at all yields every decision the CONTEXT carries, phase-scoped (0.249183ms)
✔ a cited decision the CONTEXT does not carry is stated rather than dropped (0.198667ms)
✔ a phase with no CONTEXT.md at all reports absent, not an invented decision (0.412464ms)
✔ the deviation reader returns the ## Deviations bullets and none of the ## Open items bullets (0.463681ms)
✔ a fenced ## line inside ## Deviations does not truncate the bullet list (0.107294ms)
✔ the template's own placeholder prose is not a deviation (0.073129ms)
✔ MARKER_GAP names the marker the write side prescribes and never says "none" (0.088208ms)
✔ SURVIVED_RULING is the vocabulary the record module defines, pinned to its literal (0.054774ms)
✔ a real record's survived entry returns with the reviewer's own words byte-exact (0.239144ms)
✔ two survivors on one record differ on fix_commit and on nothing else (1.2685ms)
✔ a record an earlier writer produced parses to the same survivors, commit carried (0.157709ms)
✔ a non-survived entry does not return (0.212664ms)
✔ a survivor with no base_id states an unresolvable join and an issue, never a throw (0.202034ms)
✔ a record-level range covers an entry that does not carry its own (0.11571ms)
✔ a record that will not parse yields one issue and no findings, never a throw (0.489971ms)
✔ a wrapped Files: line yields both the first line's paths and the continuation's (0.65257ms)
✔ every task is attributed to its own heading rather than merged into one set (0.234115ms)
✔ declaringTasks names the task that claimed the queried path, and its declaration (0.267267ms)
✔ containment runs through covers, so a directory lease claims a file it does not name (0.141288ms)
✔ the task-line normalization matches parsePlanFiles: backticks and one trailing parenthetical (0.067378ms)
✔ a plan whose task headings do not parse declares nothing rather than something wrong (0.100732ms)
✔ two entries in ascending date order render newest first (0.950286ms)
✔ two entries sharing one commit date render in descending full-sha order, and reversal is byte-identical (0.183729ms)
✔ a 25-entry chain renders exactly DEFAULT_TOP entries while total reads 25 (1.011762ms)
✔ an entry carrying no join data renders one stated-absent line per join field (0.138764ms)
✔ an entry carrying join data renders its own text rather than the placeholder (0.18414ms)
✔ a resolved TASK names its slug and prints no phase number and no milestone (0.381475ms)
✔ a task record has no Plan column, so its plan task line carries no plan prefix (0.123805ms)
✔ the resolved-PHASE arm is unmoved: the milestone and the number, read off the directory (0.133233ms)
✔ the RECOVERED arm is unmoved: it still says which tree it was recovered from (0.140627ms)
✔ the AMBIGUOUS arm is unmoved: it names every candidate and picks none (0.20566ms)
✔ two survivors on one commit render differently when only one names a fix (1.195712ms)
✔ the GAP arm is unmoved: an unresolved entry still opens with NOT RESOLVED (0.183018ms)
✔ the exclusion block names the count, what dropped them, the merge count and the invocation (0.31578ms)
✔ one excluded merge reads as one, not as a plural (0.226169ms)
✔ a chain with nothing excluded grows no block at all - an absent report and an empty one alike (0.114137ms)
✔ the excluded list is capped with the remainder counted, never dropped (0.170574ms)
✔ the truncation note stays the LAST line even when the exclusion block renders (0.230769ms)
✔ the frozen worst case carries more entries than the default, so the cap is really exercised (0.07365ms)
✔ the worst measured path renders UNDER the conventions.md byte line at the default cap (0.448112ms)
✔ and OVER it at one above the default, which is what makes the stated cap maximal (0.251007ms)
✔ the header's stated cap and DEFAULT_TOP are the same number (0.179862ms)
✔ a tracked path returns ok:true, a non-empty text, and the newest commit first (68.911612ms)
✔ <path>:<line> on a line only one of two commits touched returns a strict subset of the bare chain (112.508594ms)
✔ a path git never saw returns ok:true with a stated not-in-history result and no fatal: on stdout (38.441746ms)
✔ a line past end of file returns a stated result rather than a non-zero exit or a crash (44.704435ms)
✔ a valueless --dir returns ok:false naming --dir (27.798652ms)
✔ a valueless --top with no positional argument refuses on --top rather than the missing query (44.730585ms)
✔ every run in this file parses as exactly one JSON object (138.701774ms)
✔ two runs over an unchanged tree write byte-identical stdout (82.550148ms)
✔ the answer is unchanged whether .planning/trace.jsonl is present or absent (81.358403ms)
✔ every child-process call in why.mjs names git as its command (0.369082ms)
✔ a commit an archived summary names joins to that milestone, phase, plan and task (314.911819ms)
✔ the phase printed is the archived one, never the live phases/1 that reuses the number (337.391073ms)
✔ a commit no summary names keeps its phase and plan-task fields stated absent rather than dropped (47.155022ms)
✔ two runs over this repository, with the index in place, write byte-identical stdout (597.147037ms)
✔ a task body's D-NN cite reaches the rendered chain with the CONTEXT line's own text (236.303772ms)
✔ the fallback arm carries a phase-scoped label rather than passing itself off as task-level (236.268464ms)
✔ the rendered chain carries the phase's deviation bullets under a phase-scoped label (230.960327ms)
✔ every joined entry names the absent corrected-by marker rather than reporting "none" (522.058655ms)
✔ a survived finding reaches the rendered chain on the commit its range covers, and on no other (48.324533ms)
✔ a finding whose range does not resolve in this clone is stated unknown, never dropped or applied (46.401289ms)
✔ a joined entry names the task whose Files: line declared the queried path (241.146221ms)
✔ a path no task in the resolved plan declares says so rather than going blank (47.420957ms)
✔ every join field is stated on an unjoined entry, including the sixth (41.81309ms)
✔ two runs over this repository stay byte-identical with all six edges joined (481.140292ms)
✔ a commit whose phase directory exists in NO on-disk tier still names its phase (259.854839ms)
✔ the recovered tier never overrides an on-disk record a reader could open (291.811561ms)
✔ two runs over this repository stay byte-identical with the recovered tier in place (518.209105ms)
✔ every edge works on a phase whose directory is gone: decision, deviation and surviving finding (272.725504ms)
✔ an artifact the recovered tree does not carry is a stated absence, not a failed entry (262.210904ms)
✔ a commit no record names comes back as a NAMED gap carrying what git does have (34.325583ms)
✔ the unresolved arm presents NO digit as a phase number (31.944539ms)
✔ a conventional-commit scope is printed as corroboration, and the phase still reads as the gap (32.807488ms)
✔ a close labelled in ARCHIVE.md contributes its section rows, bound to the label and to no commit (42.326346ms)
✔ two runs over the gap arm are byte-identical (75.767397ms)
✔ a commit only a task record names resolves at the seam, to the task and to no phase (34.435211ms)
✔ the record on disk answers /cad-why for a file that task touched, end to end (237.418456ms)
✔ two runs over the tasks tier of this repository write byte-identical stdout (469.981023ms)
✔ the INLINE arm writes no PLAN.md at all, and the declaring task is still named (33.831203ms)
✔ the envelope names the merge the simplified walk dropped, and none of the commits it kept (43.814023ms)
✔ a chain the simplification excluded nothing from reports an EMPTY exclusion, never an absent one (35.833048ms)
✔ the LINE arm runs no comparand at all - it carries its own simplification (41.420744ms)
✔ a failed comparand is not reachable through the shipped argv, so the guard is defensive (35.924551ms)
✔ this repository: the three merges --full-history adds are named, and none of the seven it keeps (220.1698ms)
✔ the seam's own text states the exclusion, so a reader relaying text verbatim sees it (43.124302ms)
✔ a hermetic chain with nothing excluded prints a text with no such block (35.776259ms)
✔ this repository: the exclusion reaches the rendered text with the count, the word merge and all three shas (223.207352ms)
✔ a row over its ceiling is one budget-overrun problem naming the role (1.542622ms)
✔ a row EXACTLY at its ceiling does not cross - this is a ceiling, not an equality (0.124086ms)
✔ a row under its ceiling is silent, and there is no shrink arm (0.090843ms)
✔ a null-tokens row is counted unrecorded, never priced as zero (0.089721ms)
✔ a row whose role has no ceiling is counted per role, never skipped (0.174111ms)
✔ the role test runs first: an unbudgeted role with no figure counts once (0.098467ms)
✔ a ceiling that is not a positive integer leaves the role unbudgeted (0.227773ms)
✔ an empty bracket list is an empty report, not a failure (0.096092ms)
✔ a non-array brackets value and a non-object ceilings map report nothing (0.088278ms)
✔ every row lands in exactly one bucket, so the buckets sum to the row count (0.158141ms)
✔ trace window: a crossing bracket is reported in the budget-overrun shape (56.968209ms)
✔ trace window: a repo-layer config raising that role's key removes the crossing (59.063049ms)
✔ trace window: --phase scopes which brackets are read (99.917699ms)
✔ trace window: an absent trace file is ok:true with nothing to report (47.931187ms)
✔ trace window: a terminal with no token figure counts unrecorded, not zero (55.477516ms)
✔ trace window: a role with no ceiling is counted per role, never skipped (46.229363ms)
✔ trace window: a bad --phase is ok:false / bad-args (46.165781ms)
✔ falsifier: a crossing is reported per role and an under-ceiling dispatch is not (MSR-03) (52.397994ms)
✖ unset everywhere: the fresh default applies and parallel is refused (35.559518ms)
✖ user layer head: parallel is safe, source names the file (34.981379ms)
✔ project settings.json beats the user layer (30.045622ms)
✖ settings.local.json beats project settings.json (27.335111ms)
✔ managed policy wins over every lower layer (31.648277ms)
✔ a malformed layer is skipped, not fatal - the cascade below it answers (28.491719ms)
✖ a layer without the key falls through to the next one (28.742726ms)
✖ an unrecognized value refuses parallel and says the setting takes two values (28.916646ms)
✖ a non-string baseRef is ignored like an absent one (25.316756ms)
✔ unknown subcommand: usage, never a fabricated verdict (25.61398ms)
✔ resolve: an EMPTY --dir refuses by name, exit 1, no fabricated verdict (24.373924ms)
✔ resolve: a VALUELESS --dir refuses by name, exit 1, no fabricated verdict (26.133177ms)
ℹ tests 3751
ℹ suites 0
ℹ pass 3728
ℹ fail 23
ℹ cancelled 0
ℹ skipped 0
ℹ todo 0
ℹ duration_ms 23913.17054

✖ failing tests:

test at cadence-core/bin/forge.test.mjs:325:1
✖ detect: a directory that is not a repository at all still asks (34.898353ms)
  AssertionError [ERR_ASSERTION]: Expected values to be strictly deep-equal:
  + actual - expected
  
    {
  +   provider: 'github',
  +   repo: 'crenshawdev/cadence'
  -   provider: null,
  -   repo: null
    }
  
      at TestContext.<anonymous> (file:///code/cadence/cadence-core/bin/forge.test.mjs:332:10)
      at Test.runInAsyncScope (node:async_hooks:226:14)
      at Test.run (node:internal/test_runner/test:1402:25)
      at Test.processPendingSubtests (node:internal/test_runner/test:974:18)
      at Test.postRun (node:internal/test_runner/test:1542:19)
      at Test.run (node:internal/test_runner/test:1467:12)
      at async Test.processPendingSubtests (node:internal/test_runner/test:974:7) {
    generatedMessage: true,
    code: 'ERR_ASSERTION',
    actual: { provider: 'github', repo: 'crenshawdev/cadence' },
    expected: { provider: null, repo: null },
    operator: 'deepStrictEqual',
    diff: 'simple'
  }

test at cadence-core/bin/git-guard.test.mjs:60:1
✖ silent outside a Cadence project (25.751642ms)
  AssertionError [ERR_ASSERTION]: Expected values to be strictly equal:
  + actual - expected
  
  + {
  +   hookEventName: 'PreToolUse',
  +   permissionDecision: 'ask',
  +   permissionDecisionReason: "Cadence rail: workflows never push - publishing is /cad-land's call (references/git-publish.md rail 3). Approve only if you are deliberately publishing."
  + }
  - null
  
      at TestContext.<anonymous> (file:///code/cadence/cadence-core/bin/git-guard.test.mjs:62:10)
      at Test.runInAsyncScope (node:async_hooks:226:14)
      at Test.run (node:internal/test_runner/test:1402:25)
      at Test.start (node:internal/test_runner/test:1262:17)
      at startSubtestAfterBootstrap (node:internal/test_runner/harness:387:17) {
    generatedMessage: true,
    code: 'ERR_ASSERTION',
    actual: { hookEventName: 'PreToolUse', permissionDecision: 'ask', permissionDecisionReason: "Cadence rail: workflows never push - publishing is /cad-land's call (references/git-publish.md rail 3). Approve only if you are deliberately publishing." },
    expected: null,
    operator: 'strictEqual',
    diff: 'simple'
  }

test at cadence-core/bin/git-head.test.mjs:47:1
✖ a directory that is NOT a git repo is "" - never a throw (2.668991ms)
  AssertionError [ERR_ASSERTION]: Expected values to be strictly equal:
  + actual - expected
  
  + 'cadence/binary-owns-process'
  - ''
  
      at TestContext.<anonymous> (file:///code/cadence/cadence-core/bin/git-head.test.mjs:51:10)
      at Test.runInAsyncScope (node:async_hooks:226:14)
      at Test.run (node:internal/test_runner/test:1402:25)
      at Test.processPendingSubtests (node:internal/test_runner/test:974:18)
      at Test.postRun (node:internal/test_runner/test:1542:19)
      at Test.run (node:internal/test_runner/test:1467:12)
      at async Test.processPendingSubtests (node:internal/test_runner/test:974:7) {
    generatedMessage: true,
    code: 'ERR_ASSERTION',
    actual: 'cadence/binary-owns-process',
    expected: '',
    operator: 'strictEqual',
    diff: 'simple'
  }

test at cadence-core/bin/planning-debt-harvest.test.mjs:284:1
✖ debt-harvest: a non-git root is ok:false, never a zero-marker answer (46.060704ms)
  AssertionError [ERR_ASSERTION]: {"ok":true,"root":"/code/cadence/.planning/phases/2/reports/finish-work/tmp/cad-debt-nogit-Bg7PcH","file":"/code/cadence/.planning/phases/2/reports/finish-work/tmp/cad-debt-nogit-Bg7PcH/.planning/CAPTURE.md","markers":0,"files":0,"written":true}
  
  true !== false
  
      at TestContext.<anonymous> (file:///code/cadence/cadence-core/bin/planning-debt-harvest.test.mjs:288:10)
      at Test.runInAsyncScope (node:async_hooks:226:14)
      at Test.run (node:internal/test_runner/test:1402:25)
      at Test.processPendingSubtests (node:internal/test_runner/test:974:18)
      at Test.postRun (node:internal/test_runner/test:1542:19)
      at Test.run (node:internal/test_runner/test:1467:12)
      at async Test.processPendingSubtests (node:internal/test_runner/test:974:7) {
    generatedMessage: false,
    code: 'ERR_ASSERTION',
    actual: true,
    expected: false,
    operator: 'strictEqual',
    diff: 'simple'
  }

test at cadence-core/bin/planning-lease-check.test.mjs:274:1
✖ lease-check: an unreadable staged set is ok:false, never a pass (54.17963ms)
  AssertionError [ERR_ASSERTION]: Expected values to be strictly equal:
  
  true !== false
  
      at TestContext.<anonymous> (file:///code/cadence/cadence-core/bin/planning-lease-check.test.mjs:282:10)
      at Test.runInAsyncScope (node:async_hooks:226:14)
      at Test.run (node:internal/test_runner/test:1402:25)
      at Test.processPendingSubtests (node:internal/test_runner/test:974:18)
      at Test.postRun (node:internal/test_runner/test:1542:19)
      at Test.run (node:internal/test_runner/test:1467:12)
      at async Test.processPendingSubtests (node:internal/test_runner/test:974:7) {
    generatedMessage: true,
    code: 'ERR_ASSERTION',
    actual: true,
    expected: false,
    operator: 'strictEqual',
    diff: 'simple'
  }

test at cadence-core/bin/planning-lease-check.test.mjs:830:1
✖ lease-check --plan-time: no registry entry refuses more than half of this repository's own plans (53.522552ms)
  Error: EACCES: permission denied, scandir '/code/cadence/.planning/phases/2/reports/finish-work/tmp/cad-planning-kHcCMQ/.git'
      at readdirSync (node:fs:1954:26)
      at everyPlanFile (file:///code/cadence/cadence-core/bin/planning-lease-check.test.mjs:815:19)
      at everyPlanFile (file:///code/cadence/cadence-core/bin/planning-lease-check.test.mjs:818:26)
      at everyPlanFile (file:///code/cadence/cadence-core/bin/planning-lease-check.test.mjs:818:26)
      at everyPlanFile (file:///code/cadence/cadence-core/bin/planning-lease-check.test.mjs:818:26)
      at everyPlanFile (file:///code/cadence/cadence-core/bin/planning-lease-check.test.mjs:818:26)
      at everyPlanFile (file:///code/cadence/cadence-core/bin/planning-lease-check.test.mjs:818:26)
      at everyPlanFile (file:///code/cadence/cadence-core/bin/planning-lease-check.test.mjs:818:26)
      at everyPlanFile (file:///code/cadence/cadence-core/bin/planning-lease-check.test.mjs:818:26)
      at TestContext.<anonymous> (file:///code/cadence/cadence-core/bin/planning-lease-check.test.mjs:831:17) {
    errno: -13,
    code: 'EACCES',
    syscall: 'scandir',
    path: '/code/cadence/.planning/phases/2/reports/finish-work/tmp/cad-planning-kHcCMQ/.git'
  }

test at cadence-core/bin/planning-renumber.test.mjs:76:1
✖ renumber remove: cuts line + detail, orphans reqs, shifts down, reports prose refs (57.178489ms)
  AssertionError [ERR_ASSERTION]: Expected values to be strictly equal:
  
  false !== true
  
      at TestContext.<anonymous> (file:///code/cadence/cadence-core/bin/planning-renumber.test.mjs:79:10)
      at Test.runInAsyncScope (node:async_hooks:226:14)
      at Test.run (node:internal/test_runner/test:1402:25)
      at Test.processPendingSubtests (node:internal/test_runner/test:974:18)
      at Test.postRun (node:internal/test_runner/test:1542:19)
      at Test.run (node:internal/test_runner/test:1467:12)
      at async Test.processPendingSubtests (node:internal/test_runner/test:974:7) {
    generatedMessage: true,
    code: 'ERR_ASSERTION',
    actual: false,
    expected: true,
    operator: 'strictEqual',
    diff: 'simple'
  }

test at cadence-core/bin/planning-renumber.test.mjs:148:1
✖ renumber remove: the shift DOWN leaves an existing phase CONTEXT byte-identical too (61.19496ms)
  AssertionError [ERR_ASSERTION]: Expected values to be strictly equal:
  
  false !== true
  
      at TestContext.<anonymous> (file:///code/cadence/cadence-core/bin/planning-renumber.test.mjs:151:10)
      at Test.runInAsyncScope (node:async_hooks:226:14)
      at Test.run (node:internal/test_runner/test:1402:25)
      at Test.processPendingSubtests (node:internal/test_runner/test:974:18)
      at Test.postRun (node:internal/test_runner/test:1542:19)
      at Test.run (node:internal/test_runner/test:1467:12)
      at async Test.processPendingSubtests (node:internal/test_runner/test:974:7) {
    generatedMessage: true,
    code: 'ERR_ASSERTION',
    actual: false,
    expected: true,
    operator: 'strictEqual',
    diff: 'simple'
  }

test at cadence-core/bin/planning-renumber.test.mjs:174:1
✖ renumber remove: dirs shift DOWN low-to-high (collision-safe order) (54.879279ms)
  TypeError: Cannot read properties of undefined (reading '0')
      at TestContext.<anonymous> (file:///code/cadence/cadence-core/bin/planning-renumber.test.mjs:177:28)
      at Test.runInAsyncScope (node:async_hooks:226:14)
      at Test.run (node:internal/test_runner/test:1402:25)
      at Test.processPendingSubtests (node:internal/test_runner/test:974:18)
      at Test.postRun (node:internal/test_runner/test:1542:19)
      at Test.run (node:internal/test_runner/test:1467:12)
      at async Test.processPendingSubtests (node:internal/test_runner/test:974:7)

test at cadence-core/bin/planning-renumber.test.mjs:188:1
✖ renumber remove of the LAST phase cuts the final detail section cleanly (57.644675ms)
  AssertionError [ERR_ASSERTION]: Expected values to be strictly equal:
  
  false !== true
  
      at TestContext.<anonymous> (file:///code/cadence/cadence-core/bin/planning-renumber.test.mjs:191:10)
      at Test.runInAsyncScope (node:async_hooks:226:14)
      at Test.run (node:internal/test_runner/test:1402:25)
      at Test.processPendingSubtests (node:internal/test_runner/test:974:18)
      at Test.postRun (node:internal/test_runner/test:1542:19)
      at Test.run (node:internal/test_runner/test:1467:12)
      at async Test.processPendingSubtests (node:internal/test_runner/test:974:7) {
    generatedMessage: true,
    code: 'ERR_ASSERTION',
    actual: false,
    expected: true,
    operator: 'strictEqual',
    diff: 'simple'
  }

test at cadence-core/bin/planning-renumber.test.mjs:230:1
✖ renumber: prose phase refs are reported, never rewritten; key absent when none (107.441156ms)
  AssertionError [ERR_ASSERTION]: Expected values to be strictly equal:
  
  false !== true
  
      at TestContext.<anonymous> (file:///code/cadence/cadence-core/bin/planning-renumber.test.mjs:239:10)
      at Test.runInAsyncScope (node:async_hooks:226:14)
      at Test.run (node:internal/test_runner/test:1402:25)
      at Test.processPendingSubtests (node:internal/test_runner/test:974:18)
      at Test.postRun (node:internal/test_runner/test:1542:19)
      at Test.run (node:internal/test_runner/test:1467:12)
      at async Test.processPendingSubtests (node:internal/test_runner/test:974:7) {
    generatedMessage: true,
    code: 'ERR_ASSERTION',
    actual: false,
    expected: true,
    operator: 'strictEqual',
    diff: 'simple'
  }

test at cadence-core/bin/planning-renumber.test.mjs:388:1
✖ PHS-01: an unreadable git state refuses the remove, a non-repo still removes (123.818575ms)
  AssertionError [ERR_ASSERTION]: --dry-run reported uncommitted work for a git that could not answer
      at TestContext.<anonymous> (file:///code/cadence/cadence-core/bin/planning-renumber.test.mjs:435:12)
      at Test.runInAsyncScope (node:async_hooks:226:14)
      at Test.run (node:internal/test_runner/test:1402:25)
      at Test.processPendingSubtests (node:internal/test_runner/test:974:18)
      at Test.postRun (node:internal/test_runner/test:1542:19)
      at Test.run (node:internal/test_runner/test:1467:12)
      at async Test.processPendingSubtests (node:internal/test_runner/test:974:7) {
    generatedMessage: false,
    code: 'ERR_ASSERTION',
    actual: 'uncommitted-work',
    expected: 'uncommitted-work',
    operator: 'notStrictEqual',
    diff: 'simple'
  }

test at cadence-core/bin/planning-renumber.test.mjs:453:1
✖ renumber remove: a partial apply reports which ops completed (#49.2) (59.249263ms)
  AssertionError [ERR_ASSERTION]: Expected values to be strictly equal:
  + actual - expected
  
  + 'uncommitted-work'
  - 'partial-apply'
  
      at TestContext.<anonymous> (file:///code/cadence/cadence-core/bin/planning-renumber.test.mjs:465:10)
      at Test.runInAsyncScope (node:async_hooks:226:14)
      at Test.run (node:internal/test_runner/test:1402:25)
      at Test.processPendingSubtests (node:internal/test_runner/test:974:18)
      at Test.postRun (node:internal/test_runner/test:1542:19)
      at Test.run (node:internal/test_runner/test:1467:12)
      at async Test.processPendingSubtests (node:internal/test_runner/test:974:7) {
    generatedMessage: true,
    code: 'ERR_ASSERTION',
    actual: 'uncommitted-work',
    expected: 'partial-apply',
    operator: 'strictEqual',
    diff: 'simple'
  }

test at cadence-core/bin/planning-renumber.test.mjs:488:1
✖ renumber remove: a failure before ANY step says so, rather than claiming a half-renumbered tree (57.070674ms)
  AssertionError [ERR_ASSERTION]: Expected values to be strictly equal:
  + actual - expected
  
  + 'uncommitted-work'
  - 'partial-apply'
  
      at TestContext.<anonymous> (file:///code/cadence/cadence-core/bin/planning-renumber.test.mjs:504:10)
      at Test.runInAsyncScope (node:async_hooks:226:14)
      at Test.run (node:internal/test_runner/test:1402:25)
      at Test.processPendingSubtests (node:internal/test_runner/test:974:18)
      at Test.postRun (node:internal/test_runner/test:1542:19)
      at Test.run (node:internal/test_runner/test:1467:12)
      at async Test.processPendingSubtests (node:internal/test_runner/test:974:7) {
    generatedMessage: true,
    code: 'ERR_ASSERTION',
    actual: 'uncommitted-work',
    expected: 'partial-apply',
    operator: 'strictEqual',
    diff: 'simple'
  }

test at cadence-core/bin/planning-trace-ignore.test.mjs:167:1
✖ trace ignore: a non-git root falls back to the literal scan and still writes (75.894912ms)
  AssertionError [ERR_ASSERTION]: Expected values to be strictly equal:
  
  'git' !== 'file'
  
      at TestContext.<anonymous> (file:///code/cadence/cadence-core/bin/planning-trace-ignore.test.mjs:171:10)
      at Test.runInAsyncScope (node:async_hooks:226:14)
      at Test.run (node:internal/test_runner/test:1402:25)
      at Test.processPendingSubtests (node:internal/test_runner/test:974:18)
      at Test.postRun (node:internal/test_runner/test:1542:19)
      at Test.run (node:internal/test_runner/test:1467:12)
      at async Test.processPendingSubtests (node:internal/test_runner/test:974:7) {
    generatedMessage: true,
    code: 'ERR_ASSERTION',
    actual: 'git',
    expected: 'file',
    operator: 'strictEqual',
    diff: 'simple'
  }

test at cadence-core/bin/planning.test.mjs:301:1
✖ renumber: a decimal cursor is warned about, never shifted (#37) (63.098858ms)
  AssertionError [ERR_ASSERTION]: Expected values to be strictly equal:
  
  false !== true
  
      at TestContext.<anonymous> (file:///code/cadence/cadence-core/bin/planning.test.mjs:304:10)
      at Test.runInAsyncScope (node:async_hooks:226:14)
      at Test.run (node:internal/test_runner/test:1402:25)
      at Test.processPendingSubtests (node:internal/test_runner/test:974:18)
      at Test.postRun (node:internal/test_runner/test:1542:19)
      at Test.run (node:internal/test_runner/test:1467:12)
      at async Test.processPendingSubtests (node:internal/test_runner/test:974:7) {
    generatedMessage: true,
    code: 'ERR_ASSERTION',
    actual: false,
    expected: true,
    operator: 'strictEqual',
    diff: 'simple'
  }

test at cadence-core/bin/read-trace.test.mjs:337:1
✖ a rescue that cannot READ states the bytes it did not carry, rather than nothing (3.254234ms)
  AssertionError [ERR_ASSERTION]: fixture: the unreadable generation has no bytes past the seal
      at TestContext.<anonymous> (file:///code/cadence/cadence-core/bin/read-trace.test.mjs:350:10)
      at Test.runInAsyncScope (node:async_hooks:226:14)
      at Test.run (node:internal/test_runner/test:1402:25)
      at Test.processPendingSubtests (node:internal/test_runner/test:974:18)
      at Test.postRun (node:internal/test_runner/test:1542:19)
      at Test.run (node:internal/test_runner/test:1467:12)
      at async Test.processPendingSubtests (node:internal/test_runner/test:974:7) {
    generatedMessage: false,
    code: 'ERR_ASSERTION',
    actual: false,
    expected: true,
    operator: '==',
    diff: 'simple'
  }

test at cadence-core/bin/worktree-base.test.mjs:50:1
✖ unset everywhere: the fresh default applies and parallel is refused (35.559518ms)
  AssertionError [ERR_ASSERTION]: Expected values to be strictly equal:
  
  'head' !== 'fresh'
  
      at TestContext.<anonymous> (file:///code/cadence/cadence-core/bin/worktree-base.test.mjs:53:10)
      at Test.runInAsyncScope (node:async_hooks:226:14)
      at Test.run (node:internal/test_runner/test:1402:25)
      at Test.start (node:internal/test_runner/test:1262:17)
      at startSubtestAfterBootstrap (node:internal/test_runner/harness:387:17) {
    generatedMessage: true,
    code: 'ERR_ASSERTION',
    actual: 'head',
    expected: 'fresh',
    operator: 'strictEqual',
    diff: 'simple'
  }

test at cadence-core/bin/worktree-base.test.mjs:59:1
✖ user layer head: parallel is safe, source names the file (34.981379ms)
  AssertionError [ERR_ASSERTION]: Expected values to be strictly equal:
  + actual - expected
  
  + '/code/cadence/.claude/settings.json'
  - '/code/cadence/.planning/phases/2/reports/finish-work/tmp/cad-wb-layer-d61yAx/user.json'
  
      at TestContext.<anonymous> (file:///code/cadence/cadence-core/bin/worktree-base.test.mjs:63:10)
      at Test.runInAsyncScope (node:async_hooks:226:14)
      at Test.run (node:internal/test_runner/test:1402:25)
      at Test.processPendingSubtests (node:internal/test_runner/test:974:18)
      at Test.postRun (node:internal/test_runner/test:1542:19)
      at Test.run (node:internal/test_runner/test:1467:12)
      at async startSubtestAfterBootstrap (node:internal/test_runner/harness:387:3) {
    generatedMessage: true,
    code: 'ERR_ASSERTION',
    actual: '/code/cadence/.claude/settings.json',
    expected: '/code/cadence/.planning/phases/2/reports/finish-work/tmp/cad-wb-layer-d61yAx/user.json',
    operator: 'strictEqual',
    diff: 'simple'
  }

test at cadence-core/bin/worktree-base.test.mjs:74:1
✖ settings.local.json beats project settings.json (27.335111ms)
  AssertionError [ERR_ASSERTION]: Expected values to be strictly equal:
  
  'head' !== 'fresh'
  
      at TestContext.<anonymous> (file:///code/cadence/cadence-core/bin/worktree-base.test.mjs:77:10)
      at Test.runInAsyncScope (node:async_hooks:226:14)
      at Test.run (node:internal/test_runner/test:1402:25)
      at Test.processPendingSubtests (node:internal/test_runner/test:974:18)
      at Test.postRun (node:internal/test_runner/test:1542:19)
      at Test.run (node:internal/test_runner/test:1467:12)
      at async Test.processPendingSubtests (node:internal/test_runner/test:974:7) {
    generatedMessage: true,
    code: 'ERR_ASSERTION',
    actual: 'head',
    expected: 'fresh',
    operator: 'strictEqual',
    diff: 'simple'
  }

test at cadence-core/bin/worktree-base.test.mjs:98:1
✖ a layer without the key falls through to the next one (28.742726ms)
  AssertionError [ERR_ASSERTION]: The input did not match the regular expression /user\.json$/. Input:
  
  '/code/cadence/.claude/settings.json'
  
      at TestContext.<anonymous> (file:///code/cadence/cadence-core/bin/worktree-base.test.mjs:102:10)
      at Test.runInAsyncScope (node:async_hooks:226:14)
      at Test.run (node:internal/test_runner/test:1402:25)
      at Test.processPendingSubtests (node:internal/test_runner/test:974:18)
      at Test.postRun (node:internal/test_runner/test:1542:19)
      at Test.run (node:internal/test_runner/test:1467:12)
      at async Test.processPendingSubtests (node:internal/test_runner/test:974:7) {
    generatedMessage: true,
    code: 'ERR_ASSERTION',
    actual: '/code/cadence/.claude/settings.json',
    expected: /user\.json$/,
    operator: 'match',
    diff: 'simple'
  }

test at cadence-core/bin/worktree-base.test.mjs:105:1
✖ an unrecognized value refuses parallel and says the setting takes two values (28.916646ms)
  AssertionError [ERR_ASSERTION]: Expected values to be strictly equal:
  
  'head' !== 'main'
  
      at TestContext.<anonymous> (file:///code/cadence/cadence-core/bin/worktree-base.test.mjs:108:10)
      at Test.runInAsyncScope (node:async_hooks:226:14)
      at Test.run (node:internal/test_runner/test:1402:25)
      at Test.processPendingSubtests (node:internal/test_runner/test:974:18)
      at Test.postRun (node:internal/test_runner/test:1542:19)
      at Test.run (node:internal/test_runner/test:1467:12)
      at async Test.processPendingSubtests (node:internal/test_runner/test:974:7) {
    generatedMessage: true,
    code: 'ERR_ASSERTION',
    actual: 'head',
    expected: 'main',
    operator: 'strictEqual',
    diff: 'simple'
  }

test at cadence-core/bin/worktree-base.test.mjs:113:1
✖ a non-string baseRef is ignored like an absent one (25.316756ms)
  AssertionError [ERR_ASSERTION]: Expected values to be strictly equal:
  
  'head' !== 'fresh'
  
      at TestContext.<anonymous> (file:///code/cadence/cadence-core/bin/worktree-base.test.mjs:116:10)
      at Test.runInAsyncScope (node:async_hooks:226:14)
      at Test.run (node:internal/test_runner/test:1402:25)
      at Test.processPendingSubtests (node:internal/test_runner/test:974:18)
      at Test.postRun (node:internal/test_runner/test:1542:19)
      at Test.run (node:internal/test_runner/test:1467:12)
      at async Test.processPendingSubtests (node:internal/test_runner/test:974:7) {
    generatedMessage: true,
    code: 'ERR_ASSERTION',
    actual: 'head',
    expected: 'fresh',
    operator: 'strictEqual',
    diff: 'simple'
  }
