✔ AC1: two voices raising one convergent finding produce TWO entries, not one (2.314772ms)
✔ AC1: a finding only one voice raised is not marked convergent (0.306951ms)
✔ AC1: one voice raising the same finding twice is not convergence (0.229381ms)
✔ AC1: a returned finding with no ruling is REFUSED, never silently absent (0.204353ms)
✔ AC1: a ruling naming no returned finding is REFUSED (0.371475ms)
✔ the voice ROSTER survives a fire where every voice returned nothing (0.247016ms)
✔ the roster carries no per-voice COUNT - every figure is derived (0.462069ms)
✔ AC2: a ruling that paraphrases the claim is REFUSED (0.143356ms)
✔ AC2: a one-byte difference in the claim is REFUSED (0.201498ms)
✔ AC2: a paraphrased failure_scenario is REFUSED (0.242837ms)
✔ AC2: the stored entry is copied from the RETURNED side and carries no restatement (0.154347ms)
✔ AC3: a ruling outside survived | downgraded | refuted is REFUSED (0.102046ms)
✔ AC3: a refuted entry with no counter-evidence is REFUSED (0.081376ms)
✔ AC3: refuted counter-evidence must name contradicting CODE (0.084923ms)
✔ AC3: a refuted entry naming contradicting code is accepted and stores it (0.099451ms)
✔ AC3: a survived BLOCKER or HIGH with no fix commit is REFUSED (0.134659ms)
✔ an OVERRIDDEN survived blocker with no fix commit is accepted, and stores no commit id (0.100674ms)
✔ the override marker is the boolean true and nothing else (0.69135ms)
✔ the override marker buys no exemption from the fix_commit VALUE check (0.122085ms)
✔ an overridden survived blocker citing a VALID fix commit carries both keys (0.110613ms)
✔ the marker is not restricted to survived, nor to a severity (0.066137ms)
✔ an ordinary entry gains no overridden key (0.075535ms)
✔ the marker added no fourth RULING - a survived high with neither is still REFUSED (0.063241ms)
✔ a survived MEDIUM or LOW with no fix commit is ACCEPTED, and stores no such key (0.106375ms)
✔ a survived MEDIUM that does cite a fix commit is accepted and stores it (0.089112ms)
✔ a survived MEDIUM citing an unusable fix commit is still REFUSED (0.121764ms)
✔ AC3: a blank or non-hexadecimal fix commit is REFUSED like an absent one (0.462369ms)
✔ AC3: an abbreviated or full fix commit is accepted (0.122065ms)
✔ RSK-08: an unusable fix commit on a DOWNGRADED or REFUTED ruling is REFUSED (0.203041ms)
✔ RSK-08: a WELL-FORMED fix commit on a downgraded or refuted ruling is still accepted (0.147664ms)
✔ RSK-08: the SURVIVED arm is refused by that one same check, naming its ruling (0.087338ms)
✔ RSK-08: the entries face and the payload face answer identically over one fixture (0.671943ms)
✔ RSK-08: a record with no override names no unfixed halting survivor (0.387936ms)
✔ RSK-08: the entries face reads a RECORD off disk, not only a freshly built payload (0.161351ms)
✔ the counts are DERIVED by counting rulings over a mixed-ruling fixture (0.099241ms)
✔ deriveCounts recomputes from the STORED entries, so a reader can recount a record it did not write (0.116434ms)
✔ deriveCounts counts a hand-invented fourth ruling in raised and in no bucket (0.059274ms)
✔ the severity vocabulary matches FINDING_SCHEMA's own enum (0.05715ms)
✔ the halting severities match lib/filing-decision.mjs's own list (0.080986ms)
✔ the fix-commit grammar matches lib/filing-decision.mjs's own copy (0.224692ms)
✔ a severity outside the four is REFUSED (0.084703ms)
✔ the ruling enum is exactly three values - no unadjudicated fourth (0.049515ms)
✔ a payload that is not an object is REFUSED (0.180888ms)
✔ an empty or absent voices array is REFUSED (0.290459ms)
✔ a voice with no name or no model is REFUSED (0.288866ms)
✔ one voice appearing twice is REFUSED (0.082849ms)
✔ an unknown key at any level is REFUSED rather than ignored (0.127185ms)
✔ a returned object carrying anything but findings is REFUSED (0.071869ms)
✔ a malformed finding is REFUSED - the bounds FINDING_SCHEMA states (0.152885ms)
✔ a refusal names the entry it is about (0.090454ms)
✔ AC4: counting a written record's rulings reproduces the figures on its trace event (138.927382ms)
✔ AC4: flipping ONE entry's ruling makes the record and its event disagree (130.605343ms)
✔ AC4: the recount reads the STORED entries, so an edited record answers differently (119.389088ms)
adoption census: 331 declared refusals exercised against the shipped CLI across 202 table entries; 31 axes skipped as fallback or warn (proving either means the command RUNS, and two of the owning scripts mutate); 21 boolean entries skipped on both axes (presence is their whole grammar).
✔ every declared REFUSAL is one the shipped CLI actually carries out (24386.13246ms)
✔ the census reports what it exercised and what it skipped, and why (0.603921ms)
✔ evaluateFlag: the stated table (1.451933ms)
✔ subcommandKey: the words a script was invoked with, resolved to its table key (0.189114ms)
✔ evaluateRow: the first refusal, over the flags actually present (0.30169ms)
✔ evaluatePresence: the stated table (0.633118ms)
✔ the settle-receipt presence rule is declared, and every flag it names is on the same row (0.184165ms)
✔ every disposition and every type in the table is one of the stated words (0.131553ms)
✔ ONE FLAT shape on both paths: ok, value and detail, never a discriminated union (0.126894ms)
✔ the evaluator emits nothing: not one byte on stdout or stderr (22.321969ms)
✔ it never throws at its caller, whatever argv holds (0.464233ms)
✔ the module file itself is pure: no emit, no process, no filesystem (0.792795ms)
✔ every flag in every row declares a complete grammar (1.374995ms)
✔ the declarations the CONTEXT decisions bind are the ones in the table (0.224422ms)
✔ every declared spec is one the evaluator can actually apply (3.48814ms)
✔ tokenize: lowercases, splits on non-alphanumerics, drops stopwords (1.026134ms)
✔ search: a doc containing the query term outranks one that does not (0.366164ms)
✔ search: a stopword-only query returns no results (2.605412ms)
✔ search: hand-computed score on a two-doc corpus matches the BM25 formula (0.223941ms)
✔ search: two calls on the same index return deep-equal arrays (determinism) (0.167803ms)
✔ search: empty query or empty corpus yields no results, never throws (0.090123ms)
✔ name: derives cadence/<version> from the PROJECT.md ### Active section (1.132579ms)
✔ name: falls back to the ROADMAP title when Active names no version (0.142484ms)
✔ name: null when neither prose surface carries a version (never invent one) (0.155229ms)
✔ name: a plain semver without a prerelease suffix still parses (0.180076ms)
✔ trunk mode: always stay, no integration branch, branch null (0.216296ms)
✔ milestone + protected + auto: create and switch to the integration branch (0.135732ms)
✔ milestone + protected + off: stay on the base (0.085635ms)
✔ milestone + protected + ask: prompt once, naming the integration branch (0.076848ms)
✔ milestone + already off the base: stay (lazy, once per cycle) (0.246434ms)
✔ decideBranch is total: an unknown mode or auto_branch stays put, never throws (0.330476ms)
✔ milestone + protected + null name: auto/ask downgrade to a naming-problem ask, never create an unnamed branch (0.159427ms)
✔ published: a milestone EQUAL to a published tag asks, naming both numbers, with branch null (0.385521ms)
✔ published: an UNTAGGED maintenance milestone below a higher tag still creates (0.299016ms)
✔ published: a milestone ABOVE everything published is untouched - the ordinary new cycle (0.798927ms)
✔ published: a prerelease is refused only when the prerelease ITSELF is tagged (0.164908ms)
✔ published: absent or unparseable comparands leave every arm exactly as it was (0.102477ms)
✔ published: a SCALAR tag spelling is read as a one-tag list, never as "no comparand" (0.058252ms)
✔ published: off and trunk are untouched by the guard, even on a collision (0.071578ms)
✔ published: the naming-problem ask still wins over the published guard (0.051509ms)
✔ activeVersion: the line-anchored declaration wins over a predecessor named first (0.124399ms)
✔ activeVersion: markdown furniture does not break the anchor (0.060396ms)
✔ activeVersion: with no declaration line, the first token in the prose still answers (0.046149ms)
✔ activeVersion: the Active body ends at the next heading (0.044045ms)
✔ activeVersion: an anchored token riding a wrapped line does not out-declare the milestone (0.082138ms)
✔ activeVersion: a predecessor named in prose above the declaration still loses (0.053453ms)
✔ activeVersion: a body whose ONLY token sits on a continuation line still answers (0.040378ms)
✔ the register and the shape list are frozen, rows and all (1.859096ms)
✔ the register pins its row count (0.124339ms)
✔ every row is well formed, and every row owing no redirect carries a reason (0.37942ms)
✔ no two rows share a surface, shape and call (0.107577ms)
✔ a converted row reports the site that goes back to riding the transcript (0.930339ms)
✔ a prescribed call no row classifies is reported, never passed over (0.123849ms)
✔ a call is matched on the call, not on the shape alone (0.257175ms)
✔ a reasoned no-transport row is silent, redirect or not (0.112306ms)
✔ a `file` row settles a site whose destination is named off the call line (0.397315ms)
✔ an occurrence the scan cannot delimit is reported as its own kind (0.299877ms)
✔ a register row for that surface and shape settles an undelimitable one (0.179205ms)
✔ prose that merely NAMES a call needs no row and is never reported (0.498279ms)
✔ a `git diff` its own flags already bound is never reported (0.362147ms)
✔ a `git diff` that is neither a range nor --cached is out of the watched set (0.810369ms)
✔ a row classifies its own surface only (0.102347ms)
✔ an angle-bracket placeholder is not read as a redirect (0.087388ms)
✔ two occurrences of one registered call are one row, not a second site (0.112366ms)
✔ appendCapture: a todo lands under ## Todos and under no other heading (1.889795ms)
✔ appendCapture: an unphased todo carries a checkbox and no tag (0.321008ms)
✔ appendCapture: a seed lands under ## Seeds as a bare bullet (0.428173ms)
✔ appendCapture: a note lands under ## Notes, dated by the seam (0.538516ms)
✔ appendCapture: the phase tag keeps the caller's own spelling (1.078444ms)
✔ appendCapture: a kind outside the map is refused, never written somewhere (0.149077ms)
✔ appendCapture: an ABSENT file is created with the three headings (0.477198ms)
✔ appendCapture: a missing PARENT directory is created (the --cadence queue) (0.705858ms)
✔ appendCapture: the target section being LAST pins the end at EOF (0.378528ms)
✔ appendCapture: a target section FOLLOWED by others keeps the boundary (0.287583ms)
✔ appendCapture: an EMPTY section still gets its blank line after the heading (0.240703ms)
✔ appendCapture: a heading ABSENT from the file is created WITH the bullet (0.260491ms)
✔ appendCapture: a FENCED ## line in an earlier section is not the boundary (0.76916ms)
✔ appendCapture: an existing `- None.` placeholder is left alone (0.205305ms)
✔ capture: --kind outside the three words is bad-args and writes nothing (55.139817ms)
✔ capture: a VALUELESS --text is bad-args, never the literal word "true" (61.175207ms)
✔ capture: --phase with a seed or a note is bad-args, not a dropped flag (119.522885ms)
✔ capture: a VALUELESS --file is bad-args, never silently the --dir default (55.580926ms)
✔ capture: a --phase that is not a phase number is bad-args (54.410574ms)
✔ capture: --file writes THAT path and leaves the --dir queue untouched (54.072925ms)
✔ capture: twenty concurrent writers all land, not one bullet lost (AC5) (186.498108ms)
✔ capture: a HELD lock refuses non-silently and leaves the file byte-identical (AC5) (2055.119627ms)
✔ capture: a STALE lock is broken rather than wedging the queue forever (AC5) (54.012695ms)
✔ capture: the lock is released on the SUCCESS path too (97.516024ms)
✔ capture: a newline inside --text cannot break the bullet into two lines (47.516519ms)
✔ appendCapture: an UNREADABLE queue is a failure, never an empty one (0.290308ms)
✔ capture: --text-file carries a sentence no shell could expand (52.899273ms)
✔ capture: --text and --text-file together is bad-args, not a silent winner (44.707566ms)
✔ capture: a --text-file that cannot be read is bad-args and writes nothing (47.460872ms)
✔ capture: a VALUELESS --text-file is bad-args, never the literal "true" (47.760446ms)
✔ a freshly created queue counts ZERO substantive bullets (1.988506ms)
✔ the placeholder does not hide a real bullet beside it (0.204744ms)
✔ every substantive bullet is NAMED, not just counted (0.139659ms)
✔ a checked bullet counts, and a continuation line and a `* ` line do not (0.1144ms)
✔ an annotated bullet is named with its section, line and text (0.216086ms)
✔ an unannotated queue reports no annotation sites at all (0.112787ms)
✔ a `## Archive` heading is reported with its bullet count (0.129549ms)
✔ a body without the heading reports it absent, not empty (0.104612ms)
✔ a fenced heading does not mint a section, and a CRLF body counts the same (0.302532ms)
✔ the register is frozen, rows and all (1.922318ms)
✔ the register pins its row count (0.138076ms)
✔ every row is well formed and carries its reason (0.138226ms)
✔ REPLAY: the retired summary-step block is reported against an empty register (0.435397ms)
✔ REPLAY: the same block is reported when a row classifies it as outliving the phase (0.156391ms)
✔ a registered wholesale rewrite is silent (0.128407ms)
✔ a read-only subcommand sharing the prefix is not the write face (0.107156ms)
✔ a backticked mention that instructs nothing is not a call (0.099732ms)
✔ a shell redirect at the capture path is reported, append or truncate (0.239881ms)
✔ a redirect to any other path, and a mention of the bare filename, are silent (0.263958ms)
✔ one line redirecting the capture path is reported once, not per occurrence (0.16114ms)
✔ a row settles its own surface only (0.09852ms)
✔ two rows for one surface and face both have to be non-durable (0.073802ms)
✔ every row names four things, and the ids are distinct (0.656603ms)
✔ every holding file and every subject is a path the lease grammar accepts (1.66357ms)
✔ the table and every row, subjects included, are frozen (0.541091ms)
✔ a marked site whose id no row names is an issue, naming the file and the assertion (0.494732ms)
✔ the same site with a registered id is not an issue (0.502997ms)
✔ the walk reaches the whole bin tree - more than 60 modules, lib/ and test files included (0.088701ms)
✔ every marked census site in the live tree has a registry row (5.989932ms)
citation census: grammar one (inline planning.mjs:<line> citations on a guarded surface) checked 1; grammar two (DOCS-CLAIMS.md rows naming this seam) checked 4.
✔ grammar one: every citation on a guarded surface has exactly one pinned row (11.94613ms)
✔ grammar one: each pinned citation resolves to the code it names (0.271503ms)
✔ grammar two: every this-seam DOCS-CLAIMS row has exactly one pinned row (1.062735ms)
✔ grammar two: each pinned row resolves to the code it names (0.348591ms)
✔ the census reports how many citations each grammar checked (4.391388ms)
✔ a bare D-NN is scoped to the plan's OWN phase (D-10) (2.100571ms)
✔ each of the four measured qualified spellings scopes to the phase it names (0.175398ms)
✔ the curly-apostrophe possessive is the same spelling (0.244089ms)
✔ a phase named several words earlier does NOT capture the mention (0.097758ms)
✔ a D-NN inside a fenced block is still a mention (D-09) (0.151531ms)
✔ the number shape is the one parseContextDecisions accepts (0.073521ms)
✔ a D-NN glued to a preceding word is not a mention (0.056949ms)
✔ mentions are NOT deduplicated and stay in document order (0.055126ms)
✔ the look-back window is per mention, not per file (0.266663ms)
✔ a plan's own phase spelling is carried verbatim (0.137715ms)
✔ unusable input is an empty answer, never a throw (0.126464ms)
✔ own-phase rows are dropped and archived same-numbered rows are kept (D-04) (4.884265ms)
✔ own-phase exclusion is the caller's SPELLING, not the number (0.131924ms)
✔ a prefix and not a segment search: phases/2x/ is not phase 2 (0.093941ms)
✔ the set is the bounded `results`, never `total` (D-11) (0.163744ms)
✔ a CONTEXT row's id is read out of its own snippet head (D-02) (0.130952ms)
✔ a live and an archived D-09 stay separable ids (0.133537ms)
✔ the decimal D-NN shape parseContextDecisions accepts is accepted here (0.112837ms)
✔ CAPTURE, SUMMARY and UAT rows carry their kind and NO id (D-02) (0.138606ms)
✔ a decision whose snippet head is not a D-NN keeps its kind and gains no id (0.106715ms)
✔ a source naming none of the four artifacts is REPORTED, not counted into an arm (0.196729ms)
✔ a malformed row contributes nothing and is reported, never a throw (0.137194ms)
✔ an envelope with no usable `results` is an empty answer, never a throw (0.188101ms)
✔ an unusable phase spelling excludes nothing rather than excluding blindly (0.11451ms)
✔ the arms are exactly the four the corpus walk can produce (0.064755ms)
✔ reap: the derived name when it is present in the merged list (0.91522ms)
✔ reap: null derived + exactly one merged cadence/* -> that branch (fallback) (0.10913ms)
✔ reap: derived names an unmerged branch but one other cadence/* merged -> the merged one (0.19779ms)
✔ reap: zero merged cadence/* -> null (reap nothing) (0.080755ms)
✔ reap: two merged cadence/* -> null (ambiguous, never guess) (0.076468ms)
✔ reap: total on a non-array merged list (0.066348ms)
✔ cleanup on + merged: cleanup, reap true, return + pull (0.123547ms)
✔ cleanup on + not merged: cleanup, reap false (never reap an unmerged branch) (0.113889ms)
✔ cleanup on + merged but null branch -> reap false (never git branch -D a null) (0.184074ms)
✔ cleanup off: skip, every flag false (0.15098ms)
✔ cleanup is total: missing onLandCleanup -> skip, branch coerced to null (0.084242ms)
✔ gate: auto_close on + a blocker -> halt with that finding (0.537534ms)
✔ gate: auto_close on + a high -> halt (0.071397ms)
✔ gate: the halting list is DECIDED before it gets here - this reads no severity (0.89378ms)
✔ gate: auto_close off + a blocker -> proceed (chain not running unattended) (0.106054ms)
✔ gate: total on non-array findings -> proceed, no throw (0.064204ms)
✔ gate: auto_close on + unreadable "stdin-unreadable" -> halt naming it, no claim about survivors (0.138977ms)
✔ gate: auto_close off + unreadable "stdin-unreadable" -> proceed (no unattended chain) (0.131152ms)
✔ gate: auto_close on + unreadable "stdin-empty" -> halt naming it, no claim about survivors (0.05197ms)
✔ gate: auto_close off + unreadable "stdin-empty" -> proceed (no unattended chain) (0.035177ms)
✔ gate: auto_close on + unreadable "malformed-json" -> halt naming it, no claim about survivors (0.035048ms)
✔ gate: auto_close off + unreadable "malformed-json" -> proceed (no unattended chain) (0.035248ms)
✔ gate: auto_close on + unreadable "not-a-findings-payload" -> halt naming it, no claim about survivors (0.034867ms)
✔ gate: auto_close off + unreadable "not-a-findings-payload" -> proceed (no unattended chain) (0.030038ms)
✔ gate: an EXPLICIT empty findings array with no failure still proceeds (0.058773ms)
✔ gate: a surviving blocker still halts with the finding on the envelope (0.060717ms)
✔ gate: the halt names its PRODUCER, so a fed-by-nothing gate is visible (0.059464ms)
✔ gate: stays total - an unknown `unreadable` value cannot halt a close (0.05699ms)
✔ gate: auto_close on + a non-empty `unruled` -> halt naming unruled-review (0.121824ms)
✔ gate: the fifth state is its OWN arm, never folded into `unreadable` (D-13) (0.100523ms)
✔ gate: auto_close off + a non-empty `unruled` -> proceed (no unattended chain) (0.063833ms)
✔ gate: an unruled halt is bounded and never renders a caller's object (0.079403ms)
✔ gate: `overridden` rides every arm unchanged and never moves `action` (0.113238ms)
✔ gate: stays total on a non-array `unruled` or `overridden` (0.085354ms)
✔ route: the rung it routes on is what config.mjs get reports (global layer) (145.303316ms)
✔ git-branch: the integration_branch mode it DECIDES on is what get reports (147.843663ms)
✔ land-cleanup: the base branch it resolves is what get reports (167.75309ms)
✔ land-cleanup: with git.base_branch unset, get says null and the seam says main (221.042909ms)
✔ git-guard: the on_protected value it acts on is what get reports (132.916739ms)
✔ git-guard: a hostile repo layer cannot choose the value it acts on (CFG-01) (529.625403ms)
✔ git-guard: the two inert hostile spellings, as regression pins only (254.142038ms)
✔ git-publish + land-cleanup: one git.auto_close, two questions, two layer reads (284.18671ms)
✔ git-publish: the protected list it refuses on IS the merged one get reports (154.683018ms)
✔ route: a retired risk.override is named by both faces, and routes nothing (102.961549ms)
✔ planning recall: the memory.backend it gates on is what get reports (159.460816ms)
✔ review-provider: a GLOBAL-layer prompt cap is the one it refuses on (65.120611ms)
✔ merge precedence: the repo layer wins the same key, on both read faces (56.862907ms)
✔ review-provider: the prompt cap it refuses on is what get reports (cwd-relative) (67.014844ms)
✔ global-only keys: all THREE resolve to the user-global layer, never the repo one (291.25778ms)
✔ global-only keys: the template shape at null overrides nothing and says nothing (128.099ms)
✔ git-publish: a repo layer setting a global-only key cannot stop a land (AC4) (140.030908ms)
✔ set --global auto-creates the global file (and parent dir) from empty (40.60063ms)
✔ set --global merges into an existing global file, not clobber (30.545708ms)
✔ set --global still validates: a bad value is rejected, nothing written (43.266557ms)
✔ set on a missing repo file refuses (only --global auto-creates) (33.77014ms)
✔ set --global refuses a repo-layer-only key and writes nothing (35.101271ms)
✔ the refusal follows the resolved target FILE, not the --global flag (66.676218ms)
✔ the same repo-layer-only pair aimed at a REPO config is written (34.698015ms)
✔ a multi-pair global set carrying one marked key leaves the file byte-identical (30.240321ms)
✔ a marked key that is ALSO type-invalid reports the type, not the layer (D-11) (28.962402ms)
✔ no "src": "repo" key is refused at the user-global layer (35.438359ms)
✔ validate --global reads the global file and reports the payload (92.467951ms)
✔ validate: unknown key and bad value both land in errors, one entry each (43.063938ms)
✔ validate: underscore-prefixed keys are annotations, never validated (40.476651ms)
✔ validate: corrupt JSON degrades to read, names the file (36.68117ms)
✔ set: an array top-level config is rejected, nothing written (write face) (31.984716ms)
✔ set: a scalar top-level config is rejected as invalid, never reason:internal (59.978245ms)
✔ set: a non-object parent container is refused, not overwritten (89.965087ms)
✔ set: an absent or null parent is still auto-created (36.557813ms)
✔ set: one bad path refuses the whole multi-pair write (all-or-nothing) (33.740975ms)
✔ validate: a scalar top-level config fails, never ok:true checked:0 (#45.3) (57.618986ms)
✔ check: speaks the same {ok,reason,detail} failure contract set does (63.560373ms)
✔ check: a retired KEY names its replacement, not the generic unknown key (27.658092ms)
✔ check: a bad VALUE on a LIVE key still reads as a value error (26.933548ms)
✔ check: the retired stakes key names the roles block and the interview (29.506046ms)
✔ set: a removed key is refused before anything is written (30.827138ms)
✔ get: a repo config still holding a retired key warns instead of resolving silently (33.239779ms)
✔ get: a repo config still carrying stakes warns with the migration pointer (32.022226ms)
✔ keys: dumps the live schema - pruned keys are really gone (29.458796ms)
✔ get: repo > global > schema defaults, with source named (33.020146ms)
✔ get: no layers at all falls back to schema defaults for every key (29.233131ms)
✔ git.integration_branch / git.auto_branch: defaults and enum enforcement (89.553221ms)
✔ get: unknown key is rejected, exit code mirrors ok (31.415871ms)
✔ get: arrays replace wholesale across layers, never concatenate (28.335675ms)
✔ get: a corrupt repo layer is skipped (values/source match no-repo-layer) AND warns naming the file (#39) (72.347595ms)
✔ get: a corrupt global layer is skipped (repo still wins) AND warns naming the file (#39) (36.867156ms)
✔ get: a scalar repo config falls back to defaults, never source:repo (#45.3) (59.398116ms)
✔ get: a falsy non-object repo layer warns like a truthy one (257.696645ms)
✔ get: a falsy non-object global layer warns too (28.471467ms)
✔ get: an absent layer stays silent and an unparseable layer warns exactly once (92.529836ms)
✔ check: an int key with a max rejects above it and accepts at it (199.372096ms)
✔ readLayer(""): an unresolvable layer path is a SILENT absence (0.210795ms)
✔ get: one file resolving as both layers warns once, not twice (85.502656ms)
✔ get: a SYMLINKED global layer is the same file, so one layer is reported (61.003071ms)
✔ get: a RELATIVE spelling of the repo file is the same file too (32.74198ms)
✔ get: a BROKEN file reached under two spellings warns exactly once (60.554498ms)
✔ ARG-06: every subcommand that ACCEPTS --global declares it, and reads it off the row (35.696844ms)
✔ check --global reports the scope refusal the write face gives (147.18841ms)
✔ get --global: the one file it reads by construction is the GLOBAL layer (53.893275ms)
✔ a valueless --file is a named usage failure on every subcommand (91.277884ms)
✔ a QUOTED empty --file is refused too, not answered about the global layer (84.646619ms)
✔ ARG-06: a FLAG-SHAPED --file value is refused too, not read as a path (143.924632ms)
✔ a path under a missing directory is a read failure naming it, never internal (60.154095ms)
✔ CADENCE_CONFIG_SCHEMA malformed degrades to ok:false, reason bad-schema, no stack (28.519497ms)
✔ CADENCE_CONFIG_SCHEMA nonexistent degrades to ok:false, reason bad-schema, no stack (30.407929ms)
✔ CADENCE_CONFIG_SCHEMA without the sentinel is ignored; `keys` is the shipped set (63.689224ms)
✔ SCP-01: a fixture schema marking a DIFFERENT key refuses that key (86.030418ms)
✔ SCP-01: the SHIPPED keys carrying the marker are the ones that authorize, and `src` never implies it (0.421831ms)
✔ check: a rung the role HAS is accepted (31.111973ms)
✔ check: a rung the role LACKS is refused by key, naming that role's set (28.680977ms)
✔ check: null renders as the literal, not as a dangling separator (62.53776ms)
✔ set: the WRITE face refuses the same value and writes nothing (26.290219ms)
✔ set: an accepted rung is written into the config layer, not the plugin (31.285698ms)
✔ validate: a whole config carrying a bad start rung names the key (28.120349ms)
✔ every model.effort enum is exactly that role's rung set from RUNG_FILES (0.388608ms)
✔ set git.forge_host with a port writes, and get reads it back byte for byte (62.647801ms)
✔ set: a git.forge_host the grammar refuses leaves the file untouched (147.375754ms)
✔ set: a git.forge_repo the slug grammar refuses is refused with its OWN sentence (175.128325ms)
✔ null still writes on both forge keys - the grammar is skipped, not failed (59.845091ms)
✔ a grammar marker the registry does not hold is an ERROR, never a silent pass (65.826797ms)
✔ validate: this repository own config layer passes the new grammars (30.579829ms)
✔ workflow.lint_command: get returns the schema default null (25.560453ms)
✔ workflow.lint_command: set writes a shell string and get reads it back (61.692171ms)
✔ workflow.lint_command: `=null` clears it; a bare `=` writes the empty string (56.541374ms)
✔ workflow.lint_command: validate accepts null and a string, refuses a number (90.963693ms)
✔ workflow.lint_command: the shipped template carries the key at null (0.216186ms)
✔ merge: a top-level __proto__ repo layer reparents nothing (no global layer) (45.385907ms)
✔ merge: a nested git.__proto__ repo layer reparents nothing (global layer defines git) (51.280094ms)
✔ merge: constructor and prototype repo layers stay inert (regression pins only) (90.319644ms)
✔ validate: a hostile __proto__ key is REPORTED, not skipped as an annotation (84.674466ms)
✔ get: the hostile file resolves git.on_protected to the value the guard acts on (61.929698ms)
✔ get: a repo layer setting workflow.test_command loses to the user-global one (31.353135ms)
✔ get: the same key in the repo layer ALONE resolves to the schema default (34.38111ms)
✔ get: all three keys at null - the shipped template shape - are silently dropped (34.801468ms)
✔ get: all three keys are stripped, not just the first one in the set (111.543247ms)
✔ get --global: the user-global layer sets these keys, and is never stripped (29.941611ms)
✔ get: an unrelated repo key still merges - the strip is exactly three keys (33.35649ms)
✔ get: every unset gate answers its schema default, with no warning at all (122.726948ms)
✔ get: a gate a layer PINNED reads back byte-identical, and still unwarned (134.416526ms)
✔ get: the round trip through `set` - blocking answers blocking, unwarned (99.461754ms)
✔ get: the KEYLESS full read answers the same defaults, and warns about none (30.995807ms)
✔ get: every unset tier and effort answers its schema default, unwarned (263.346079ms)
✔ get: a tier or effort a layer PINNED reads back byte-identical, unwarned (131.226761ms)
✔ get: the KEYLESS full read carries no panel warning either (32.438051ms)
✔ check: null is still refused at the write face for a tier and an effort (61.502053ms)
✔ check: null is still refused at the write face - a gate is a closed enum (31.981303ms)
✔ get: stakes is an unknown key at exit 1, not a value read out of the layer (33.334195ms)
✔ get: the KEYLESS full read answers no stakes value, and warns about the key once (29.289695ms)
✔ set: stakes is refused before anything is written, naming the migration (29.29186ms)
✔ unset is the seam that finishes the migration the refusals point at (91.123196ms)
✔ get: every Object.prototype member is refused as an unknown key at exit 1 (410.163371ms)
✔ get: a mix of a real key and a prototype member refuses, never answers for one (29.2145ms)
✔ get: the repair costs a live key nothing - one named and the keyless read both answer (88.773564ms)
✔ check: every Object.prototype member is an unknown key, never a retirement (372.462567ms)
✔ check: a genuinely retired key still reports its own milestone and remediation (31.294119ms)
✔ set: a prototype member is refused and nothing is written (101.080594ms)
✔ unset removes the named key from the file and leaves its siblings alone (39.852198ms)
✔ unset on a key the file does not hold writes NO bytes at all (AC3) (32.743747ms)
✔ unset --global edits the user-global file and nothing else (30.658907ms)
✔ unset --file at a path that does not exist creates nothing (35.692608ms)
✔ unset refuses a file it cannot parse, and one whose top level is not an object (74.775016ms)
✔ unset removes a key the schema does not carry - the whole reason it exists (91.516074ms)
✔ unset reports only the keys that were actually there (50.244266ms)
✔ unset walks OWN properties only, and still reaches a literal __proto__ key (443.596294ms)
✔ debtMarkersIn: a well-formed marker parses text, ceiling and trigger (1.992192ms)
✔ debtMarkersIn: the token WITHOUT a colon is not a marker (0.110873ms)
✔ debtMarkersIn: a marker missing trigger keeps the entry and NAMES the gap (0.131874ms)
✔ debtMarkersIn: a marker missing both named fields names both (0.10389ms)
✔ debtMarkersIn: two markers in one file keep their own line numbers (0.167472ms)
✔ debtMarkersIn: nothing to find is an empty array, never a throw (0.074663ms)
✔ renderDebtSection: no markers renders the placeholder, not an empty body (0.104451ms)
✔ renderDebtSection: bullets are ordered by path then line (0.189544ms)
✔ renderDebtSection: an unstated field is VISIBLE in the queue (0.106585ms)
✔ renderDebtSection: the same markers render byte-identically (0.136122ms)
✔ debtMarkersIn: TWO markers on one line are two entries, neither wearing the other's fields (0.16637ms)
✔ debtMarkersIn: a second marker on the line does not lend the first its fields (0.098109ms)
✔ the queue member and the record that supersedes it differ only in their stem (0.707441ms)
✔ a well-formed payload comes back ok with the findings VERBATIM (0.361144ms)
✔ an EMPTY findings array is a queue member, not a refusal (0.254279ms)
✔ a payload that is not a JSON object is refused, never coerced (0.121213ms)
✔ a key beside `findings` is refused - the payload IS the returned object (0.170117ms)
✔ a non-array `findings` is refused rather than read as one finding (0.108198ms)
✔ a finding is bounded by the SAME rule the adjudication record bounds it by (0.433754ms)
✔ the two seams give the SAME sentence for the same malformed finding (0.387305ms)
✔ isQueueName selects a member filename and nothing that merely sits beside one (0.126944ms)
✔ queueIdentity answers the fire a member belongs to, and COUNTS its findings (0.30647ms)
✔ a member whose fields spell ANOTHER filename is refused, never adopted (0.144067ms)
✔ every field the identity is built from is refused when it cannot bear one (0.570257ms)
✔ the finding BODIES are not re-validated on the way out (1.06562ms)
✔ the module emits nothing: not one byte on stdout or stderr (0.138717ms)
✔ the deferred re-arm cap is spent by a round-2 member, whatever corr the caller holds (0.245422ms)
✔ a SUPERSEDED round still spends the round it was fired on (0.074584ms)
✔ register: the surviving cut rows are byte-identical, and the register is exactly the rows the cuts made (0.88408ms)
✔ AC3: a contract skill anchor is clean while its Read sentence stands (3.93038ms)
✔ AC3: deleting that one sentence reports exactly one deferred-read-unread (0.627066ms)
✔ AC3: the sentence in the WRONG step of the contract does not answer for step 3 (0.475285ms)
✔ file: an absent PARENT directory is a partial fixture and reports nothing (0.27528ms)
✔ file: a present parent with the file absent is one deferred-read-missing-file (0.340074ms)
✔ grammar: every shipped row's Read line still carries that row's anchor (2.793995ms)
✔ AC1: a <step name="..."> anchor is clean while its Read sentence stands (0.631144ms)
✔ AC1: deleting that sentence reports exactly one deferred-read-unread (0.581569ms)
✔ AC4: a Read in item 1 of a named step does not satisfy item 3 of the same step (1.141716ms)
✔ AC4: the named step is not a PREFIX match for its own numbered items (0.542674ms)
✔ D-04: a <step name="..."> with NO <process> wrapper is still a region (1.111939ms)
✔ AC2: a heading-scoped walk step is clean while its Read sentence stands (0.704415ms)
✔ AC2: deleting it reports exactly one deferred-read-unread naming the walk step (0.558935ms)
✔ AC2: the same sentence in walk step 1 does not answer for walk step 2 (0.885042ms)
✔ AC2: the same sentence under another `##` heading does not answer either (0.778758ms)
✔ grammar: a heading path truncates, and a new heading ends the old numbering (0.075806ms)
✔ grammar: a heading INSIDE an open block does not compete with the frame (0.047521ms)
✔ D-07: a Read inside <worktree_mode> is anchorable at `worktree_mode` (0.305929ms)
✔ D-07: deleting it reports one deferred-read-unread naming worktree_mode (0.597269ms)
✔ D-07: label EXACTNESS, not null-ness, is what blocks a relocation (0.573814ms)
✔ grammar: a nested close does not switch the enclosing frame off (0.268447ms)
✔ grammar: a numbered item with an EMPTY frame stack stays regionless (0.069133ms)
✔ AC4: cad-context / templates/CONTEXT.md is unread without its one sentence (0.952181ms)
✔ AC4: cad-context / references/recall.md is unread without its one sentence (0.841208ms)
✔ AC4: cad-debug / references/recall.md is unread without its one sentence (0.923477ms)
✔ AC4: cad-execute / references/execute-parallel.md is unread without its one sentence (3.075586ms)
✔ AC4: cad-executor-contract / references/worktree-executor.md is unread without its one sentence (0.543455ms)
✔ AC4: cad-plan / references/plan-revision.md is unread without its one sentence (0.804377ms)
✔ AC4: cad-config / references/config-catalog.md is unread without its one sentence (1.33093ms)
✔ file: still-eager watches the SKILL.md even when the anchor is a workflow (0.651313ms)
✔ the exact sentence #88 filed is one issue, and the detail carries its line (2.275578ms)
✔ the batch-shaped rewrite that replaced it yields nothing (0.631144ms)
✔ a host hedge with no loop head still trips it (0.353851ms)
✔ a concurrency word only inside code spans or a fence is not prose (0.141111ms)
✔ prose that serializes on purpose is legal - no concurrency claim (0.079763ms)
✔ a compliant list item does not excuse the next one (block boundary) (0.131082ms)
✔ `in one batch` satisfies the phrasing as well as `in ONE message` (0.069143ms)
✔ a non-string input returns [] rather than throwing (0.088791ms)
✔ the eager arm: a bare concurrent set-dispatch with no loop head and no hedge (0.11428ms)
✔ the serialization arm: "one dispatch per message" is named, at its own line (1.108673ms)
✔ the batch-affirming vocabulary: the shipped rewrite of that item yields nothing (0.277584ms)
✔ a batch affirmation does not excuse a serialization in the same sentence (0.221456ms)
✔ a batch affirmation does not excuse a host hedge (0.144578ms)
✔ a batch affirmation opening a sentence does not excuse its serialization (0.093911ms)
✔ an `e.g.` inside a compliant sentence is not a sentence end (0.083911ms)
✔ a ``` shown inside a ```` container cannot close it early (0.11965ms)
✔ a `~~~ not a closing fence` line is content, not a boundary (0.135942ms)
✔ an indented ~~~ sample opens no fence, so the rest of the file is still read (0.122506ms)
✔ a compliant sentence no longer excuses a non-compliant one in the same block (0.095664ms)
✔ the line map: an offender on the third line of a block reports line 3 (0.092888ms)
✔ a table row is its own block, so two cells never glue into one sentence (0.074864ms)
✔ a ~~~ fence masks its example, and a nested ``` fence cannot close it early (0.061258ms)
✔ a rationale sentence beside a compliant mandate is not an instruction (0.0466ms)
✔ a negation forbidding the serial shape is not an instruction to use it (0.04678ms)
✔ an inflected dispatch verb describing the parallel path issues nothing (0.029006ms)
✔ a catalog table row naming the parallel path instructs nothing (0.032863ms)
✔ a table row that DOES issue the set concurrently is still named (0.054555ms)
✔ prose that serializes a non-dispatch thing is not this rule's business (0.049715ms)
✔ a semicolon inside a citation is not a sentence end (0.044236ms)
✔ an unclosed bracket swallows no sentence boundary (0.059795ms)
✔ stop-at-first-failure: the failing step is the last thing that runs (1.161655ms)
✔ continue-past-failure: every thunk is attempted and the failures keep loop order (0.137795ms)
✔ the error is carried AS THROWN, never stringified inside the module (0.132615ms)
✔ all three steps succeeding reports every key completed (stop-at-first-failure) (0.084402ms)
✔ all three steps succeeding reports every key completed (continue-past-failure) (0.152965ms)
✔ an empty step list succeeds with nothing completed (0.085704ms)
✔ an object key comes back by IDENTITY, never as a clone (0.094822ms)
✔ pre-flight: the first unsatisfied condition refuses, and no thunk runs (0.433524ms)
✔ pre-flight: a refusal creates no file anywhere under the planning root (0.417663ms)
✔ pre-flight: every condition satisfied runs the steps normally (stop-at-first-failure) (0.410189ms)
✔ pre-flight: every condition satisfied runs the steps normally (continue-past-failure) (0.181079ms)
✔ pre-flight: an empty condition list behaves exactly as no pre-flight at all (0.117867ms)
✔ a survived blocker stays behind; a downgraded high and a survived low are the set (1.911026ms)
✔ a survived high is the thing the gate halts over, so it is not in the set (0.148406ms)
✔ a refuted blocker IS in the set - the ruling, not the severity, decides that one (0.284076ms)
✔ a survived medium and a survived low are both the blocking arm remainder (0.179516ms)
✔ an OVERRIDDEN survived blocker is in the set - nobody is fixing that one (0.172953ms)
✔ an overridden survived HIGH is in the set too - the marker is not blocker-only (0.126102ms)
✔ a survived blocker WITHOUT the marker still stays behind (0.103309ms)
✔ the marker beside a real fix commit is in NO set - the commit wins (D-05) (0.096536ms)
✔ the marker on a medium changes nothing - that entry was already in the set (0.157323ms)
✔ an unreadable payload carrying the marker is still a REFUSAL, not an empty set (0.255312ms)
✔ a survived blocker naming a fix commit is FIXED, and is in none of the three (0.936872ms)
✔ an OVERRIDDEN survived blocker with no commit is filed and named, never halting (0.095083ms)
✔ D-05: both markers on one entry is FIXED - the commit beats the override (0.058051ms)
✔ a survived blocker with NEITHER marker is `halting` alone - the fail-closed rail (0.047571ms)
✔ a survived MEDIUM naming a fix commit is FIXED too - the exclusion is not severity-gated (0.042001ms)
✔ a survived medium with no commit is `filing` alone - confirmed and not fixed (0.045668ms)
✔ a BLANK fix_commit is not a usable one, so that entry still halts (0.053223ms)
✔ an unoverridden survived blocker citing a NON-COMMIT string still halts (0.044005ms)
✔ every unusable fix_commit shape leaves the fail-closed rail closed (0.13557ms)
✔ an abbreviated id through a full one reads as a landed fix (0.065476ms)
✔ usableFixCommit asks the SHAPE and never whether the object exists (0.038744ms)
✔ the payload and a prose fixture disagree, and the answer is the payload (0.121183ms)
✔ two findings differing only in LINE share one fingerprint (0.414678ms)
✔ two findings differing in CLAIM do not (0.081166ms)
✔ two findings differing in FILE do not (0.054335ms)
✔ severity is outside the fingerprint: a downgrade does not mint a new one (0.055877ms)
✔ the token is fixed-width lowercase hex (0.136463ms)
✔ the NUL join cannot be forged by moving the boundary (0.173845ms)
✔ a finding missing both fields fingerprints rather than throwing (0.070967ms)
✔ a payload buildEntries refuses comes back ok:false naming the entry (0.102478ms)
✔ an unruled finding refuses by index rather than being dropped from the set (0.07276ms)
✔ a non-object payload refuses with the grammar detail, not an empty answer (0.107126ms)
✔ the forgejo create and lookup vectors are exactly these (0.111555ms)
✔ the github create and lookup vectors are exactly these (0.078731ms)
✔ the gitlab create vector carries -y, and its lookup is exactly this (0.080976ms)
✔ every row supplies a body/description on create, on all three providers (0.073111ms)
✔ the three keys are PROVIDER_TABLE's own, so a persisted provider is the key (0.048945ms)
✔ no row names a binary: PROVIDER_TABLE already says which drives which (0.122917ms)
✔ a github chunk of six is five OR operators, and the query opens with in:title (0.090604ms)
✔ no provider's lookup vector carries DECLINE_LABEL - an ACCEPTED issue has none (0.075185ms)
✔ only the row whose lookup was RUN is marked measured (0.059384ms)
✔ the chunk constant is six, and it is what the builders are exercised with (0.228098ms)
✔ the decline label is one frozen literal with no separator a forge reads (0.10903ms)
✔ a response of exactly the page size is INCOMPLETE and carries no records (0.6966ms)
✔ one row under the page size is COMPLETE and carries its tokens (0.228449ms)
✔ a response that is not a JSON array reports incomplete rather than throwing (0.113248ms)
✔ an empty page is a COMPLETE read of nothing - the first fire on a tracker (0.04144ms)
✔ a row with no readable title fails the WHOLE read: the output shape moved (0.046138ms)
✔ a hand-labelled issue is SKIPPED, not a failure - a human can apply a label (0.892627ms)
✔ lookup: a page of exactly the limit is INCOMPLETE and carries no pairs (0.434636ms)
✔ lookup: one row under the page size is COMPLETE and every number is read (0.356485ms)
✔ lookup: the junk table answers incomplete without throwing (0.113508ms)
✔ lookup: a token-carrying row missing its number fails WHOLE, naming the shape (0.164186ms)
✔ lookup: a row whose title carries no token is SKIPPED, not a failure (0.099962ms)
✔ lookup: each provider's number key is read through its row's stated fact (0.198101ms)
✔ lookup: a CLOSED row is returned like any other - `state` is never read (D-05) (0.063513ms)
✔ a title round-trips to the fingerprint the finding digests to (0.05181ms)
✔ a claim long enough to clip the title still round-trips (0.069404ms)
✔ a claim with newlines becomes one line (0.045688ms)
✔ a title carrying no token, or a non-string, recovers null (0.061217ms)
✔ the body names the finding and never a CLI response (0.133597ms)
✔ the body is never empty, whatever the finding is missing (0.076337ms)
✔ the provider table names three providers, in a fixed order, and is frozen (1.352722ms)
✔ the provider names are HOST_TABLE's own keys, not a second spelling (1.326521ms)
✔ the provider names are exactly git.forge_provider's enum values (0.330586ms)
✔ installedProviders reports the resolving providers in TABLE order (0.158825ms)
✔ installedProviders on a machine with none of them is the empty list (0.078801ms)
✔ installedProviders with no predicate answers empty rather than throwing (0.066838ms)
✔ github and gitlab are complete on provider + slug, with no host (0.114159ms)
✔ forgejo is NOT complete until the instance host is named (0.064063ms)
✔ a missing provider or a missing slug is incomplete (0.077239ms)
✔ a provider spelling no row carries is incomplete, not honoured (0.097057ms)
✔ a non-string or blank persisted value reads as unasked, never as a value (0.078421ms)
✔ a complete record is `configured`, whatever is installed (0.164456ms)
✔ a partly answered forgejo record with a binary present is `ask` (0.065676ms)
✔ an unanswered record with a binary present is `ask`, naming what resolved (0.055176ms)
✔ an unanswered record with NO binary is `refuse`, naming all three and an install (0.150289ms)
✔ a PARTLY answered record with no binary refuses too (0.05172ms)
✔ decideForge is TOTAL: no arguments at all still answers (0.031811ms)
✔ a non-array `installed` is read as none rather than throwing (0.033214ms)
✔ every reason is ONE line, so the setup step prints one line (0.116564ms)
✔ lib/forge-decision.mjs does no I/O and touches no process state (0.165688ms)
✔ isForgeSlug accepts the two and three segment shapes forges serve (0.125291ms)
✔ isForgeSlug refuses a single segment - there is no repository selector (0.047842ms)
✔ isForgeSlug refuses a segment that reads as a FLAG once interpolated (0.038865ms)
✔ isForgeSlug refuses traversal segments in selector position (0.04142ms)
✔ isForgeSlug refuses every character that could end an argument (0.070686ms)
✔ isForgeSlug refuses a slug longer than any forge serves (0.04704ms)
✔ isForgeSlug refuses a non-string rather than throwing (0.041409ms)
✔ splitForgeHost accepts a hostname and splits a ported one into two halves (0.18723ms)
✔ a portless value splits to a NULL port rather than to a defaulted one (0.057731ms)
✔ splitForgeHost refuses every port spelling that is not the canonical one (0.079874ms)
✔ splitForgeHost refuses a value that reads as a FLAG once interpolated (0.04187ms)
✔ splitForgeHost refuses everything outside the hostname alphabet (0.069964ms)
✔ splitForgeHost refuses a value longer than DNS serves (0.068491ms)
✔ splitForgeHost refuses a bracketed IPv6 literal, as a decision (0.040247ms)
✔ splitForgeHost refuses a non-string rather than throwing (0.042582ms)
✔ originDefaults offers a provider for github and gitlab and for nothing else (0.084352ms)
✔ originDefaults offers the slug whenever one parsed, provider or not (0.04134ms)
✔ originDefaults offers NO host default under any verdict (0.073923ms)
✔ originDefaults drops a slug that fails the grammar rather than passing it through (0.045086ms)
✔ originDefaults is TOTAL over anything a caller hands it (0.071518ms)
✔ splitSlug takes the two halves apart at the LAST separator (0.061688ms)
✔ splitSlug refuses everything the slug grammar refuses, rather than re-deriving one (0.060747ms)
✔ the create table names the same three providers as the provider table (0.064464ms)
✔ the create table repeats no binary name - PROVIDER_TABLE is the one spelling (0.068963ms)
✔ each provider builds the ONE argv measured for it, element for element (0.112416ms)
✔ the tea row DROPS --owner when the owner is the login user (the personal case) (0.063572ms)
✔ the tea row NAMES the login it was asked about (0.094251ms)
✔ ownerIsLoginUser answers rather than throwing on anything it is handed (0.068562ms)
✔ the two positional grammars rejoin a nested owner, and tea keeps it split (0.051048ms)
✔ EVERY row pins --private, so a fourth provider cannot be added without one (0.086757ms)
✔ exactly one row says it cannot build an argv without a login, and it is tea (0.105683ms)
✔ the row flagged as wiring its own remote is exactly the one whose argv wires it (0.095083ms)
✔ detect: two stubs on PATH is `ask`, naming exactly those two (45.9657ms)
✔ detect: all three on PATH is `ask` naming all three (36.482518ms)
✔ detect: an EMPTY stub dir refuses, with a hint and no installed entries (33.207529ms)
✔ detect: a complete github record is `configured` even with NO binary (30.391321ms)
✔ detect: a forgejo record with a NULL host is `ask`, still carrying what is answered (32.680043ms)
✔ detect: a forgejo record WITH a host is `configured` (29.034681ms)
✔ detect: an unasked repository with a binary present is `ask`, carrying three nulls (42.858032ms)
✔ detect: the scaffolded template answers `ask` rather than defaulting a provider (33.660389ms)
✔ detect: an unparseable config layer surfaces a warning on the envelope (30.841306ms)
✔ detect: an ABSENT --dir reads the process cwd (35.411908ms)
✔ detect: an EMPTY --dir refuses, rather than answering about ./.planning (54.010895ms)
✔ detect: a VALUELESS --dir refuses the same way (97.495022ms)
✔ an unknown subcommand prints the usage line naming both it has (35.344719ms)
✔ no subcommand at all is the same usage refusal (29.415043ms)
✔ detect: a split SSH endpoint offers the slug and NO provider (41.263955ms)
✔ detect: a gitlab origin offers BOTH defaults, subgroup path intact (35.950474ms)
✔ detect: a github origin offers both defaults (36.516563ms)
✔ detect: NO host default is ever offered (37.037586ms)
✔ detect: a slug failing the grammar yields NO slug default, not raw text (37.803068ms)
✔ detect: a repository with NO origin offers no defaults and still asks (39.117757ms)
✔ detect: a directory that is not a repository at all still asks (36.044766ms)
✔ detect: the `configured` and `refuse` arms carry no defaults at all (64.465807ms)
✔ detect: NO forge CLI is spawned while the defaults are derived (AC1) (38.125798ms)
✔ create: the github arm records the pinned argv, then wires origin itself (34.295169ms)
✔ create: the gitlab arm records its own grammar, --remoteName and all (28.817021ms)
✔ create: the forgejo arm asks tea who it is, then records the org grammar (34.011122ms)
✔ create: a repository under the LOGIN USER is created with no --owner at all (34.452ms)
✔ create: two logins on ONE hostname are told apart by the PORT the url names (144.078404ms)
✔ create: the scheme default port is the SAME endpoint, never a mismatch (35.474146ms)
✔ create: an SSH remote still resolves its login - its port is not an API port (32.264393ms)
✔ create: no tea login for the instance refuses, and creates NOTHING (38.65759ms)
✔ create: an UNREADABLE login list refuses the same way, leaking none of it (62.959186ms)
✔ create: a login NAME that would read as a flag is skipped, not sanitized (34.736768ms)
✔ create: the two arms that need no login never ask for one (64.950716ms)
✔ create: WITHOUT --confirmed nothing is spawned at all (32.228223ms)
✔ create: a CLI that fails leaks none of its own text and nulls detail (30.54262ms)
✔ create: a provider whose CLI is absent refuses, naming the install (29.78841ms)
✔ create: a provider outside the table refuses before any lookup (28.882007ms)
✔ create: a --repo failing the slug grammar refuses rather than reaching an argv (127.437895ms)
✔ create: --provider and --repo refuse a valueless spelling, before anything runs (66.93794ms)
✔ create: an ABSENT selector is answered by the seam, not by the argument door (62.896275ms)
✔ create: no --remote-url on an arm that wires none creates NOTHING (57.832665ms)
✔ create: a --remote-url the origin grammar cannot read refuses before the spawn (151.679228ms)
✔ create: a VALUELESS --remote-url refuses at the declared row (30.369416ms)
✔ create: a failed `git remote add` says the repository EXISTS (35.789923ms)
✔ create: the gitlab arm is never asked for a --remote-url (29.126235ms)
✔ create: an http(s) --remote-url on the WRONG port refuses, naming both (30.99486ms)
✔ create: an scp --remote-url refuses naming the 22 it implies (29.157074ms)
✔ create: a URL naming the configured port reaches the create (33.062256ms)
✔ create: an SSH port over a non-http scheme is ACCEPTED, never compared (35.005523ms)
✔ create: a --remote-url on a DIFFERENT host is not compared at all (35.451201ms)
✔ create: a MIXED-CASE persisted host still refuses the wrong port (31.470985ms)
✔ create: a PORTLESS or null git.forge_host fires nothing at all (67.746912ms)
✔ create: the gitlab arm REFUSES a --remote-url, naming the conflict (32.313836ms)
✔ gateTriggers reads the trigger names off the schema, in key order (1.131637ms)
✔ gateTriggers ignores tier/effort/surfaces keys and any non-gate leaf (0.116604ms)
✔ a fifth trigger is walked the day its key lands, with no edit here (1.082242ms)
✔ a schema with no gate rows at all yields nothing (0.103669ms)
✔ all THREE fields of a trigger are walked, not the gate alone (0.254961ms)
✔ AC1: every pre-patch purpose states no default, so each is reported (0.169927ms)
✔ AC1: the pre-patch defaults are all real gates, so none is invalid (0.164176ms)
✔ a real default with a purpose naming it yields no problem at all (0.629ms)
✔ a purpose naming NO member is gate-prose-missing, naming the key (0.725867ms)
✔ a purpose naming a DIFFERENT member is gate-prose-drift, naming both values (0.232868ms)
✔ the prose half is MANDATORY - a correct default does not excuse silent prose (0.154537ms)
✔ a purpose that is not a string is gate-prose-missing, and says that is why (0.130251ms)
✔ the clause grammar is case-insensitive and takes an unwrapped value (0.125361ms)
✔ the clause grammar takes "default to" and a quoted value too (0.103389ms)
✔ naming a member OUTSIDE the clause is free prose, not a claim (0.134218ms)
✔ a member that only PREFIXES a word in the purpose does not count as a clause (0.140179ms)
✔ a NULL default is gate-default-invalid - the sentinel is gone (0.189164ms)
✔ a default OUTSIDE its own values is gate-default-invalid, naming the value (0.151181ms)
✔ a boolean default is gate-default-invalid too, not a silent pass (0.136142ms)
✔ an absent default reads as absent, never as null (0.113699ms)
✔ a default valid for ANOTHER field is still invalid here - each row has its own enum (0.127706ms)
✔ a row with two faults reports both, rather than short-circuiting (0.124329ms)
✔ an invalid default whose prose names a real member reports invalid AND drift (0.100423ms)
✔ a schema row that is not an object is gate-row-malformed, never a throw (0.1144ms)
✔ a non-object schema map yields nothing, never a throw (0.076888ms)
✔ a row with no values enum reports rather than passing green (0.179405ms)
✔ milestone + auto on a protected base: create the named integration branch (46.292739ms)
✔ milestone + ask on a protected base: ask, naming the integration branch (43.320882ms)
✔ milestone + off on a protected base: stay (40.963107ms)
✔ milestone already on a work branch: stay (lazy, once per cycle) (35.749938ms)
✔ trunk on a protected base: stay, no integration branch (branch null) (39.246324ms)
✔ defaults (no git block set): milestone + ask on a protected base -> ask (31.199065ms)
✔ a STRING protected_branches is honored here too, not dropped (#38, COR-01) (69.373156ms)
✔ published: a milestone the repo has ALREADY TAGGED asks, naming both numbers (AC8) (46.88099ms)
✔ published: an untagged maintenance milestone below a higher tag still creates (AC8) (95.079976ms)
✔ published: a milestone above every tag still creates - the guard refuses no new cycle (63.926469ms)
✔ published: a non-semver tag is skipped, not guessed at (89.775783ms)
✔ published: an enclosing repository's tags are not this project's (TAG-01) (35.248774ms)
✔ tags: the repository at --dir answers with its own tag list (38.182819ms)
✔ tags: a non-repository project inside a tagged repository has published nothing (TAG-01) (37.426414ms)
✔ tags: a directory that is no repository at all reads as no tags, not an error (34.655323ms)
✔ an unknown subcommand names BOTH arms, so the new one is reachable from the usage line (30.146159ms)
✔ warnings[] rides the envelope, and a torn layer puts the parse failure on it (67.734675ms)
✔ decide: an EMPTY --dir refuses by name, exit 1, no tree read (31.64885ms)
✔ decide: a VALUELESS --dir refuses by name, exit 1, no tree read (25.833554ms)
✔ tags: an EMPTY --dir refuses by name, exit 1, no tree read (28.621405ms)
✔ tags: a VALUELESS --dir refuses by name, exit 1, no tree read (27.40774ms)
✔ silent outside a Cadence project (25.823183ms)
✔ silent for non-git commands inside a project (35.218727ms)
✔ guard applies from a subdirectory of the project (walk-up) (38.315764ms)
✔ walk-up stops at a repo root without .planning (still not policed) (22.016902ms)
✔ git push always asks (publishing is /cad-land's call) (29.882372ms)
✔ auto_close true does not exempt any push - every push still asks (33.236474ms)
✔ compound command still catches the push half (36.143686ms)
✔ global git options are skipped when finding the subcommand (37.370817ms)
✔ git stash push is not a publish (the verb is stash) (30.1879ms)
✔ push as an argument or inside quotes never fires the rail (127.510219ms)
✔ commit on a protected branch asks by default, silent on a task branch (97.029005ms)
✔ git.on_protected=refuse denies; =allow stays silent (73.51278ms)
✔ on_protected "deny" is an alias of refuse, not a silent soft-ask (#38) (32.93795ms)
✔ a string protected_branches guards THAT branch, not the default list (#38) (70.11303ms)
✔ an EMPTY protected_branches list still means nothing is protected (D-09) (65.445822ms)
✔ a protected_branches naming NO branch guards the default list (GRD-01) (108.465314ms)
✔ custom protected_branches list is honored (67.200445ms)
✔ a commit message naming the push rail is a commit, not a push (29.316873ms)
✔ a mention or a read-only search is silent, so no deny gate is needed (140.805969ms)
✔ shapes the anchored reader declines to see (stated cost, not an oversight) (312.961802ms)
✔ malformed stdin exits 0 with no output (guard never blocks work) (28.064174ms)
✔ payload without a command stays silent inside a project (30.255728ms)
✔ commit guard degrades silently when .planning has no git repo (30.5736ms)
✔ detached HEAD is not a protected branch (rev-parse says HEAD) (37.344615ms)
✔ the payload size that OOMed the deleted reader still decides (41.79744ms)
✔ a torn config asks on a NON-protected branch, naming the parse failure (43.977493ms)
✔ a torn config asks ONCE on a protected branch, not twice (34.315057ms)
✔ on_protected: allow with a torn layer still asks - the value was not read (38.025805ms)
✔ a torn layer never DENIES - fail-open stands (35.135967ms)
✔ a well-formed config on a non-protected branch is still silent (68.752109ms)
✔ the push rail is unchanged by a torn layer (29.144471ms)
✔ a torn USER-GLOBAL layer asks too, naming that layer - it carries the same keys (38.574521ms)
✔ a torn global layer asks on `release` too - the list that would have named it is gone (33.003863ms)
✔ a torn GLOBAL layer whose path merely PREFIXES the repo layer asks as itself (43.199626ms)
✔ a torn repo layer never CANCELS a deny the global layer configured (33.710303ms)
✔ census: no gate value reaches the protected-branch guard (D-11) (0.965988ms)
✔ a deferred gate in the config layer changes no guard decision (103.421483ms)
✔ the checked-out branch, trimmed (20.566913ms)
✔ a SUBDIRECTORY of the repo answers the same (git -C discovers upward) (9.254161ms)
✔ a directory that is NOT a git repo is "" - never a throw (1.774674ms)
✔ an absent path and a repo with NO COMMITS are both "" (4.383973ms)
✔ a detached HEAD answers git's own "HEAD", not a reinterpretation (8.552521ms)
✔ publish: auto_close true on a non-protected branch pushes exactly that ref (64.439095ms)
✔ refuse: auto_close false -> auto-close-off, bare gains no branch (47.453782ms)
✔ refuse: HEAD on a protected branch -> protected-branch, no push (51.484205ms)
✔ refuse: a STRING protected_branches protects that branch too (#38, COR-01) (50.092509ms)
✔ refuse: no origin remote configured -> remote-not-configured (46.039632ms)
✔ refuse: detached HEAD -> no-branch, no push (55.004456ms)
✔ refuse: auto_close ONLY in the global layer (repo omits) -> auto-close-off (D-08) (135.671217ms)
✔ usage: an unknown subcommand -> ok:false reason usage (39.468362ms)
✔ reap: a merged integration branch is actually deleted (53.196078ms)
✔ reap: an UNMERGED branch is deleted too - land-cleanup owns the merged verdict (54.095028ms)
✔ reap: an already-absent branch SKIPS with ok:true and exit 0 (idempotent close) (48.256567ms)
✔ reap refuse: a protected branch, and it is still there afterwards (43.58496ms)
✔ reap refuse: the CHECKED-OUT branch, named rather than left to a git error (45.501297ms)
✔ reap refuse: an option-shaped branch name never reaches git (39.603321ms)
✔ reap refuse: no --branch at all -> no-branch, and no git ran (43.177917ms)
✔ reap needs no auto_close: a close-off repo still reaps its local branch (44.095652ms)
✔ usage: the detail names all three subcommands (28.303815ms)
✔ publish refuse: off-everywhere and requested-globally read DIFFERENTLY (87.559997ms)
✔ authorized: a user-global true is refused - the repository never opted in (40.875126ms)
✔ authorized: the repository's own opt-in answers ok:true, and needs no git (73.484191ms)
✔ authorized: the GitLab arm refuses with NO forge CLI spawned at all (39.402954ms)
✔ authorized: off in BOTH layers refuses with the other sentence (34.598211ms)
✔ publish refuse: a TORN layer that could carry protected_branches pushes NOTHING (44.908604ms)
✔ reap refuse: a TORN layer leaves the branch it would have protected in place (42.24464ms)
✔ warnings[] rides the git-publish envelope on the acting AND the skip arms (76.962682ms)
✔ publish: a git:// remote carrying userinfo fails without leaking it (43.781326ms)
✔ publish: a PATH-shaped remote carrying userinfo fails without leaking it (46.229234ms)
✔ source: every git-publish failure detail goes through redactUrl (0.340345ms)
✔ publish: an EMPTY --dir refuses by name, exit 1, nothing run (28.689807ms)
✔ publish: a VALUELESS --dir refuses by name, exit 1, nothing run (28.590705ms)
✔ reap: an EMPTY --dir refuses by name, exit 1, nothing run (29.721822ms)
✔ reap: a VALUELESS --dir refuses by name, exit 1, nothing run (28.108288ms)
✔ authorized: an EMPTY --dir refuses by name, exit 1, nothing run (25.302391ms)
✔ authorized: a VALUELESS --dir refuses by name, exit 1, nothing run (31.042242ms)
✔ a segment whose command word is git reports its verb (5.199822ms)
✔ the verb is the first NON-FLAG word (0.122826ms)
✔ a global option taking a separate argument is skipped WITH its argument (0.207169ms)
✔ an =-glued global option needs no entry of its own - it is one flag word (0.076367ms)
✔ a segment whose command word is not git is SILENT (the accepted cost) (0.130461ms)
✔ the anchor is the command word, so a git word mid-segment does not count (0.159296ms)
✔ only the VERB is read, so an operand naming another verb is not one (0.070636ms)
✔ TOTAL: any input at all returns an array and never throws (0.116093ms)
✔ LINEAR: the input size that OOMed the deleted reader is answered instantly (6.547625ms)
✔ LINEAR: many separated invocations are all reported, in order (8.469853ms)
✔ a separator run does not manufacture a verb (0.151912ms)
✔ the set is exactly the three keys CFG-02 names, and is frozen (1.960421ms)
✔ a non-null value is removed from the layer the merge consumes (0.379249ms)
✔ a non-null value warns, naming BOTH the key and the file it came from (0.207379ms)
✔ all three keys are stripped, one warning each - not just the first (0.235413ms)
✔ a null value is stripped too - the strip is value-agnostic (D-13) (0.189825ms)
✔ a null value warns about NOTHING - presence is not setting (D-13) (0.076156ms)
✔ an empty string IS a set value: stripped and warned about (0.215554ms)
✔ a layer setting none of them is returned untouched and silent (0.082408ms)
✔ sibling keys under the same parent survive the strip (0.167653ms)
✔ the input object is never mutated - the strip returns a COPY (0.152894ms)
✔ a non-object layer is handed back as-is, never a throw (0.095995ms)
✔ a scalar PARENT is stripped: it would replace the global section wholesale (0.090834ms)
✔ a scalar parent warns, naming the section, the file and the keys it hid (0.078961ms)
✔ a scalar parent warns ONCE, not once per key beneath it (0.049114ms)
✔ a null parent is stripped silently - presence is not setting (D-13) (0.050888ms)
✔ a section with no global-only key beneath it is left alone whatever its type (0.783577ms)
✔ the census walks the whole bin tree, lib/ and test files included (0.689125ms)
✔ exactly one definition of the defaulting disposition (fallback) (1.744676ms)
✔ exactly one definition of the throwing flag-value reader (flagValue) (1.070309ms)
✔ exactly one definition of the ''-on-failure file reader (readText) (4.421295ms)
✔ exactly one definition of the current-branch reader (readCurrentBranch) (2.447959ms)
✔ exactly one definition of the lease-grammar containment predicate (covers) (1.960932ms)
✔ exactly one definition of the executable-resolution predicate (onPath / executableIn) (2.217465ms)
✔ exactly one definition of the rotated-report name grammar (rotatedSource / isReportName) (0.511143ms)
✔ exactly one definition of the worker-key grammar (requirePlanKey) (1.540403ms)
✔ exactly one definition of the multi-file transition step loop (runTransition) (3.551101ms)
✔ exactly one definition of the genuinely-unfixed test (unfixedFromEntries) (4.713056ms)
✔ every register row states an event name and a reason for it (5.281079ms)
✔ the shipped register covers the shipped hooks.json - the tree agrees with itself (0.274408ms)
✔ an unregistered event is reported by name; the registered ones beside it are not (0.497247ms)
✔ SubagentStop is registered TODAY, so a rename of it is what the check catches (0.411251ms)
✔ ONE DIRECTION: a register row no hooks.json carries is not a problem (0.235754ms)
✔ the register is a PARAMETER, so a test never asserts it against itself (0.230423ms)
✔ an absent file is lenient on a partial root and missing-input on a full install (0.191208ms)
✔ an unreadable or shapeless file is ONE issue, never a throw (0.679888ms)
✔ AC5: the live cad-verify bytes report exactly one unnamed include (2.438712ms)
✔ AC5: the same bytes report nothing under a one-row WAIVED (1.629585ms)
✔ AC5: cad-help passes under both, because its objective names the include (0.740705ms)
✔ AC6: an include named ONLY by its own `@`-include line still reports (0.569786ms)
✔ a self-citing INCLUDED file does not answer for the command that includes it (0.501305ms)
✔ a workflows/ include is exempt even when nothing names it anywhere (0.305007ms)
✔ naming is the <branch>/<file> path form, never the basename (1.114013ms)
✔ an included surface named by the command WORKFLOW satisfies the check (0.507045ms)
✔ WAIVED ships EMPTY, and is frozen (0.287523ms)
✔ DOWNWARD bound: the waiver cannot outlive its `@`-include line (2.107584ms)
✔ UPWARD bound: a checked-off removeInPhase expires the waiver (0.61856ms)
✔ UPWARD bound: an UNCHECKED phase, or no ROADMAP at all, reports nothing (0.830708ms)
✔ a waiver row whose skill is absent from the root reports nothing (0.234831ms)
✔ an absent skills/ directory contributes nothing at all (0.104611ms)
✔ github: the report names each referenced issue with its state, plus the open list (77.374729ms)
✔ gitlab: the report names each referenced issue with its state, plus the open list (76.185641ms)
✔ forgejo: the report names each referenced issue with its state, plus the open list (68.983206ms)
✔ forgejo: an SSH host that differs from the login host still reports (120.545362ms)
✔ a branch referencing NO issue still reports the open list as the fallback (83.404086ms)
✔ a protected_branches naming NO branch still names the referenced issues (GRD-01, D-02) (69.1256ms)
✔ the forge call names the --dir repo, not the one the process cwd sits in (86.735525ms)
✔ the github and gitlab argv are byte-identical to what they were (135.889617ms)
✔ a forge CLI that never returns is killed at the bound and the land continues (562.58978ms)
✔ unknown subcommand: usage (30.760139ms)
✔ degrades in ONE line: the key is off (63.521357ms)
✔ degrades in ONE line: no forge configured (56.645331ms)
✔ degrades in ONE line: no tea login (68.801635ms)
✔ degrades in ONE line: the resolved binary is absent (71.263299ms)
✔ degrades in ONE line: the CLI exits nonzero (63.663871ms)
✔ degrades in ONE line: a response truncated at the page limit (74.12804ms)
✔ degrades in ONE line: a response with a renamed field (72.759858ms)
✔ degrades in ONE line: the ref scan fails (59.454423ms)
✔ an EMPTY tea login list skips on the existing line, and queries nothing (70.862235ms)
✔ an origin NO login names skips, and asks tea nothing about it (61.394874ms)
✔ a persisted host a login NAMES is bound with --login <that login's name> (77.859404ms)
✔ forgejo: every call names the login the persisted host resolves, and no other (70.131178ms)
✔ forgejo: a number the open list missed resolves, or is named unresolved (71.860936ms)
✔ forgejo: the resolve stops at its cap, and the remainder are unresolved (90.889858ms)
✔ the per-issue resolves share ONE wall-clock budget, not one bound each (2086.044169ms)
✔ a FAST nonzero resolve does not stop the loop: the numbers behind it still resolve (73.855827ms)
✔ a budget spent mid-loop is still a report: real states behind it, unresolved ahead (2106.766009ms)
✔ the key-off arm spawns NO forge CLI at all, not merely an empty report (149.793676ms)
✔ a token-carrying CLI stderr never reaches the envelope, in ANY shape (64.70999ms)
✔ check: an EMPTY --dir refuses by name, exit 1, no forge CLI spawned (28.155534ms)
✔ check: a VALUELESS --dir refuses by name, exit 1, no forge CLI spawned (33.965957ms)
✔ check: a malformed --timeout-ms still runs on the default, unlike --dir (74.38767ms)
✔ AC4: with the forge keys set and NO origin, forgejo still reports, bound by --login (89.71531ms)
✔ AC4: the same repository whose host NO login serves skips, and asks tea nothing (79.073413ms)
✔ AC4: a repository with a WORKING origin but no forge keys names the keys to set (60.838431ms)
✔ AC4: a github record with NO origin reports too, and never touches tea (97.77423ms)
✔ classifyOrigin reads BOTH url shapes for github and gitlab (1.102ms)
✔ classifyOrigin: any other host is `unrecognized` and STILL carries its slug (0.16648ms)
✔ classifyOrigin takes ONE argument: a second is ignored, not consulted (0.127445ms)
✔ classifyOrigin: an absent origin is no-remote, and garbage is unrecognized (0.090624ms)
✔ a hostname carrying a control character is REJECTED, never cleaned (0.274247ms)
✔ classifyOrigin says whether the URL SPELLED a port, which httpPort cannot (0.626565ms)
✔ a classification with no URL to read spells no port either (0.092789ms)
✔ teaLoginNameForHost answers the login NAME, by any of the three fields (0.382475ms)
✔ teaLoginNameForHost matches on EQUALITY, never on a shared suffix (0.122175ms)
✔ teaLoginNameForHost takes the FIRST match in tea's own list order (0.111484ms)
✔ teaLoginNameForHost is TOTAL over every unreadable input (0.108359ms)
✔ a persisted host naming a port picks the login serving THAT port (0.074504ms)
✔ a persisted `:443` matches a login whose url spells no port at all (0.061679ms)
✔ a port no login serves resolves to NO login rather than to a neighbour (0.05705ms)
✔ a PORTLESS persisted host resolves exactly as it does today (0.076036ms)
✔ a host the grammar REFUSES answers null rather than throwing (0.088761ms)
✔ scanIssueRefs finds the three forms, dedupes, sorts, and mints no near-miss (0.515161ms)
✔ scanIssueRefs is total on non-text and empty input (0.082429ms)
✔ scanIssueRefs excludes a reference outside the safe-integer range (ARG-04) (0.093279ms)
✔ partitionIssues answers open / closed / not-found, and not-found is never closed (0.160699ms)
✔ partitionIssues answers NOTHING over a fetch that is not complete (0.079654ms)
✔ every row carries its own paging flag with the limit it states (0.146172ms)
✔ the gitlab row is proved against a CAPTURED glab sample, with no glab spawned (0.206858ms)
✔ the github and forgejo normalizers read their CLIs own captured shapes (0.15092ms)
✔ the forgejo row resolves ONE issue, and reads both shapes tea prints (0.128577ms)
✔ only the forgejo row carries a resolve; the other two still list every state (0.100112ms)
✔ a response TRUNCATED at the limit is unreadable, never an issue list (0.233229ms)
✔ a RENAMED field is unreadable, not an empty record set (0.125161ms)
✔ a number OUTSIDE the safe-integer range is unreadable, never a neighbour (ARG-04) (0.13521ms)
✔ all eight reasons are distinct strings, and only `query` proceeds (0.345004ms)
✔ the not-configured line names the keys that are unset, and only those (0.177191ms)
✔ a persisted host carrying a control character never reaches the ONE-line reason (0.125692ms)
✔ decideIssueCheck is total: no arguments at all still answers (0.061599ms)
✔ a five-finding fire spawns NO forge child at all (37.904003ms)
✔ the decline set is read even where no forge CLI resolves (33.122535ms)
✔ a finding DECLINED.md already carries is absent from the answer (39.620134ms)
✔ a decline recognized by (file, claim) survives the file shifting by a line (38.481924ms)
✔ a survived blocker never reaches the ask, so the fire has nothing to file (34.084275ms)
✔ a survived medium whose fix is already committed is never put to the user (42.516265ms)
✔ each returned finding carries its fingerprint BESIDE it, never inside it (41.688602ms)
✔ a decline set far past any old page size is read whole (126.617692ms)
✔ a missing DECLINED.md is an empty decline set, not a refusal (42.205206ms)
✔ an unreadable DECLINED.md refuses rather than re-asking what was declined (40.081531ms)
✔ three accepts and two declines make exactly THREE creates, none labelled (52.52641ms)
✔ a declined finding lands in DECLINED.md and never in FILED.md (41.97865ms)
✔ a decline written by `file` is what the next `unfixed` reads back (71.380217ms)
✔ every create supplies a body, on every entry (41.455564ms)
✔ a create exiting nonzero refuses and NAMES the findings that were not filed (52.075824ms)
✔ a fire with accepts asks the tracker ONCE, and the ask precedes every create (50.631355ms)
✔ the list call is TITLE-SCOPED and names every accepted fingerprint (48.234682ms)
✔ a fingerprint the tracker already holds gets no create and is reported by NUMBER (43.968035ms)
✔ a CLOSED issue suppresses exactly as an open one does (D-05) (48.684207ms)
✔ a lookup that FILLED ITS PAGE refuses the fire before any create (33.520378ms)
✔ a lookup child that could NOT RUN does not refuse - the creates still run (47.064942ms)
✔ a fire of DECLINES alone spawns no child at all - no list and no create (32.940062ms)
✔ the forgejo arm's ISSUE list call carries --login, like its create (48.759431ms)
✔ the forgejo arm carries --login on both calls, resolved off the persisted host (43.23228ms)
✔ no login naming the persisted host refuses BEFORE any create (37.572954ms)
✔ an unconfigured forge refuses by naming the unset keys, spawning nothing (40.742421ms)
✔ a configured forge whose CLI does not resolve refuses without spawning (36.798765ms)
✔ warnings from the config merge ride every envelope (34.504191ms)
✔ an absent payload file refuses before the forge is touched (33.912402ms)
✔ a payload that is not JSON refuses naming the file (38.21585ms)
✔ BOTH payload arms redact a credential out of the path they name (70.760272ms)
✔ a payload buildEntries refuses names the entry, and no forge call is made (36.105531ms)
✔ a dispositions payload with an unknown disposition refuses before any create (31.82636ms)
✔ a dispositions entry whose finding has no claim refuses: it is half the fingerprint (36.168362ms)
✔ a bare --payload refuses at the declared door, naming the flag (34.838735ms)
✔ an unknown subcommand reports usage naming both faces (35.552578ms)
✔ a CLI that prints a URL on create leaks none of it onto the envelope (48.17619ms)
✔ three accepts and two declines leave exactly THREE bullets in FILED.md (50.023152ms)
✔ a fire of declines ALONE writes no FILED.md, and two DECLINED.md rows (37.621317ms)
✔ the bullet is a POINTER: the title and no finding body (48.735425ms)
✔ a second fire appends rather than replacing the first run's rows (94.389611ms)
✔ a create that fails part way mirrors what landed AND marks the ambiguous one (49.77337ms)
✔ a create failure whose mirror ALSO failed says so, and the hint stops the retry losing it (2059.466217ms)
✔ the create-failed hint is honest that the failed create may have LANDED (97.619725ms)
✔ a fingerprint FILED.md already carries gets no SECOND row, even when it is re-filed (43.241963ms)
✔ an UNCONFIRMED write over a CONFIRMED row rewrites that row rather than adding one (43.45891ms)
✔ a payload carrying the same fingerprint TWICE spawns one create (47.162003ms)
✔ an accept followed by a DECLINE of the same finding creates once and declines nothing (41.575087ms)
✔ a lookup that could not run falls through to FILED.md, per fingerprint (47.543978ms)
✔ a lookup that could not run with NO ledger creates every accept (51.080771ms)
✔ on a forge whose lookup is UNMEASURED, a complete miss cannot overrule a confirmed row (52.737648ms)
✔ an unmeasured forge still honours a lookup HIT, which is the arm that was measured true (43.507554ms)
✔ AC4 end to end: an ambiguous create is not re-filed on the next fire (97.932767ms)
✔ an unreadable FILED.md refuses BEFORE any create, like the decline record (41.586259ms)
✔ a DECLINED.md row never stops `file` creating what the user just accepted (44.005822ms)
✔ `unfixed` writes nothing at all - the ask is not a filing (38.547774ms)
✔ an unreadable EXISTING DECLINED.md is never replaced by this batch alone (43.815726ms)
✔ a row the grammar rejects refuses rather than reporting the batch recorded (36.023529ms)
✔ a DANGLING SYMLINK at DECLINED.md refuses; it is an entry, not an absence (39.720409ms)
✔ a conflicted DECLINED.md refuses rather than reading past the damage (33.837934ms)
✔ a create failure AFTER a decline still lands that decline row (52.110018ms)
✔ cleanup on a repo with the branch merged into base: reap true, return to base (63.571276ms)
✔ cleanup --merged true forced but branch not in merged list (deleted at merge): reap false, branch null (43.530395ms)
✔ cleanup --merged false: cleanup but reap false (never reap an unmerged branch) (35.159343ms)
✔ a STRING protected_branches resolves base to that branch (#38, COR-01, D-07) (79.577075ms)
✔ a protected_branches naming NO branch resolves base to main (GRD-01, D-02) (60.90632ms)
✔ cleanup with git.on_land_cleanup=false: skip, all flags false (107.51149ms)
✔ gate with a blocker on stdin + git.auto_close=true: halt (30.278003ms)
✔ gate with only a medium finding: proceed (32.653793ms)
✔ gate with git.auto_close=false + a blocker: proceed (chain not running) (32.067646ms)
✔ gate: auto_close ONLY in the global layer (repo omits) -> halt (33.314925ms)
✔ gate: the repo layer wins the merge over a global auto_close:false -> halt (33.029486ms)
✔ gate: global auto_close:true beaten by repo false -> proceed (repo wins) (37.207182ms)
✔ gate under auto_close: stdin-empty halts with a reason naming it, never "no surviving finding" (33.908506ms)
✔ gate with auto_close absent: stdin-empty still proceeds (no unattended chain) (32.728076ms)
✔ gate under auto_close: malformed-json halts with a reason naming it, never "no surviving finding" (33.174916ms)
✔ gate with auto_close absent: malformed-json still proceeds (no unattended chain) (35.619447ms)
✔ gate under auto_close: not-a-findings-payload halts with a reason naming it, never "no surviving finding" (31.97617ms)
✔ gate with auto_close absent: not-a-findings-payload still proceeds (no unattended chain) (32.650477ms)
✔ gate under auto_close: an EXPLICIT {"findings":[]} is the one spelling that proceeds (32.307205ms)
✔ gate: a bare JSON array on stdin still reads as the findings list (67.039534ms)
✔ gate: a usable fix_commit on the same entry flips halt to proceed (LND-02) (61.081373ms)
✔ gate: a refuted or downgraded ruling stops no close, at any severity (64.496143ms)
✔ gate: `unruled` is read off the same stdin object, and a malformed one fails CLOSED (193.153292ms)
✔ gate: no stdin piped at all halts under auto_close, whatever the platform calls it (33.269185ms)
✔ gate: a genuinely unreadable stdin is the fourth halting state, named (29.249373ms)
✔ v3.7.7 (a): the ruled record PROCEEDS - the regression LND-02 closes (36.545818ms)
✔ v3.7.7 (b): delete that ONE key and the same set halts, on that entry alone (32.465159ms)
✔ v3.7.7 (c): the same review with nothing ruling it halts as unruled-review (65.37865ms)
✔ v3.7.7 (d): the same high, overridden - named on `overridden`, `action` unmoved (64.741103ms)
✔ warnings[] rides BOTH land-cleanup envelopes, empty and torn (139.176345ms)
✔ unknown subcommand: usage, ok false (34.439035ms)
✔ cleanup: an EMPTY --dir refuses by name, exit 1 - no stdin (34.830078ms)
✔ cleanup: a VALUELESS --dir refuses by name, exit 1 - no stdin (32.702375ms)
✔ gate: an EMPTY --dir refuses by name, exit 1 - a blocking findings payload on stdin (31.500442ms)
✔ gate: a VALUELESS --dir refuses by name, exit 1 - a blocking findings payload on stdin (33.555425ms)
✔ gate: an EMPTY --dir refuses by name, exit 1 - unparseable stdin (35.164349ms)
✔ gate: a VALUELESS --dir refuses by name, exit 1 - unparseable stdin (34.4474ms)
✔ covers: the declaration/path table (0.636293ms)
✔ intersects: symmetric on every row of the table (0.140781ms)
✔ a non-path string answers, it never throws (0.098159ms)
✔ isRefusedSpelling: exactly three forms, and nothing else (0.812673ms)
✔ completedPhases reads only the checked boxes (1.768892ms)
✔ pruneRoadmap removes checked lines and their detail sections, nothing else (0.86841ms)
✔ a decimal phase is matched exactly - 2.1 never consumes 21 or 291 (0.661171ms)
✔ a phase with no detail section is reported, not invented (0.128838ms)
✔ archiveRequirements moves shipped rows to a created ## Shipped and cleans both sources (0.723512ms)
✔ an existing ## Shipped table is appended to, never duplicated (0.305949ms)
✔ no shipped rows means no text change at all (0.112937ms)
✔ archiveRequirements never ships a Deferred row, whatever phase it names (0.255251ms)
✔ the Active-bullet scan is bounded to ## Active, not the whole file (## Deferred) (0.163224ms)
✔ the Active-bullet scan is bounded to ## Active, not the whole file (## v2 Requirements) (0.158054ms)
✔ no ## Active heading: no bullet removed, no summary captured, the row still ships (0.142705ms)
✔ a wrapped bullet is removed whole - no orphaned continuation line survives (0.320547ms)
✔ a wrapped-bullet prune leaves the section's trailing paragraph and the unshipped bullet (0.20788ms)
✔ the archived parenthetical is the whole span joined, first letter as authored (0.229893ms)
✔ a `|` inside a bullet is escaped before it reaches the Shipped cell (0.241214ms)
✔ a `## Active` heading inside a code fence is not the section (0.133517ms)
✔ a fenced `## Shipped` is not the section - the row lands under the real one (0.195386ms)
✔ a document whose only `## Shipped` is fenced gets a REAL section created (0.115091ms)
✔ a fenced `## ` inside ## Shipped does not cut the append scan short (0.102046ms)
✔ corpus: pruning this repository's own REQUIREMENTS.md needs no hand repair (2.490571ms)
✔ seam: archive mode prunes docs and moves completed dirs, leaves the open phase (55.459232ms)
✔ seam: delete mode removes the dirs and a second run is a clean skip (111.45714ms)
✔ seam: a missing phase dir is reported in dirs.missing, never a failure (74.946648ms)
✔ seam: missing REQUIREMENTS.md degrades to a warning, roadmap half still lands (107.561054ms)
✔ seam: a REQUIREMENTS.md whose sections are only fenced comes back byte-identical (59.395063ms)
✔ seam: with real sections below the fence, the row lands under the REAL ## Shipped (58.0625ms)
✔ seam: a phase whose directory move fails is refused, and keeps its docs (49.561787ms)
✔ seam: when every phase fails, neither document is written at all (49.637743ms)
✔ seam: an _archive-<label> that is a symlink is refused before anything moves (54.521327ms)
✔ seam: a regular file squatting _archive-<label> is refused the same way (52.77069ms)
✔ seam: delete mode builds no archive root, so the type check does not apply (56.568475ms)
✔ seam: bad args are refused - label required, mode must be delete|archive (150.313949ms)
✔ seam: a label from a file archives exactly where the inline label does (97.15845ms)
✔ seam: both label terms still run on a label that arrived in a FILE (99.069316ms)
✔ seam: every --label-file refusal is bad-args and leaves the tree untouched (257.715252ms)
✔ seam: a delete-mode close writes its residue before the directories go (58.71896ms)
✔ seam: the archive arm writes the same rows the delete arm does (55.179131ms)
✔ seam: a second identical run adds no row and leaves ARCHIVE.md byte-identical (103.643104ms)
✔ seam: an interrupted close keeps its rows, and the re-run neither duplicates nor drops them (111.074749ms)
✔ seam: phases holding no readable artifact write no ARCHIVE.md at all (54.246937ms)
✔ falsifier: a close in `delete` mode leaves its phase recallable (RCL-07) (224.957933ms)
✔ falsifier: a close in `archive` mode leaves its phase recallable (RCL-07) (201.488106ms)
✔ seam: a foreign heading that prefixes this label does not suppress the write (49.654812ms)
✔ seam: a partial section re-runs the artifacts it is missing, not the phase whole (53.765048ms)
✔ seam: a held ARCHIVE.md lock refuses the close before any directory moves (2053.443572ms)
✔ a bullet carrying its tracker suffix is removed WHOLE, and keeps the ref (0.422373ms)
✔ onPath: a name made reachable by a stub directory prepended to PATH (4.458797ms)
✔ onPath: a name nothing on PATH provides is false, never a throw (0.24436ms)
✔ onPath: an EMPTY PATH entry is skipped, not read as the cwd (0.179566ms)
✔ onPath: a PATH entry that does not exist is skipped, not a throw (0.185417ms)
✔ onPath: a same-named file with no execute bit does not resolve (0.292363ms)
✔ onPath: an unset PATH answers false rather than throwing (0.109891ms)
✔ executableIn: answers about ONE named directory, ignoring PATH (0.215194ms)
✔ executableIn: a non-string or empty side is false, never a throw (0.17659ms)
✔ cursorPhase returns the cursor phase (1.188306ms)
✔ cursorPhase returns a decimal phase as a Number (0.230033ms)
✔ a missing STATE.md is null, silently - the ordinary pre-project state (0.142113ms)
✔ a garbled STATE.md is null, never a throw (0.1251ms)
✔ two conforming plans both parse: the union, found 2, clean 2 (1.458576ms)
✔ a plan out of grammar contributes NO path, warns, and leaves clean below found (0.408847ms)
✔ an unreadable plan does the same: no path, one warning, clean below found (1.30957ms)
✔ an absent phase directory is zero found and NO warning - the pre-plan state (0.244631ms)
✔ a phase directory holding no PLAN file is zero found, no warning, no throw (0.675529ms)
✔ a plan whose `files:` list is empty counts found and clean, and is named undeclared (0.4107ms)
✔ a plan with no `files:` key at all takes the same arm as an empty list (0.336177ms)
✔ a plan declaring one path is NOT undeclared, even when a sibling declared it first (0.393176ms)
✔ the named-plan face reports undeclared for the plan its key names (0.33267ms)
✔ a plan that could not be read is NOT undeclared - it is unclean (0.191218ms)
✔ a `- **Files:**` task line contributes nothing to either face (D-05) (0.171189ms)
✔ the named-plan face reads ONLY the file its key names (0.226145ms)
✔ key `1` reads PLAN.md when PLAN-1.md is absent, and PLAN-1.md when it is not (0.254881ms)
✔ a key naming no plan file is found 0 with a warning - a wrong dispatch, not a pre-plan state (0.200575ms)
✔ the named face carries the same two failure arms as the union (0.164807ms)
✔ the by-path reader answers exactly what the phase-keyed face does (0.437201ms)
✔ the by-path reader carries the out-of-grammar and unreadable arms too (0.285109ms)
✔ an unreadable directory is silent for the union face and warns for a named plan (0.681851ms)
✔ the locator finds live and archived phase directories, in a stable order (0.646163ms)
✔ an unreadable archive directory is skipped, never a throw (1.349236ms)
✔ an absent planning root is an empty list - the ordinary pre-project state (0.197289ms)
✔ the locator does not leave the planning root through a symlink (0.469243ms)
✔ a symlink that stays INSIDE the planning root is still a phase (0.292753ms)
✔ adjudication: --phase 1.10 refuses against a tree holding phases/1.1/ (57.710231ms)
✔ adjudication: --phase 1.10 gets past the phase check when only phases/1.10/ exists (47.518507ms)
✔ adjudication: the token rails still fire after a clean spelling (57.004023ms)
✔ deferred record: --phase 1.10 refuses against a tree holding phases/1.1/ (78.409729ms)
✔ deferred record: --phase 1.10 gets past the phase check when only phases/1.10/ exists (70.560962ms)
✔ deferred record: the token rails still fire after a clean spelling (56.940601ms)
✔ the collision refusal is TREE-aware, not the unconditional one: 08 with no phases/8/ (51.042045ms)
✔ a canonical spelling is never refused, whatever else is on the tree (52.912793ms)
✔ criteria-size: --phase 1.10 acts on phases/1.10/ when no phases/1.1 exists (50.762286ms)
✔ criteria-size: --phase 1.10 refuses against a tree holding phases/1.1/ (57.908613ms)
✔ criteria-size: --phase 08 refuses against a tree holding phases/8/ (52.782492ms)
✔ plan-size: --phase 1.10 acts on phases/1.10/ when no phases/1.1 exists (54.271907ms)
✔ plan-size: --phase 1.10 refuses against a tree holding phases/1.1/ (49.73545ms)
✔ plan-size: --phase 08 refuses against a tree holding phases/8/ (51.339855ms)
✔ plan-overlap: --phase 1.10 acts on phases/1.10/ when no phases/1.1 exists (50.94204ms)
✔ plan-overlap: --phase 1.10 refuses against a tree holding phases/1.1/ (52.865189ms)
✔ plan-overlap: --phase 08 refuses against a tree holding phases/8/ (54.339276ms)
✔ cite-count: --phase 1.10 acts on phases/1.10/ when no phases/1.1 exists (50.556318ms)
✔ cite-count: --phase 1.10 refuses against a tree holding phases/1.1/ (50.95739ms)
✔ cite-count: --phase 08 refuses against a tree holding phases/8/ (55.534975ms)
✔ uat: --phase 1.10 acts on phases/1.10/ when no phases/1.1 exists (49.970781ms)
✔ uat: --phase 1.10 refuses against a tree holding phases/1.1/ (54.183245ms)
✔ uat: --phase 08 refuses against a tree holding phases/8/ (57.693808ms)
✔ lease-check: --phase 1.10 acts on phases/1.10/ when no phases/1.1 exists (66.807368ms)
✔ lease-check: --phase 1.10 refuses against a tree holding phases/1.1/ (56.456437ms)
✔ lease-check: --phase 08 refuses against a tree holding phases/8/ (62.424858ms)
✔ deferred carry: --phase 1.10 carries out of phases/1.10/ when no phases/1.1 exists (53.075754ms)
✔ deferred carry: --phase 1.10 refuses against a tree holding phases/1.1/, moving nothing (48.035169ms)
✔ deferred carry: --phase 08 refuses against a tree holding phases/8/ (54.754513ms)
✔ deferred list: --phase 1.10 lists phases/1.10/ when no phases/1.1 exists (53.993831ms)
✔ deferred list: --phase 1.10 refuses against a tree holding phases/1.1/ (50.472576ms)
✔ deferred list: --phase 08 refuses against a tree holding phases/8/ (50.627763ms)
✔ trace append: --phase 1.10 appends when no phases/1.1 exists (59.629248ms)
✔ trace append: --phase 1.10 refuses against a tree holding phases/1.1/, appending nothing (53.559563ms)
✔ trace close: the same body, so it refuses on the same tree (54.401652ms)
✔ capture: --phase 1.10 still writes the tag (phase 1.10) on a tree holding phases/1.1/ (55.347893ms)
✔ trace render: --phase 1.10 still renders on a tree holding phases/1.1/ (110.127022ms)
✔ census: every phase-argument callsite under planning/ carries a disposition (5.303842ms)
✔ census: every path-resolving callsite actually calls its check (4.615788ms)
✔ requirePlanKey: the stated table (5.150327ms)
✔ an accepted key comes back VERBATIM, never normalized (0.132264ms)
✔ a refusal carries no value at all (0.500523ms)
✔ risk-check run: a fix-pass key is RECORDED, where it answered bad-args (96.704171ms)
✔ risk-check status: a 1-fix bracket is satisfiable - record, then fire receipt (376.743425ms)
✔ risk-check status: a bracketed key the grammar REFUSES is malformed, not missing (61.926342ms)
✔ risk-check status: a bracket with NO plan at all is still required (69.960216ms)
✔ every spelling in the table is accepted by BOTH faces or refused by BOTH (1351.649835ms)
✔ adjudication: the record lands beside the sibling REVIEW discriminator (AC1) (135.047848ms)
✔ adjudication: every entry carries full 40-char ids from a 7-char base and a literal HEAD (AC2) (116.662993ms)
✔ adjudication: a payload whose ruling paraphrases the claim is refused, no file written (AC2) (108.040938ms)
✔ adjudication: a --discriminator spelled "../escaped" is refused with NO file created (100.591988ms)
✔ adjudication: a --discriminator spelled "sub/plan-1" is refused with NO file created (102.891488ms)
✔ adjudication: a --discriminator spelled "plan-1.json" is refused with NO file created (100.484298ms)
✔ adjudication: a --discriminator spelled "." is refused with NO file created (100.647322ms)
✔ adjudication: a --discriminator spelled "-plan-1" is refused with NO file created (105.17999ms)
✔ adjudication: a --trigger carrying a path separator is refused the same way (101.659187ms)
✔ adjudication: an unresolvable --head is refused with no file created (110.117398ms)
✔ adjudication: a re-arm passes --round 2 and round one survives byte for byte (190.621913ms)
✔ adjudication: a second fire that forgot --round is REFUSED, not merged and not overwritten (176.169213ms)
✔ adjudication: a phase directory that does not exist is refused rather than minted (110.727517ms)
✔ adjudication: --task lands the record in the task's own home (GH-227) (115.363093ms)
✔ adjudication: a task fire's record NAMES its slug in the body (D-07) (113.538093ms)
✔ adjudication: a phase fire's record carries NO task key - absent, never empty (D-07) (113.565626ms)
✔ adjudication: --task naming no directory is refused by that name, not as a phase (106.188536ms)
✔ adjudication: --task never falls back to a phase home that does exist (101.430373ms)
✔ adjudication: a --task that could reach outside its own home is refused (284.635582ms)
✔ adjudication: --phase 0 without --task is refused, even where phases/0 exists (107.9124ms)
✔ adjudication: --task beside a REAL phase is refused, the converse of the guard above (D-08) (94.881433ms)
✔ adjudication: both legitimate directions still pass on that same tree (D-08) (180.352394ms)
✔ adjudication: a SYMLINKED tasks/ is refused, not followed out of the tree (123.225261ms)
✔ adjudication: a SYMLINKED phases/ is refused the same way (118.834165ms)
✔ adjudication: without --task the two phase homes resolve exactly as before (99.335159ms)
✔ adjudication: an absent --payload is bad-args, never a read of stdin (96.098884ms)
✔ adjudication: a payload file that was never written is no-payload, not a record (95.450346ms)
✔ adjudication: --round 0 and a non-numeric round are refused (152.948994ms)
✔ adjudication: a citation absent at head is MARKED and still stored, the present one is not (AC5) (105.241906ms)
✔ adjudication: a citation pointing outside the repository is marked, never a crash (AC5) (109.437676ms)
✔ risk-check status: a `deferral` receipt settles the range it names (290.309321ms)
✔ risk-check status: the acceptance is FIRE_RECEIPTS membership, not any outcome event (267.318741ms)
✔ GH-159: a blocking fire whose highest finding is a survived MEDIUM settles end to end (380.409006ms)
✔ RSK-08: both refusals land where they are stated, over a mixed-ruling fixture end to end (422.252449ms)
✔ RSK-08: a REASONLESS receipt over a record holding a cleared halt is refused (325.196772ms)
✔ LND-02: a cleared halt that ALSO names a fix commit takes a reasonless receipt (339.322641ms)
✔ RSK-08: a FIGURELESS receipt cannot settle the range at all (406.740416ms)
✔ RSK-08: the guard cannot be discharged by dropping one settled figure (267.141308ms)
✔ RSK-08: an UNREADABLE record over a partial settle line is refused, never passed (292.479513ms)
✔ RSK-08: a record holding NO cleared halt takes a reasonless receipt unchanged (347.574134ms)
✔ an OVERRIDDEN blocking fire settles end to end, with the record present rather than absent (318.755537ms)
✔ D-04: a WRONG count on a task settlement is refused, exactly as under a phase (177.391126ms)
✔ D-04: the figures the seam returned settle the same task fire (164.565424ms)
✔ D-04: the recount does NOT widen to deferred/<N>/, which keeps its stated posture (153.057602ms)
✔ D-01: a receipt naming the earlier window settles the fire that ran in it (388.284196ms)
✔ D-01: the IDENTICAL receipt without --anchor leaves that range unfired (360.50807ms)
✔ D-03: one authorization id does NOT let a receipt settle a second range (487.178066ms)
✔ audit: traces every break kind, orphans, and deferred (51.583313ms)
✔ audit: a colon-aligned separator row is not a requirement (#41.1) (105.569901ms)
✔ audit: rows under a ## section AFTER Traceability are not requirements (#41.2) (101.522044ms)
✔ audit: a block-YAML requirements list reads as ids, not zero (#48.1) (56.162583ms)
✔ audit: the inline requirements form with a bracketed trailing comment still reads exactly two ids (52.435804ms)
✔ audit: a comment-only requirements: value falls through to a block list surviving a heading comment, a splitting comment, and a blank line (53.31763ms)
✔ audit: a no-space `#TODO` comment on the key line still falls through to the block list (55.020977ms)
✔ audit: a quoted scalar requirements: value reads as the single id (55.372612ms)
✔ audit: an unpicked ## Active id BREAKS at zero rows - the additive shape is reversed (55.554964ms)
✔ audit: unseeded reports no_active_section: true when the ## Active heading itself is absent (54.452793ms)
✔ audit: a tree with rows and no ## Active heading gains no unpicked break (50.030868ms)
✔ audit: the partially-planned state - a row for AUD-01, none for AUD-02, so AUD-02 breaks and the verdict FAILs (53.808905ms)
✔ audit: a ## Deferred id is excluded by SECTION PLACEMENT, and a Deferred-status row is never unpicked (58.361753ms)
✔ audit: an ## Active id that is not id-shaped can never reach the arithmetic, at zero rows either (53.951389ms)
✔ audit: a digit-leading category with a letter in it reaches the arithmetic (PRS-02) (57.778139ms)
✔ audit: a category with NO letter at all is still a phantom, reported and never counted (56.829242ms)
✔ audit: a v1.3.1-shaped ## Active table is reported in active_issues - and its ids stay invisible to the break (52.511177ms)
✔ audit: a prose bold bullet in ## Active is REPORTED, never a break - the phantom-id upgrade pin (49.484304ms)
✔ audit: a colon INSIDE the bold span reports, and is never normalized into the id it resembles (53.06435ms)
✔ audit: a doc version a tag already carries, with the cycle still open, emits version_drift (67.290034ms)
✔ audit: the SAME tagged version with every phase complete is the interrupted close, not drift (58.445471ms)
✔ audit: a phase whose checklist holds only a blocked item does not hold the cycle open (64.213185ms)
✔ audit: one still-answerable item beside a blocked one keeps the cycle open (63.691071ms)
✔ audit: a doc version that merely SORTS BELOW the newest tag is not drift - membership, not order (59.272973ms)
✔ audit: no git repo at all leaves the envelope unchanged - no tags is no evidence, never a failure (49.948777ms)
✔ audit: with no ### Active version, the ROADMAP title supplies the comparand (56.77614ms)
✔ audit: the v2.4.0 state of this repo (issue #87) fires - the regression pin FRI-03 exists for (55.494194ms)
✔ audit: a phase rolled forward - every row Deferred - does not hold the cycle open (58.643331ms)
✔ audit: the same phase with its rows still Pending keeps the gate armed (57.662295ms)
✔ audit: an enclosing repository's tags are not this project's (TAG-01) (59.931218ms)
✔ audit: a LINKED WORKTREE still reads its own repository's tags (TAG-01) (61.625087ms)
✔ seed-reqs: a v1.3.1-shaped ## Active table leaves its envelope unchanged - the delegation did not leak into the writer (49.859286ms)
✔ audit + plan-overlap: a PLAN-gaps.md is reported as nonconforming_plans; PLAN-2.md is not, overlaps unchanged (97.069051ms)
✔ plan-overlap: a phase with no directory still returns no-phase-dir, exit 1 (regression pin across the listPlanFiles refactor) (48.659185ms)
✔ audit: a roadmap phase with no directory is still treated as unplanned, ok:true (regression pin across the listPlanFiles refactor) (48.756583ms)
✔ audit: missing REQUIREMENTS or ROADMAP degrades with named reasons (106.189383ms)
✔ capture-check: a freshly created queue is zero, unannotated and archive-free (55.801237ms)
✔ capture-check: the annotated bullets and the archived section are all named (55.430474ms)
✔ capture-check: an absent CAPTURE.md is an EMPTY queue, never a failure (54.142326ms)
✔ capture-check: a PRESENT but unreadable queue refuses, and says what it is not claiming (52.510207ms)
✔ capture-check: a VALUELESS --file is bad-args, never silently the --dir default (48.089722ms)
✔ capture-check: a queue over its bound is REPORTED, with both numbers, and refuses nothing (52.856872ms)
✔ capture-check: the same tree under a bound of 4 reports no crossing (51.510411ms)
✔ capture-check: a torn config layer rides the envelope rather than silently defaulting (52.249804ms)
✔ capture-sections: every section is named with its count and its walk membership (53.782762ms)
✔ capture-sections: a bullet appended to an out-of-walk section raises THAT count and no other (AC4) (109.935984ms)
✔ capture-sections: an absent CAPTURE.md is ok:true with no sections, never a failure (50.789926ms)
✔ capture-sections: a VALUELESS --file is bad-args, never silently the --dir default (52.700821ms)
✔ cite-count: the envelope names both sides per item, with the unjoinable arms marked (54.363559ms)
✔ cite-count: the queried phase's own rows are dropped and archived same-numbered ones are kept (48.911102ms)
✔ cite-count: two runs over an unchanged plan and payload are byte-identical (114.07699ms)
✔ cite-count: the run records no lifecycle/dispatch - it is a reader, not a subagent (50.634266ms)
✔ cite-count: memory.backend none is a third state, and needs no payload (145.976579ms)
✔ cite-count: the count records itself, under the phase's own correlation id (45.428793ms)
✔ cite-count: a record that refuses the write moves no figure (106.195339ms)
✔ cite-count: three runs are told apart by their records alone (147.658043ms)
✔ criteria-coverage: phase 6 shipped fieldless beside declared ids - ONE break, no exemption (51.175457ms)
✔ criteria-coverage: the synthesized fixture breaks on exactly the two dropped ids (51.512606ms)
✔ criteria-coverage: the same fixture with all 14 items returns zero breaks (61.465791ms)
✔ criteria-coverage: an item with neither criterion nor origin is untraced, never a break (50.487082ms)
✔ criteria-coverage: origin verifier and smoke exempt an item from untraced entirely (51.729733ms)
✔ criteria-coverage: origin criterion with no id is STILL untraced - it names nothing (47.811907ms)
✔ criteria-coverage: a fieldless checklist beside declared ids breaks, it does not exempt (44.944963ms)
✔ criteria-coverage: an UNCHECKED box does not suppress the fieldless-checklist break (47.301185ms)
✔ criteria-coverage: fields_version present and NO criterion, NO origin is NOT legacy (48.46287ms)
✔ criteria-coverage: the phase-3 shape (marker, 7 criterion, 0 origin) is not legacy and does not break (54.379149ms)
✔ criteria-coverage: a marked checklist whose links are intact is unaffected by the marker (49.295171ms)
✔ criteria-coverage: legacy still applies when the CONTEXT declares no AC ids (48.773697ms)
✔ criteria-coverage: legacy applies with no acceptance-criteria heading at all (53.850262ms)
✔ criteria-coverage: a near-miss criteria heading takes the break arm, not the exemption (48.13547ms)
✔ criteria-coverage: a missing colon is a DECLARED id - the fieldless checklist beside it breaks, it does not exempt (49.468323ms)
✔ criteria-coverage: emphasis around the id is a DECLARED id - the fieldless checklist beside it breaks, it does not exempt (50.578827ms)
✔ criteria-coverage: an indented criterion bullet is a DECLARED id - the fieldless checklist beside it breaks, it does not exempt (46.55123ms)
✔ criteria-coverage: an unboxed bullet is a DECLARED id - the fieldless checklist beside it breaks, it does not exempt (54.634559ms)
✔ criteria-coverage: a non-dash marker is a DECLARED id - the fieldless checklist beside it breaks, it does not exempt (51.456826ms)
✔ criteria-coverage: a criterion written as a heading is a DECLARED id - the fieldless checklist beside it breaks, it does not exempt (46.633779ms)
✔ criteria-coverage: an ordered list item is a DECLARED id - the fieldless checklist beside it breaks, it does not exempt (52.494001ms)
✔ criteria-coverage: a bullet whose PROSE names an id declares nothing - still legacy (47.235196ms)
✔ criteria-coverage: no criterion but at least one origin is NOT legacy - every criterion breaks (51.561116ms)
✔ criteria-coverage: an EMPTY checklist is not legacy - the drop itself, every criterion breaks (46.625664ms)
✔ criteria-coverage: an unchecked roadmap box counts uncovered but contributes no break (47.748172ms)
✔ criteria-coverage: an absent CONTEXT.md leaves the phase out of the envelope, ok:true (49.802885ms)
✔ criteria-coverage: a CHECKED phase with criteria and no UAT.md breaks as missing-uat (51.742115ms)
✔ criteria-coverage: an UNCHECKED phase with no UAT.md counts uncovered but never breaks (48.706516ms)
✔ criteria-coverage: a phase with no CONTEXT and no UAT is still exempt - the pruned case (52.891325ms)
✔ criteria-coverage: a CONTEXT.md at chmod 000 breaks instead of being exempted (48.667691ms)
✔ criteria-coverage: a CONTEXT.md that is a DIRECTORY takes the same break (48.689403ms)
✔ criteria-coverage: an UNCHECKED phase with an unreadable CONTEXT still breaks (47.659793ms)
✔ criteria-coverage: a near-miss criteria heading is reported, not silent (49.159899ms)
✔ criteria-coverage: a CONTEXT of bare bullets surfaces criterion-unidded, additively (52.320698ms)
✔ criteria-coverage: a criterion value naming no declared id reports unknown_criterion (49.817623ms)
✔ criteria-coverage: the counts identity holds across a mixed tree (53.488171ms)
✔ criteria-coverage: every run states the plugin version and the UAT fields version (47.351288ms)
✔ criteria-coverage: CADENCE_PLUGIN_MANIFEST pins the version the run reports (50.72212ms)
✔ criteria-coverage: an unreadable manifest reports version.plugin null, never a throw (48.967235ms)
✔ criteria-coverage: CADENCE_PLUGIN_MANIFEST without the sentinel is ignored (107.543843ms)
✔ criteria-coverage: an absent ROADMAP.md degrades with no-roadmap (53.043877ms)
✔ criteria-size: under the floor and over the ceiling are both named, heading `**Success Criteria:**` (52.854998ms)
✔ criteria-size: under the floor and over the ceiling are both named, heading `Success criteria:` (54.954106ms)
✔ criteria-size: an absent CONTEXT.md is not-found, never compared, and never a pass (51.931702ms)
✔ criteria-size: a CONTEXT that declared its criteria IS compared, both bounds (54.350745ms)
✔ criteria-size: no ceiling flags compares nothing and reports within: null (50.42823ms)
✔ criteria-size: a phase with no criteria heading is not-found, and a floor never fires on it (50.917841ms)
✔ criteria-size: a non-integer bound is bad-args, never a coerced comparison (90.897955ms)
✔ plan-overlap: block-form files: lists intersect like inline ones (#48.1) (48.155168ms)
✔ plan-overlap: a comment line inside each files: block list does not truncate it - both share src/shared.rs (D-04 acceptance criterion) (47.550163ms)
✔ audit + plan-overlap: a stray line BETWEEN two block ids is reported and skipped, not a terminator (152.070611ms)
✔ audit + plan-overlap: the frontmatter_issues diagnostic is not key-scoped (150.989377ms)
✔ cursor get: parses the canonical schema; missing file is no-cursor (100.792587ms)
✔ cursor get: malformed STATE.md degrades to unparseable-cursor (48.939937ms)
✔ cursor set: falls back to the existing cursor when ROADMAP is absent (44.00802ms)
✔ cursor set: a --phase spelling that cannot round-trip is refused, STATE.md untouched (D-07) (234.827235ms)
✔ cursor set: derives name/total from ROADMAP, stamps today, writes 4 lines (54.800671ms)
✔ cursor set: derives `of 0 (no active cycle)` from a pruned roadmap, with no --name/--total (51.897746ms)
✔ cursor set: the closed cursor it writes round-trips through cursor get, never unparseable-cursor (95.485596ms)
✔ cursor set: the closed arm beats the prior cursor, so a stale total is not inherited (48.674314ms)
✔ cursor set: --status paused preserves a non-zero prior total, so a pause cannot erase the interrupted-close evidence (108.057868ms)
✔ cursor set: paused preserves nothing when the prior cursor names a different phase (51.754668ms)
✔ cursor set: every non-paused status still derives of 0 against a stale prior cursor (195.143955ms)
✔ cursor set: an out-of-grammar roadmap is broken, not closed - still cannot-derive (50.917949ms)
✔ cursor set: rejects a status outside the lifecycle (50.149421ms)
✔ cursor set: a non-integer --total is bad-args and writes nothing (#42) (96.933199ms)
✔ cursor set: --total -2 is bad-args and leaves a readable cursor (142.494676ms)
✔ cursor set: --total 1e21 is bad-args and leaves a readable cursor (136.597102ms)
✔ cursor set: --total 1.5 is bad-args and leaves a readable cursor (142.005592ms)
✔ cursor set: --phase -1 is bad-args and leaves a readable cursor (145.230512ms)
✔ cursor set: --phase 1e21 is bad-args and leaves a readable cursor (160.920119ms)
✔ cursor set: a decimal phase insertion (2.1) is still accepted (101.27199ms)
✔ cursor set: no ROADMAP and no flags cannot derive (54.85989ms)
✔ cursor set: --next-file writes the STATE.md the inline value writes (163.475545ms)
✔ cursor set: a --next-file value no shell could expand lands verbatim (113.388505ms)
✔ cursor set: a TWO-LINE --next-file is bad-args - the cursor is four lines (165.596134ms)
✔ cursor set: every --next-file refusal is bad-args, STATE.md byte-unchanged (332.87977ms)
✔ usage: unknown subcommand degrades, never crashes (52.610952ms)
✔ debt-harvest: a planted marker is collected with its ceiling and trigger (63.029058ms)
✔ debt-harvest: the 19 conventional markers contribute NOTHING (AC5) (55.579187ms)
✔ debt-harvest: an untracked file and an ignored node_modules contribute nothing (AC5) (54.55582ms)
✔ debt-harvest: a FORCE-ADDED node_modules file is enumerated and still skipped (57.170819ms)
✔ debt-harvest: running twice leaves CAPTURE.md byte-identical (AC6) (108.728983ms)
✔ debt-harvest: ## Todos is never touched, and a deleted marker disappears (AC6) (109.322484ms)
✔ debt-harvest: a fenced ## line in someone else's bullet is never touched (D-12) (60.327932ms)
✔ debt-harvest: the section bound reads a fence, so stale debris cannot survive (D-12) (56.766702ms)
✔ debt-harvest: a FENCED example of the owned heading is not mistaken for it (62.474829ms)
✔ debt-harvest: a TRACKED CAPTURE.md already holding a section stays idempotent (113.085106ms)
✔ debt-harvest: a malformed marker is reported, never dropped (56.29919ms)
✔ debt-harvest: a tracked SYMLINK out of the tree contributes nothing (57.421429ms)
✔ debt-harvest: a non-git root is ok:false, never a zero-marker answer (46.105133ms)
✔ debt-harvest: a --root present with nothing usable is refused, never the cwd (95.24943ms)
✔ debt-harvest: an absent CAPTURE.md is created with the /cad-capture headings (57.300236ms)
✔ debt-harvest: a planning doc QUOTING a literal marker is not harvested (55.212641ms)
✔ deferred record: the member lands beside the sibling REVIEW discriminator (104.582787ms)
✔ deferred record: a second call refuses instead of overwriting the queue member (211.638802ms)
✔ deferred record: --trigger and --discriminator are refused by the FILENAME rule (249.576308ms)
✔ deferred record: a malformed finding is refused in buildEntries own words (154.40792ms)
✔ deferred record: an absent phase directory is refused, never minted (115.264769ms)
✔ deferred list: a member is queued until its ADJUDICATION sibling is beside it (267.913386ms)
✔ deferred list: a round 2 member is superseded by round 2 and by nothing else (267.669236ms)
✔ deferred list: both homes are read, and --phase narrows to one (212.89414ms)
✔ deferred list: an unreadable directory refuses instead of reporting an empty queue (100.98576ms)
✔ deferred list: a member that cannot be read lands on the same refusing list (117.170299ms)
✔ deferred list: an ADJUDICATION symlink does not settle a member (163.908518ms)
✔ status: the deferred block is on EVERY envelope, off the same derivation (230.38983ms)
✔ status: an unreadable queue rides the envelope without failing the status (52.722939ms)
✔ deferred carry: the unadjudicated members move, the settled ones are pruned with the phase (162.39192ms)
✔ deferred carry: a destination that already exists refuses, and moves NOTHING (231.624055ms)
✔ deferred carry: an unreadable phase refuses BEFORE the prune deletes it (108.632554ms)
✔ deferred carry: a symlink squatting the destination is refused, never followed (113.922118ms)
✔ deferred carry: a symlink squatting the PARENT is refused too (115.61878ms)
✔ deferred carry: a phase with nothing queued is an answer, not a refusal (117.226143ms)
✔ adjudication + deferred record: a carried fire resolves its home in deferred/<N>/ (359.962037ms)
✔ adjudication + deferred record: the live phase directory still wins (197.469304ms)
✔ adjudication + deferred record: with NEITHER home present the refusal names both (171.562715ms)
✔ adjudication + deferred record: a symlink at the carried home is refused, never followed (114.58073ms)
✔ detect-commands: a package.json lint script is the command (51.667141ms)
✔ detect-commands: both package.json typecheck spellings (97.522854ms)
✔ detect-commands: Cargo.toml answers both slots (51.431627ms)
✔ detect-commands: pyproject.toml answers per TABLE, not per file (148.596162ms)
✔ detect-commands: go.mod answers both slots (49.393498ms)
✔ detect-commands: an eslint config, flat or legacy, is the last lint arm (99.435923ms)
✔ detect-commands: the project's own script beats a tool config in the same tree (49.051079ms)
✔ detect-commands: two EXACT tsconfig names, each with the form that points at it (101.923658ms)
✔ detect-commands: a tree carrying BOTH tsconfigs answers with the project's own (51.292009ms)
✔ detect-commands: a NEAR-miss tsconfig name still matches nothing (51.731204ms)
✔ detect-commands: nothing detected is ok:true with both null (45.787301ms)
✔ detect-commands: a malformed package.json warns and contributes nothing (49.560058ms)
✔ detect-commands: a malformed package.json does not block a later arm (52.388709ms)
✔ detect-commands: a scripts block that is not an object is not read as one (50.118903ms)
✔ detect-commands: the root is read one directory deep, never recursively (49.735775ms)
✔ detect-commands: an unlistable root is ok:false, never a silent nothing (48.997153ms)
✔ detect-commands: an unreachable winning arm nulls its slot and never falls through (48.205471ms)
✔ detect-commands: an npx arm probes the DELEGATED tool, not the driver alone (95.550485ms)
✔ detect-commands: the LIVE probe resolves a delegated tool out of node_modules/.bin (51.622593ms)
✔ detect-commands: an EMPTY reachable set means nothing is reachable (49.380501ms)
✔ detect-commands: the reachable set WITHOUT the sentinel is ignored (49.953553ms)
✔ detect-commands: --root with nothing after it is bad-args, not answered about cwd (54.889126ms)
✔ detect-commands: an empty --root "" is bad-args, not answered about cwd (52.901433ms)
✔ detect-commands: a whitespace-only --root is bad-args, not answered about cwd (52.976918ms)
✔ detect-surfaces: --root with nothing after it is bad-args, not answered about cwd (60.616803ms)
✔ detect-surfaces: an empty --root "" is bad-args, not answered about cwd (62.684078ms)
✔ detect-surfaces: a whitespace-only --root is bad-args, not answered about cwd (53.26896ms)
✔ detect-commands: a real --root still answers about THAT tree (60.200793ms)
✔ detect-surfaces: a real --root still answers about THAT tree (51.170663ms)
✔ grammar: template requirements: [] with its trailing comment (3.424246ms)
✔ grammar: template files: [] with its trailing comment (0.155469ms)
✔ grammar: inline quoted (0.201908ms)
✔ grammar: inline unquoted (0.133416ms)
✔ grammar: inline with a bracketed trailing comment (0.087618ms)
✔ grammar: inline mixing a quoted #-shaped id with an unquoted one (0.087508ms)
✔ grammar: unterminated inline list (no closing bracket) (0.096997ms)
✔ grammar: trailing content after the closing bracket (0.063843ms)
✔ grammar: a two-space block list (0.141162ms)
✔ grammar: a block list with a comment heading it (0.144408ms)
✔ grammar: a comment splitting a block list (0.096225ms)
✔ grammar: a blank line inside a block list (0.048393ms)
✔ grammar: termination at the next key line (0.043945ms)
✔ grammar: termination at the closing fence (0.026982ms)
✔ grammar: a block item that is entirely a comment (0.026301ms)
✔ grammar: a block item `- "#41"` (0.027252ms)
✔ grammar: a bare `-` item (0.025318ms)
✔ grammar: a quoted scalar (0.028274ms)
✔ grammar: an unquoted scalar (0.030148ms)
✔ grammar: a key line whose remainder is entirely a `# ` comment (0.026551ms)
✔ grammar: the #TODO no-space comment form (0.027373ms)
✔ grammar: a whole-file CRLF variant (0.034547ms)
✔ grammar: a leading blank line before the fence (0.037753ms)
✔ grammar: a BOM before the fence (0.100053ms)
✔ grammar: an unterminated fence (0.049325ms)
✔ grammar: a missing key (0.039146ms)
✔ grammar: a file with no frontmatter at all (0.039696ms)
✔ grammar: a prose requirements: line below the closing fence contributes nothing (0.028826ms)
✔ grammar: unterminated quote INLINE (an apostrophe with no closing quote) (0.026701ms)
✔ grammar: unterminated quote as a SCALAR (0.022864ms)
✔ grammar: unterminated quote as a BLOCK ITEM (0.020319ms)
✔ grammar: a stray line BETWEEN two block items - both survive, plus one issue (0.038514ms)
✔ grammar: a stray line between two inline keys - items unaffected, issue still reported (0.033013ms)
✔ grammar: a quoted block item with a trailing annotation (0.039286ms)
✔ grammar: an unquoted block item with a trailing annotation (D-18 symmetry) (0.130581ms)
✔ grammar: a quoted #-shaped block item with stray trailing content (0.52494ms)
✔ grammar: a quoted #-shaped scalar with stray trailing content (0.048904ms)
✔ grammar: an inline list element with stray trailing content dedupes to one issue (0.044305ms)
✔ grammar: an apostrophe inside a double-quoted value is in the grammar - no residual-quote (0.033845ms)
✔ grammar: a one-element backslash escape is detected, not silently fabricated (D-20) (0.023425ms)
✔ grammar: an unquoted value containing either quote character (D-20) (0.024537ms)
✔ grammar: the D-20 two-element escape case reports both codes on the one fabricated fragment (0.025018ms)
✔ grammar: a backtick-WRAPPED value is reported, payload kept byte-exact (UAT-21) (0.023274ms)
✔ grammar: a backtick INSIDE a value is a legal path character - no diagnostic (UAT-21 over-fire guard) (0.026882ms)
✔ grammar: a half-wrapped value (leading backtick only) is reported (UAT-21) (0.023635ms)
✔ grammar: a half-wrapped value (trailing backtick only) is reported (UAT-21) (0.02113ms)
✔ grammar: a backtick wrap followed by punctuation is reported (UAT-21) (0.020319ms)
✔ grammar: a backtick-wrapped id survives the # rule as a lone backtick and is reported, not minted silently (UAT-21) (0.024858ms)
✔ grammar: a backtick-wrapped path containing a space reports both its codes (UAT-21) (0.031701ms)
✔ grammar: a bare `-` with no trailing whitespace is not an item - unknown-line (UAT-12) (0.022674ms)
✔ grammar: a `- ` with a trailing space is an empty item - contributes nothing, no issue (UAT-12) (0.020139ms)
✔ grammar: a `-` followed by a TAB is an empty item too - any whitespace serves (UAT-12) (0.023836ms)
✔ grammar: a dash followed directly by non-whitespace is not an item either - unknown-line (UAT-12) (0.024497ms)
✔ grammar: items under an inline [] key report item-without-key, one per line (0.035378ms)
✔ grammar: a block item with no key at all (0.030118ms)
✔ grammar: a non-empty inline list key followed by a block item still opens no block (0.028936ms)
✔ grammar: a no-space key line is malformed-key-line, not silently parsed or unknown-line (0.020509ms)
✔ grammar: a commented-out key line folds the next key's items into the previous key (D-14 accepted cost), pinned exactly (0.024928ms)
✔ grammar: an ordinary prose comment that happens to be key-shaped reports commented-key-line too, accepted noise (0.022143ms)
✔ grammar: a column-0 bare URL is malformed-key-line, never parsed as key http value //example.com (0.022113ms)
✔ grammar: a comment-only line that is NOT key-shaped does not over-fire commented-key-line (0.021893ms)
✔ grammar: a backtick-wrapped goal: scalar raises nothing on a files: read (0.041701ms)
✔ grammar: the same defect under files: itself still reports, on the same read (0.024397ms)
✔ grammar: a value-level defect owned by requirements: still reaches a files: read (0.021682ms)
✔ grammar: a structural unknown-line inside requirements: still appears on a files: read (0.022743ms)
✔ grammar: an unterminated quote under goal: is scoped away, not reported to a files: read (0.024297ms)
✔ grammar: the two bracket-level codes are not gated: goal: keeps reporting them (0.029978ms)
✔ grammar: an item with no block key open reports item-without-key even when its value-level code is scoped away (0.038094ms)
✔ planning-files: unknown-line issue carries the correct line number and text (0.091075ms)
✔ planning-files: malformed-key-line issue carries the correct line number and text (0.048263ms)
✔ planning-files: unterminated-frontmatter issue carries the opening fence line number (0.04649ms)
✔ planning-files: the shipped templates/PLAN.md frontmatter reads empty and clean (0.141573ms)
✔ planning-files: a path added under the template's bare files: block key is read, not dropped (0.220774ms)
✔ parsePlanFiles: bold reports markdown-decorated-path (0.382616ms)
✔ parsePlanFiles: underscore bold reports markdown-decorated-path (0.085955ms)
✔ parsePlanFiles: asterisk italic reports markdown-decorated-path (0.050788ms)
✔ parsePlanFiles: underscore italic reports markdown-decorated-path (0.040928ms)
✔ parsePlanFiles: autolink reports markdown-decorated-path (0.036219ms)
✔ parsePlanFiles: bare bracket wrap reports markdown-decorated-path (0.047111ms)
✔ parsePlanFiles: link form reports markdown-decorated-path (0.060096ms)
✔ parsePlanFiles: matched interior backtick pair reports markdown-decorated-path (0.060707ms)
✔ parsePlanFiles: plain path does not report markdown-decorated-path (0.035027ms)
✔ parsePlanFiles: one interior backtick does not report markdown-decorated-path (0.036029ms)
✔ parsePlanFiles: leading underscore only does not report markdown-decorated-path (0.032492ms)
✔ parsePlanFiles: trailing underscore only does not report markdown-decorated-path (0.027533ms)
✔ parsePlanFiles: interior underscores does not report markdown-decorated-path (0.027974ms)
✔ parsePlanFiles: unmatched bracket does not report markdown-decorated-path (0.027873ms)
✔ parsePlanFiles: every decorated shape survives in files byte-exact beside its diagnostic (0.136362ms)
✔ parsePlanFiles: a backtick-WRAPPED path reports the boundary code alone, not decoration too (0.088199ms)
✔ parsePlanFiles: the decoration rule does not reach the - **Files:** task arm (D-06) (0.177502ms)
✔ normalize: CRLF to LF (0.072961ms)
✔ normalize: a lone CR to LF (0.023415ms)
✔ normalize: a BOM is stripped (0.020329ms)
✔ normalize: plain LF text is returned unchanged (0.017363ms)
✔ phase-list: a single canonical entry (0.400771ms)
✔ phase-list: several canonical entries mixing checked and unchecked boxes (0.070115ms)
✔ phase-list: a decimal insertion sorts between its neighbours (0.066588ms)
✔ phase-list: a CRLF checkout parses live, not as a near-miss scan (0.040999ms)
✔ phase-list: canonical entries plus their ### Phase N: details report no issues (the checkbox list is the phase set) (0.03126ms)
✔ phase-list: an empty ## Phases section is a closed milestone (0.069424ms)
✔ phase-list: ordinary prose carrying no phase token is still closed (0.033715ms)
✔ phase-list: a stray `- [ ] decide scope` bullet carries no number, so it is not a near miss (0.033775ms)
✔ phase-list: a bolded **Phase word with no number is prose, not a near miss (0.034917ms)
✔ phase-list: a fully pruned template-shaped roadmap - empty ## Phases and a bare ## Phase Details heading - is closed (0.027573ms)
✔ phase-list: a roadmap with no ## Phases heading at all (0.024738ms)
✔ phase-list: phase-bullet: `- Phase 1: Ship auth` (no checkbox, no bold) (0.064304ms)
✔ phase-list: phase-bullet: `- ✓ Phase 1: Auth` (a tick instead of a checkbox) (0.230373ms)
✔ phase-list: phase-bullet: `- [ ] Phase 1: Auth` (checkbox, unbolded) (0.046119ms)
✔ phase-list: phase-bullet: `- [ ] **Phase 1 Auth**` (bolded, no colon) (0.027133ms)
✔ phase-list: phase-heading: a ### Phase 1: detail surviving a wiped checkbox list (0.024507ms)
✔ phase-list: phase-heading: `## Phase 12: Auth` written as a section heading (0.023656ms)
✔ phase-list: phase-ordered-item: `1. Phase 1: Auth` (0.058122ms)
✔ phase-list: phase-ordered-item: `1) Phase 1: Auth` (0.038965ms)
✔ phase-list: phase-table-row: `| Phase 1 | Auth |` (0.044235ms)
✔ phase-list: phase-prose-line: the catch-all, so a shape outside the grammar is never silent (0.034927ms)
✔ phase-list: phase-outside-section: a canonical entry under a LATER ## heading (0.026992ms)
✔ phase-list: phase-outside-section beats phase-bullet: the shape tests cannot tell them apart (0.026741ms)
✔ phase-list: a canonical entry INSIDE ## Phases is live, never phase-outside-section (0.040277ms)
✔ phase-list: one issue per line, in line order, across mixed shapes (0.031761ms)
✔ classifyPhaseList: the surviving-detail issue carries its exact line, code and text (0.05693ms)
✔ classifyPhaseList: the shipped templates/ROADMAP.md is no-section, not two phantom phases (0.118829ms)
✔ classifyPhaseList: a fenced example above a real section reads the REAL phases (0.083139ms)
✔ classifyPhaseList: a fenced phase token inside the section raises no issue (0.060467ms)
✔ cutPhaseDetail: a bare `### Phase N:` heading and its body are cut on a CRLF checkout (0.179125ms)
✔ cutPhaseDetail: a named `### Phase N: Name` heading and its body are cut on a CRLF checkout (0.086888ms)
✔ parseRoadmapPhases: a CRLF checkout parses to real phases (0.063011ms)
✔ parseRoadmapPhases: a lone-CR file stays unparseable, so write paths never see it (0.036931ms)
✔ classifyPhaseList: a lone-CR file is no-section, not live (0.029988ms)
✔ setPhaseBox: a CRLF line is flipped in place with its `\r` intact (0.108719ms)
✔ setPhaseBox: a lone-CR file matches nothing - the parse path must not have let it here (0.048904ms)
✔ phaseCriteria: the template spelling `**Success Criteria:**` is counted (0.258226ms)
✔ phaseCriteria: the bare `Success criteria:` spelling reads the same count (0.087558ms)
✔ phaseCriteria: a block with no criteria heading is not-found, never zero (0.066958ms)
✔ phaseCriteria: a phase's block ends at the next heading, so the next phase's criteria are not its own (0.061949ms)
✔ phaseCriteria: a fenced example inside the block does not inflate the count (0.059785ms)
✔ phaseCriteria: a heading that exists only inside a fence is not-found (0.038714ms)
✔ parseActiveIds: a plain bullet (0.366175ms)
✔ parseActiveIds: a checkbox bullet (0.065736ms)
✔ parseActiveIds: an unbolded bullet is ignored, no fallback guess (0.45778ms)
✔ parseActiveIds: a duplicate id is de-duplicated first-occurrence-wins (0.094041ms)
✔ parseActiveIds: an absent ## Active heading returns null, not [] (0.048032ms)
✔ parseActiveIds: a present-but-empty ## Active heading returns [] (0.095294ms)
✔ parseActiveIds: a ## Active-shaped list under a later heading is not read (0.067891ms)
✔ active-section: a plain bold bullet declares its id (0.069183ms)
✔ active-section: an unchecked `- [ ]` bullet declares its id (0.036591ms)
✔ active-section: a checked `- [x]` bullet declares its id (0.03631ms)
✔ active-section: a duplicate id is de-duplicated first-occurrence-wins (0.05713ms)
✔ active-section: an absent ## Active heading is ids null, NOT [] and NOT an issue (0.034296ms)
✔ active-section: a present-but-empty ## Active heading is [] with no issues (0.040688ms)
✔ active-section: an ## Active-shaped list under a LATER ## heading is not read (0.047611ms)
✔ active-section: a CRLF checkout parses its bold bullet with no issue (0.040468ms)
✔ active-section: an indented continuation line naming another id is not an issue (0.109691ms)
✔ active-section: active-non-id-bullet: a prose bold bullet is STILL an id - the sharp edge, reported (0.061779ms)
✔ active-section: active-non-id-bullet: a prose bold bullet naming NO id token at all still reports (0.035849ms)
✔ active-section: active-non-id-bullet: a colon INSIDE the bold span - the id is not normalized, it is reported (0.033284ms)
✔ active-section: active-multi-id-bullet: a second id-shaped bold span is reported, not dropped silently (0.046399ms)
✔ active-section: active-multi-id-bullet: three ids report ONCE for the line, not once per extra span (0.035748ms)
✔ active-section: active-multi-id-bullet: ordinary emphasis is NOT an extra id - nothing is dropped, nothing reported (0.047581ms)
✔ active-section: active-multi-id-bullet: the issue-form `#41` counts as an extra id too (0.055497ms)
✔ active-section: active-non-id-bullet: a bold span carrying the id plus prose (0.051178ms)
✔ active-section: the `#41` issue spelling IS id-shaped in a bold span - no issue (0.038654ms)
✔ active-section: a digit-leading category with a letter in it IS an id - reports nothing (PRS-02) (0.03659ms)
✔ active-section: a category with NO letter at all is still held out and reported (0.040638ms)
✔ active-section: a digit-leading id UNBOLDED is SILENT - REQ_ID_TOKEN keeps its letter head (0.032933ms)
✔ active-section: a non-id bold bullet BESIDE real ones: the real ids parse, only the phantom reports (0.049816ms)
✔ active-section: active-table-row: the v1.3.1 milestone-ask table parses to NO ids and reports every row (0.049135ms)
✔ active-section: active-table-row: that same table BESIDE a real bullet - the id parses AND both rows still report (0.045908ms)
✔ active-section: active-table-row: the `#41` issue-id spelling is an id token too (0.057551ms)
✔ active-section: active-unbolded-bullet: `- AUD-01: text` declares nothing and says so (0.064214ms)
✔ active-section: an unbolded bullet carrying NO id token is ordinary prose, no issue (0.193823ms)
✔ active-section: active-indented-bullet: a BOLDED sub-bullet is unread for its indent, not its bolding (0.074965ms)
✔ active-section: active-indented-bullet: an unbolded indented bullet reports the indent too (0.060587ms)
✔ active-section: active-nondash-bullet: a column-0 `*` bullet is legal GFM the grammar does not read (0.046339ms)
✔ active-section: active-nondash-bullet: a `+` marker reports the same way (0.034627ms)
✔ active-section: active-ordered-item: `1. AUD-01: text` (0.032242ms)
✔ active-section: active-heading: a `### AUTH-01` sub-heading inside the section (0.032392ms)
✔ active-section: active-prose-line: a section authored entirely as prose is never silent (0.066067ms)
✔ active-section: active-prose-line: a CLOSED milestone naming its shipped ids reports NOTHING (0.061288ms)
✔ active-section: active-prose-line: prose naming ONE id the file records nowhere else still reports (0.044406ms)
✔ active-section: active-prose-line: a bullet declaring NO ADMISSIBLE id does not silence the prose line (0.041109ms)
✔ active-section: the SAME prose line beside real bullets reports NOTHING - the intro-paragraph guard (0.037401ms)
✔ active-section: one issue per line, in line order, across mixed shapes (0.037493ms)
✔ classifyActiveSection: the shipped templates/REQUIREMENTS.md declares nothing (0.137675ms)
✔ classifyActiveSection: a fenced example above a real section reads the REAL ids (0.080656ms)
✔ classifyActiveSection: a fenced `## ` inside the section neither ends it nor declares an id (0.063873ms)
✔ acceptance-criteria: the canonical bullet parses to {id, text} (0.350845ms)
✔ acceptance-criteria: a checked `- [x]` bullet is still a criterion (0.307953ms)
✔ acceptance-criteria: a capital `- [X]` checkbox is still a criterion (0.051028ms)
✔ acceptance-criteria: a two-digit id parses as itself (0.051088ms)
✔ acceptance-criteria: several criteria keep presentation order (0.041329ms)
✔ acceptance-criteria: a wrapped criterion joins its continuation lines with one space (0.108088ms)
✔ acceptance-criteria: a continuation line naming another AC<N> reports NOTHING - the silence the rule buys (0.044766ms)
✔ acceptance-criteria: a trailing (human-verify: ...) suffix stays in the text verbatim (D-11) (0.033624ms)
✔ acceptance-criteria: a CRLF checkout parses exactly as its LF twin (0.035859ms)
✔ acceptance-criteria: a lone-CR file parses too - this is a pure reader, so `normalize` applies (D-03) (0.031931ms)
✔ acceptance-criteria: an absent heading is criteria null, NOT [] and NOT an issue (0.080285ms)
✔ acceptance-criteria: criteria-heading-near-miss: a capital C drops the whole section, so it is reported (0.061729ms)
✔ acceptance-criteria: criteria-heading-near-miss: a trailing colon (0.031631ms)
✔ acceptance-criteria: criteria-heading-near-miss: the wrong heading level (0.026881ms)
✔ acceptance-criteria: criteria-heading-near-miss is reported ONCE - the section is singular (0.065125ms)
✔ acceptance-criteria: the exact heading wins over a near-miss elsewhere in the file (0.050106ms)
✔ acceptance-criteria: a present-but-empty heading is [] with no issues (0.019017ms)
✔ acceptance-criteria: a criterion-shaped bullet under a LATER ## heading is not read (0.019608ms)
✔ acceptance-criteria: a criterion-shaped bullet inside a fence is an EXAMPLE, not a criterion (0.031561ms)
✔ acceptance-criteria: an out-of-grammar shape inside a fence reports nothing either (0.019277ms)
✔ acceptance-criteria: a ## line inside a fence does not bound the section (0.03632ms)
✔ acceptance-criteria: a tilde fence closes only on tildes at least as long (0.03106ms)
✔ acceptance-criteria: a fenced heading is not the section heading (0.034937ms)
✔ acceptance-criteria: ordinary prose naming no AC<N> token is silent (0.03659ms)
✔ acceptance-criteria: criterion-unidded: a bare checkbox bullet - the legacy shape, the central diagnostic (0.141613ms)
✔ acceptance-criteria: criterion-unidded fires on a bullet naming NO id token at all (checked before the token gate) (0.043313ms)
✔ acceptance-criteria: criterion-unidded: a bullet whose PROSE names an id is still unidded, not malformed (0.034226ms)
✔ acceptance-criteria: criterion-malformed-id: a second space after the checkbox (a list re-indent) (0.015179ms)
✔ acceptance-criteria: criterion-malformed-id: emphasis around the id token (0.018125ms)
✔ acceptance-criteria: criterion-malformed-id: a lowercase ac1 - the token is case-sensitive (0.014017ms)
✔ acceptance-criteria: criterion-malformed-id: the colon is missing (0.012083ms)
✔ acceptance-criteria: criterion-duplicate-id: the second bullet reusing an id is reported and NOT pushed (0.019287ms)
✔ acceptance-criteria: criterion-empty-text: reported AND still pushed with an empty text (parse-then-diagnose) (0.016552ms)
✔ acceptance-criteria: criterion-unboxed-bullet: no checkbox, so not a criterion (0.01583ms)
✔ acceptance-criteria: criterion-nondash-bullet: legal GFM, but the grammar reads `-` only (0.018005ms)
✔ acceptance-criteria: criterion-indented-bullet: an indented criterion with nothing open (0.013586ms)
✔ acceptance-criteria: criterion-indented-bullet: the continuation exception - an indented AC bullet UNDER an open criterion (0.018105ms)
✔ acceptance-criteria: criterion-ordered-item: a numbered list item (0.025058ms)
✔ acceptance-criteria: criterion-heading: a criterion written as a heading (0.015179ms)
✔ acceptance-criteria: criterion-prose-line: the catch-all - phase 5s own CONTEXT footer (0.014768ms)
✔ acceptance-criteria: one issue per line, in line order, across mixed shapes beside a real criterion (0.019929ms)
✔ classifyAcceptanceCriteria: an issue carries its exact line, code and truncated text (0.064524ms)
✔ acceptance-criteria declaresIds: a parsed criterion declares its id (0.04171ms)
✔ acceptance-criteria declaresIds: a missing colon is still a declaration (0.02618ms)
✔ acceptance-criteria declaresIds: emphasis around the token is still a declaration (0.018456ms)
✔ acceptance-criteria declaresIds: a backticked token is still a declaration, though its code is unidded (0.013125ms)
✔ acceptance-criteria declaresIds: a lowercase ac1 is still a declaration (0.011082ms)
✔ acceptance-criteria declaresIds: a second space after the checkbox is still a declaration (0.011262ms)
✔ acceptance-criteria declaresIds: an indented criterion bullet is still a declaration (0.012303ms)
✔ acceptance-criteria declaresIds: an unboxed bullet is still a declaration (0.011512ms)
✔ acceptance-criteria declaresIds: a non-dash marker is still a declaration (0.013045ms)
✔ acceptance-criteria declaresIds: a criterion written as a heading is still a declaration (0.012665ms)
✔ acceptance-criteria declaresIds: an ordered list item is still a declaration (0.012183ms)
✔ acceptance-criteria declaresIds: a bare `AC1: text` prose line is still a declaration (0.014338ms)
✔ acceptance-criteria declaresIds: bare checkbox bullets declare nothing - the pre-id shape (0.012344ms)
✔ acceptance-criteria declaresIds: a bullet whose PROSE names an id declares nothing - the head is empty (0.011031ms)
✔ acceptance-criteria declaresIds: a prose line mentioning an id mid-sentence declares nothing (0.011642ms)
✔ acceptance-criteria declaresIds: a criterion inside a fence is an EXAMPLE and declares nothing (0.013727ms)
✔ acceptance-criteria declaresIds: a present-but-empty section declares nothing (0.016833ms)
✔ acceptance-criteria declaresIds: an absent heading declares nothing (0.013906ms)
✔ acceptance-criteria declaresIds: a near-miss heading is unknown, never none - its section is never walked (0.016712ms)
✔ acceptance-criteria declaresIds: a near-miss heading is unknown even when nothing under it names an id (0.01547ms)
✔ classifyAcceptanceCriteria: phases 1-4 of this repo read AC1-AC7 with no issues (0.100213ms)
✔ isRequirementId: the whole string and nothing else, in both shipped spellings (0.038274ms)
✔ classifyActiveSection: the v1.3.1 table issues carry their exact line, code and text (0.060797ms)
✔ insertReqRows: insertion into an empty table lands directly under the separator, prose byte-identical after (0.268967ms)
✔ insertReqRows: insertion after existing rows appends below the last one (0.08292ms)
✔ insertReqRows: a re-insert of the same id reports skipped and returns byte-identical text (0.060647ms)
✔ insertReqRows: a differing phase is reported in mismatched, and the row is still skipped (0.041931ms)
✔ insertReqRows: a CRLF fixture gets a CRLF row (0.053593ms)
✔ insertReqRows: a table with no separator returns no-traceability-table, text unchanged (0.078882ms)
✔ traceability: a fenced-only heading is not the section - no rows are parsed (0.061759ms)
✔ traceability: a fenced-only heading is not written to - setReqStatus returns byte-identical text (0.116093ms)
✔ traceability: a fenced-only heading is no-traceability-table - the table is never fabricated (0.042201ms)
✔ traceability: with a real section below the fence, only the real rows parse (0.0368ms)
✔ traceability: setReqStatus writes the real row and leaves the fenced example alone (0.111074ms)
✔ traceability: insertReqRows lands under the REAL separator, below the real last row (0.07835ms)
✔ traceability: a fenced `## ` inside the section does not end it (0.074063ms)
✔ atomicWrite: a DIRECTORY squatting <file>.tmp does not stop the write (0.268977ms)
✔ atomicWrite: two concurrent writers of one target land one payload whole (88.918853ms)
✔ atomicWrite: a symlink at every candidate temp path is refused, nothing written through it (1.327022ms)
✔ atomicWrite: the audit's <file>.tmp reproduction writes nothing outside the tree (0.232868ms)
✔ capture-tag: (phase N) (0.476026ms)
✔ capture-tag: (phase N) behind an unchecked box (0.135521ms)
✔ capture-tag: (phase N) behind a checked box (0.07792ms)
✔ capture-tag: (phase N.M) (0.075886ms)
✔ capture-tag: (phase N.M) behind an unchecked box (0.056068ms)
✔ capture-tag: (phase N.M) behind a checked box (0.037903ms)
✔ capture-tag: (vX.Y.Z phase N) (0.032993ms)
✔ capture-tag: (vX.Y.Z phase N) behind an unchecked box (0.030569ms)
✔ capture-tag: (vX.Y.Z phase N) behind a checked box (0.03108ms)
✔ capture-tag: (phase N, label) (0.03683ms)
✔ capture-tag: (phase N, label) behind an unchecked box (0.031882ms)
✔ capture-tag: (phase N, label) behind a checked box (0.027703ms)
✔ capture-tag: (vX.Y.Z phase N, label) (0.029677ms)
✔ capture-tag: (vX.Y.Z phase N, label) behind an unchecked box (0.449675ms)
✔ capture-tag: (vX.Y.Z phase N, label) behind a checked box (0.062601ms)
✔ capture-tag: (cadence-wide) is a scope marker, not a tag (0.054114ms)
✔ capture-tag: (tooling) is a scope marker, not a tag (0.042231ms)
✔ capture-tag: (vX.Y.Z close) names a milestone, not a phase (0.036029ms)
✔ capture-tag: (Phase N) capitalized is not the tag (0.028324ms)
✔ capture-tag: (phase) with no number (0.027884ms)
✔ capture-tag: (phase two) with a non-numeric phase (0.032713ms)
✔ capture-tag: a tag-shaped parenthetical that is not at the head (0.034727ms)
✔ capture-tag: an unclosed (phase 2 (0.03657ms)
✔ capture-tag: (phase <400 digits>) is Infinity, not a phase (0.057651ms)
✔ capture-tag: (phase 9007199254740993) reads back as a DIFFERENT number (0.064364ms)
✔ capture-tag: (phase 9007199254740990.1) rounds to a different phase under a magnitude bound (0.051109ms)
✔ capture-tag: (phase 1.10) is phases/1.10, never phases/1.1 (D-07) (0.038153ms)
✔ captureSections: every section is counted, with its walk membership (0.209724ms)
✔ captureSections: a FENCED ## line inside a body does not mint a section (0.081036ms)
✔ captureSections: a CRLF checkout counts exactly as its plain-LF twin (0.099171ms)
✔ archive: a written row round-trips its snippet byte-identically (0.397925ms)
✔ archive: each origin filename keeps its own source (0.121353ms)
✔ archive: a decimal phase number parses to the decimal, never to 21 (0.083701ms)
✔ archive: a snippet carrying a colon, a backtick and a pipe survives whole (0.073131ms)
✔ archive: a non-matching line under a section mints no row (0.064764ms)
✔ archive: a phase number that does not round-trip names no directory (ARG-04) (0.145631ms)
✔ archive: a row above the first heading belongs to no milestone and is skipped (0.078772ms)
✔ archive: a second append under the same label extends the existing section (0.188372ms)
✔ archive: an append into empty text writes a preamble with no column-0 ## heading (0.164757ms)
✔ archive: an empty row set changes nothing; a newline is flattened on write (0.075064ms)
✔ archive: a CRLF residue parses exactly as its plain-LF twin (0.076738ms)
✔ archive: label and origin ride beside source, never recovered by splitting it (0.109351ms)
✔ parseTaskRecordSnippets: the `## What shipped` bullets come back (0.169035ms)
✔ parseTaskRecordSnippets: a `None yet` placeholder is the template's prose, not content (0.070655ms)
✔ parseTaskRecordSnippets: an angle-bracket placeholder is skipped too (0.06197ms)
✔ parseTaskRecordSnippets: an absent section is DATA - [] and never a throw (0.05211ms)
✔ parseTaskRecordSnippets: it stops at the next `## ` heading (0.058082ms)
✔ filed: a row written by the appender reads back through the parser (0.297001ms)
✔ filed: an empty file gets the preamble, which carries no `## ` heading (0.119409ms)
✔ filed: a second row appends and the first is byte-preserved (0.107045ms)
✔ filed: a title carrying a colon, a backtick and a pipe survives whole (0.064564ms)
✔ filed: a newline in any field is flattened on write (0.065927ms)
✔ filed: a row whose fixed fields are out of grammar is REFUSED, not written (0.08847ms)
✔ filed: a line that is not a row is skipped, so a human note mints nothing (0.086406ms)
✔ filed: a row with an empty title is dropped rather than indexed (0.053603ms)
✔ filed: a CRLF checkout indexes as its plain-LF twin (0.073431ms)
✔ filed: the parser is total over junk (0.068953ms)
✔ filed: an unconfirmed row reads back as ONE row, title-only, state readable (0.088681ms)
✔ filed: a confirmed row is byte-identical to what it was before the marker (0.075555ms)
✔ filed: a title that itself begins with the word is not misread as a marker (0.090163ms)
✔ filed: a hand-written unconfirmed row parses on the stated grammar line (0.063943ms)
✔ declined: a row written by the appender reads back through the parser (0.080295ms)
✔ declined: an empty file is created with the DECLINED preamble, not the FILED one (0.059865ms)
✔ declined: a row whose fields break the grammar returns the text unchanged (0.074413ms)
✔ declined: an existing file is byte-preserved and the row lands at the end (0.07246ms)
✔ declined: a line that is not a row is skipped, so a human note mints nothing (0.051179ms)
✔ declined: the parser is total over junk (0.051099ms)
✔ filed: the preamble no longer sends a reader to the forge for a decline (0.037331ms)
✔ planning-files: CURSOR_STATUSES holds exactly its six values (0.102327ms)
✔ lease-check: a clean lease is ok:true (71.726465ms)
✔ lease-check: an undeclared staged path is refused and NAMED (61.62236ms)
✔ lease-check: the plan's OWN report file is the one exemption (110.467752ms)
✔ lease-check: the ROTATED report is exempt too, beside the canonical one (110.532837ms)
✔ lease-check: the widened exemption is still THIS plan's, not the directory's (366.855739ms)
✔ lease-check: a declared directory ends in / and matches by PREFIX (114.03328ms)
✔ lease-check: a two-file clean lease still reports staged: 2, declared: 2 through the shared predicate (64.681622ms)
✔ lease-check: a plan whose files: list is empty is still refused as undeclared-files, exit 1 (61.049946ms)
✔ lease-check: PLAN-<k>.md is selected by --plan (115.528923ms)
✔ lease-check: widening the plan's files: is what clears the fix commit (116.752406ms)
✔ lease-check: a sole declaration of ./a.txt licenses nothing - the spelling reached neither reader (64.312602ms)
✔ lease-check: a missing plan is ok:false, never an empty-lease pass (51.964671ms)
✔ lease-check: an unreadable staged set is ok:false, never a pass (54.450833ms)
✔ lease-check: the no-staged-set detail names the failure without a credential (63.524285ms)
✔ source: planning.mjs's no-staged-set detail goes through redactUrl (0.909239ms)
✔ lease-check: nothing staged is a clean lease, not a refusal (64.890413ms)
✔ lease-check: a plan declaring nothing licenses nothing (68.966253ms)
✔ lease-check: bad flags are refused before any read (167.26824ms)
✔ lease-check: a rename is checked on BOTH sides, so another plan's file is not renamed away (72.718249ms)
✔ lease-check: a declared non-ASCII path is admitted, not refused for its bytes (64.959645ms)
✔ lease-check: a rename between two un-decodable paths is never a clean lease (74.579345ms)
✔ lease-check: a staged path that is not valid UTF-8 is refused BY NAME, never guessed at (76.154065ms)
✔ lease-check: a staged census FILE is refused by a reason of its own, and leaves a record (64.056105ms)
✔ lease-check: an undeclared path holding no count keeps the old reason, and writes nothing (63.490587ms)
✔ lease-check --plan-time: phase 5's own lease names every census its work would move (54.526336ms)
✔ lease-check --plan-time: the answer needs no repository, and spawns no git (53.646082ms)
✔ lease-check --plan-time: the arm reads declared PATHS, never the plan's instructions (111.319782ms)
✔ lease-check --plan-time: a lease declaring the holding files is a PASS, not a silence (54.147567ms)
✔ lease-check --plan-time: a phase with no plan file is still no-plan on this arm (67.180014ms)
✔ lease-check --plan-time and plan-overlap read ONE two-plan fixture the same way (164.927862ms)
✔ lease-check --plan-time: two plans that declare real paths are a PASS on both (113.944721ms)
✔ lease-check --plan-time: no registry entry refuses more than half of this repository's own plans (44.645972ms)
✔ milestone-prune --mode archive: a --label escaping the tree is refused before any mkdir or rename (53.979719ms)
✔ milestone-prune --mode delete: a --label escaping the tree is refused before any mkdir or rename (45.37144ms)
✔ milestone-prune: a --label containing a pipe is refused (49.482679ms)
✔ milestone-prune: a --label containing a newline is refused (47.114774ms)
✔ milestone-prune: a --label containing a carriage return is refused (41.297966ms)
✔ milestone-prune: a spaced milestone-name label still prunes normally (52.953565ms)
✔ phase-done: flips the box and the phase rows; Deferred untouched; --undo reverses (103.629609ms)
✔ phase-done: decimal phase flips its own box and rows only (51.553382ms)
✔ phase-done --reqs: explicit ids override the phase filter (even Deferred) (46.5407ms)
✔ phase-done: valueless --reqs is bad-args, not internal (#45.1) (54.228186ms)
✔ phase-done: --reqs "" refuses instead of flipping the phase (46.988982ms)
✔ phase-done: --reqs "   " refuses instead of flipping the phase (45.299953ms)
✔ phase-done: --reqs "," refuses instead of flipping the phase (47.44015ms)
✔ phase-done: --reqs ",," refuses instead of flipping the phase (49.12968ms)
✔ phase-done: --reqs names exactly the rows it flips; omitting it closes the phase (99.994498ms)
✔ phase-done: unknown phase refuses; nothing written (50.76259ms)
✔ phase-done: a valueless --n refuses; neither doc is written (48.993879ms)
✔ phase-done: a abc --n refuses; neither doc is written (48.473297ms)
✔ phase-done: a empty string --n refuses; neither doc is written (48.156547ms)
✔ phase-done: --n 02 still boxes phase 2 (52.994752ms)
✔ phase-done: an unreadable REQUIREMENTS.md refuses whole; ROADMAP.md is byte-identical (49.753658ms)
✔ phase-done: an ABSENT REQUIREMENTS.md still boxes the phase, ok:true (46.651762ms)
✔ phase-done: a non-regular REQUIREMENTS.md that reads CLEANLY still refuses (51.217092ms)
✔ phase-done: `wrote` names the documents that moved, on both shapes (101.539164ms)
✔ phase-done: a non-empty queue is NAMED at close, and the phase still closes (52.247936ms)
✔ phase-done: a queue holding only the placeholders names nothing (48.761289ms)
✔ phase-done: an absent CAPTURE.md is an EMPTY queue, and closes cleanly (49.629539ms)
✔ phase-done: a queue that cannot be READ closes anyway, reported unread (53.258008ms)
✔ phase-done --undo: reopening a phase makes NO assertion about the queue (109.946776ms)
✔ plan-size: counts the requirements a ROADMAP detail block names, deduped (49.83178ms)
✔ plan-size: a phase over --max-reqs is phase-too-big, naming both numbers (49.22827ms)
✔ plan-size: NO detail block is unmeasured, never zero - it is not compared (46.056028ms)
✔ plan-size: the task ceiling is PER PLAN - 4+4+4 against a ceiling of 4 is within (50.569369ms)
✔ plan-size: ONE plan over the ceiling is flagged, naming the plan file (53.753905ms)
✔ plan-size: an unwritten plan is never over its ceiling (49.507807ms)
✔ plan-size: no ceiling flags nothing but still reports the counts (47.247851ms)
✔ plan-size: a missing --phase is bad-args, never the cursor (93.529793ms)
✔ plan-size: a plan reports the summed on-disk bytes its files: frontmatter declares (48.343648ms)
✔ plan-size: a declared path that is not on disk counts zero bytes and one absent (53.722083ms)
✔ plan-size: a declared DIRECTORY and a path climbing out both land on absent, unread (48.267562ms)
✔ plan-size: a plan over --max-bytes is plan-too-many-bytes, naming the plan and both numbers (52.198061ms)
✔ plan-size: the same plan under a higher --max-bytes yields no byte entry and within: true (53.619434ms)
✔ plan-size: an out-of-grammar files: list is never compared against --max-bytes (52.367857ms)
✔ plan-size: a bare or non-integer --max-bytes is bad-args naming the flag (101.405988ms)
✔ plan-size: a files: list out of grammar reports null bytes, never 0 (52.476365ms)
✔ audit + plan-overlap: a CRLF-checked-out PLAN.md reads identically to its LF twin (212.994051ms)
✔ audit: a BOM + leading blank line PLAN.md reads identically to its plain twin (100.012217ms)
✔ audit + plan-overlap: an unterminated frontmatter fence reports on both envelopes, audit stays ok:true (111.844837ms)
✔ audit: the per-code payload table is falsifiable - each dropping code moves counts.broken, each preserving code does not (816.481029ms)
✔ plan-overlap: a trailing-annotated block item still overlaps, with the diagnostic naming which plan (UAT-9) (55.539404ms)
✔ plan-overlap: a backtick-wrapped path does not silently miss a real collision (UAT-21) (59.349262ms)
✔ plan-overlap: a markdown-decorated path does not silently miss a real collision (FRM-02) (69.503814ms)
✔ plan-overlap: a block item under an inline files: key is diagnosed and dropped on both plans, not overlapped (D-13) (110.397047ms)
✔ plan-overlap: disjoint declared lists come back clean (55.77666ms)
✔ plan-overlap: a shared file is reported with both plan names (53.331818ms)
✔ plan-overlap: a directory lease src/ overlaps the file src/auth.js the other plan declares (52.049301ms)
✔ plan-overlap: a directory lease src/ overlaps the nested directory lease src/auth/ (54.790935ms)
✔ plan-overlap: task **Files:** lines count even when frontmatter omits them (55.80897ms)
✔ plan-overlap: a task **Files:** annotation still normalizes to the bare path - the frontmatter narrowing is scoped to one arm (D-19) (60.783188ms)
✔ plan-overlap: frontmatter-declared paths with parens or a backtick overlap byte-exact, unmangled by add() (acceptance criterion 5) (59.913515ms)
✔ plan-overlap: a frontmatter path with parens overlaps its raw twin declared only on a task line (the cross-arm bridge) (60.273267ms)
✔ plan-overlap: a frontmatter backtick-bearing path overlaps its raw twin declared only on a task line (the cross-arm bridge, other direction) (59.98921ms)
✔ plan-overlap: ./a.txt declared on the frontmatter is refused as redundant-path-segment and reaches neither reader (59.294594ms)
✔ plan-overlap: ./a.txt declared on the task line is refused as redundant-path-segment and reaches neither reader (48.968083ms)
✔ plan-overlap: src//a.txt declared on the frontmatter is refused as redundant-path-segment and reaches neither reader (52.589248ms)
✔ plan-overlap: src//a.txt declared on the task line is refused as redundant-path-segment and reaches neither reader (52.443648ms)
✔ plan-overlap: the same refused spelling twice in one files: list reports two issues on their OWN lines (55.168889ms)
✔ plan-overlap: a plan with no declared files is flagged undeclared (51.645212ms)
✔ plan-overlap: single plan and missing phase degrade predictably (157.796869ms)
✔ fold fixture: every corpus document comes back under the source its row states (309.01323ms)
✔ fold fixture: every committed query returns its named hits in the top 5 (859.503619ms)
✔ fold rules: step 1a, and `es` is NOT a rule of its own (0.486105ms)
✔ fold rules: step 1b strips ed and ing only over a stem with a vowel (0.183644ms)
✔ fold rules: the eed guard turns on the measure of the stem before it (0.120672ms)
✔ fold rules: each of the three cleanup branches after a strip (0.125862ms)
✔ fold rules: a base form is a fixed point, and a short token is untouched (0.091266ms)
✔ fold at the seam: each inflected group returns one and the same document set (972.162337ms)
✔ fold ordering: a word whose fold is a stopword is still in the index (0.357047ms)
✔ fold ordering: `noted` reaches `note`, not the stopword `not` (0.171179ms)
✔ fold ordering: a document of raw stopwords alone still contributes nothing (0.113418ms)
✔ fold ordering: at the seam, `notes` and `being` both still return results (111.621112ms)
✔ recall: a matching SUMMARY deviation ranks first, with source and phase (52.273978ms)
✔ recall: empty and absent corpus both return ok:true with no results (96.888112ms)
✔ recall: two runs on the same corpus are byte-identical (98.019458ms)
✔ recall: durable decisions resurface; phase-local ## Decisions do not (97.141921ms)
✔ recall: legacy CONTEXT.md with only ## Decisions (no durable heading) still resurfaces (50.49178ms)
✔ recall: a present-but-empty ## Durable decisions does NOT fall back to ## Decisions (50.241737ms)
✔ recall: two runs over a corpus with ## Durable decisions are byte-identical (97.463525ms)
✔ recall: bare words after the query are joined, not truncated (#47.2) (103.232001ms)
✔ recall: a completed capture keeps its phase and gains a closed marker (#47.1) (52.368748ms)
✔ capture -> recall: a bullet written through the seam comes back, with its phase (AC1) (104.511452ms)
✔ capture -> recall: a seed and a note come back too, unphased (154.88411ms)
✔ capture -> recall: a bullet under ## Archive is NOT returned (the falsifier) (171.668344ms)
✔ recall: memory.backend none reports off with empty results, exit 0 (61.354151ms)
✔ recall: an archived row comes back with its milestone label and its origin (52.955245ms)
✔ recall: a tree with no ARCHIVE.md answers byte-identically to one that never had it (169.169777ms)
✔ recall: two runs over a corpus holding live AND archived rows are byte-identical (107.043888ms)
✔ recall: memory.backend none reads no ARCHIVE.md either (50.922334ms)
✔ recall: a task record comes back, sourced by slug and with NO phase field (52.691246ms)
✔ recall: a tree with no tasks/ answers byte-identically to one with an empty tasks/ (160.417236ms)
✔ recall: two runs over a corpus holding a task record are byte-identical (115.133818ms)
✔ recall: a RECORD.md symlinked OUT of the planning root is never indexed (58.648815ms)
✔ task-record -> recall: a record written by the seam is found by what it says (139.869494ms)
✔ recall: a filed issue comes back by its title, sourced FILED.md (54.708065ms)
✔ recall: a tree with no FILED.md answers byte-identically to one that never had it (160.513812ms)
✔ recall: a note in FILED.md that is not a row mints no corpus entry (52.632924ms)
✔ recall: two runs over a corpus holding a filed row are byte-identical (112.286899ms)
✔ recall: a zero-padded phase directory is not corpus, and 1.10 still is (54.957292ms)
✔ renumber insert --dry-run: full op plan, nothing touched (54.738105ms)
✔ renumber insert: shifts dirs, tokens, traceability, and cursor (116.207408ms)
✖ renumber remove: cuts line + detail, orphans reqs, shifts down, reports prose refs (67.588081ms)
✔ renumber insert at total+1 appends: nothing shifts, only the slot opens (111.852812ms)
✔ renumber insert: an existing phase CONTEXT keeps its AC ids byte-identical (D-02) (51.280164ms)
✖ renumber remove: the shift DOWN leaves an existing phase CONTEXT byte-identical too (58.787865ms)
✔ renumber insert: integer dirs shift even when a decimal phase is highest (#36) (61.908166ms)
✖ renumber remove: dirs shift DOWN low-to-high (collision-safe order) (62.710991ms)
✖ renumber remove of the LAST phase cuts the final detail section cleanly (57.867522ms)
✔ renumber remove: a detail heading as the last line (no trailing newline) still cuts (54.149381ms)
✔ renumber remove: a name-less `### Phase N:` detail heading still cuts (#48.2) (53.416311ms)
✖ renumber: prose phase refs are reported, never rewritten; key absent when none (121.219653ms)
✔ renumber: out-of-range and unknown phase refuse (103.697171ms)
✔ renumber: refuses a colliding destination before any write (#49.2) (120.259286ms)
✔ renumber: a dangling symlink at the destination still collides (#49.2) (54.944601ms)
✔ renumber remove: a dangling symlink at phases/<at> collides instead of dying mid-apply (#49.2) (53.894591ms)
✔ renumber remove: uncommitted work in phases/<at> is refused before any write (198.545933ms)
✖ PHS-01: an unreadable git state refuses the remove, a non-repo still removes (179.772052ms)
✖ renumber remove: a partial apply reports which ops completed (#49.2) (55.381478ms)
✖ renumber remove: a failure before ANY step says so, rather than claiming a half-renumbered tree (60.297033ms)
✔ PHS-01: a repository rooted INSIDE phases/<at> is not deleted out from under itself (85.920736ms)
✔ PHS-01: a GIT_DIR-selected repository counts as present when its state cannot be read (63.004239ms)
✔ source: the nested-repository probe reads the filesystem, not entry names (0.227428ms)
✔ source: the renumber rm fallback's recursive delete is gated by the .git probe (0.179906ms)
✔ renumber: decimal phase tokens are never shifted, and are reported (52.666466ms)
✔ AC1: every plan reporting PLAN COMPLETE is a replay, and nothing is dispatched (63.696296ms)
✔ AC1: a multi-plan phase is a replay only when EVERY plan reports complete (57.83425ms)
✔ AC2: no reports directory at all is not a replay (53.72129ms)
✔ AC2: PLAN PARTIAL is a continuation, not a replay (53.279721ms)
✔ AC2: PLAN CHECKPOINT is a continuation, not a replay (55.860915ms)
✔ AC2: the status word is the FIRST LINE ONLY - a quoted one in the body cannot fire it (54.200481ms)
✔ AC2: the first line must match EXACTLY - a suffixed status is not complete (54.380959ms)
✔ AC3: plan 1 complete and plan 2 unreported dispatches ONLY plan 2 (55.656329ms)
✔ AC3: a partially reported phase skips only the plans that finished (60.785765ms)
✔ AC4: --rerun clears the replay and widens the dispatch set to every plan (53.34295ms)
✔ a bare PLAN.md is keyed k=1 and PLAN-<k>.md by its own number (56.959055ms)
✔ a rotated sibling plan-<k>.<n>.md never decides the answer (55.421126ms)
✔ a phase with no plan files is not a replay - that is the unplanned state (54.091038ms)
✔ a missing phase directory refuses by name and exits non-zero (54.637329ms)
✔ no --phase refuses by name rather than guessing a phase (54.667877ms)
✔ risk-carry: the risk_surface artifacts arrive and every other record stays put (57.732204ms)
✔ risk-carry: a COPY - the originals are still where they were (56.637308ms)
✔ risk-carry: EVERY round arrives, not the highest one alone (50.731158ms)
✔ risk-carry: a re-run finishes the job instead of refusing it (116.467668ms)
✔ risk-carry: a DIFFERING destination file refuses, and copies nothing (56.270742ms)
✔ risk-carry: a symlink squatting the destination is refused, never followed (60.188136ms)
✔ risk-carry: a symlink squatting the PARENT is refused too (54.989486ms)
✔ risk-carry: a symlink at a carried NAME is refused, never read as already carried (55.771951ms)
✔ risk-carry: a mistyped phase spelling refuses before anything is copied (60.390314ms)
✔ risk-carry: a phase with no risk_surface fire is an answer, not a refusal (54.917699ms)
✔ risk-carry: a symlinked source artifact is refused, and its target never lands (51.819209ms)
✔ risk-carry: a symlinked phases/<N> is refused before it is listed (52.575493ms)
✔ risk-carry: a symlinked phases/ is refused too (52.333117ms)
✔ risk-carry + milestone-prune --mode delete: the same verdict, off the carried records (230.78476ms)
✔ seed-reqs: a declared id with an ## Active bullet is seeded at Pending; a second run reports it skipped, file byte-identical (117.621156ms)
✔ seed-reqs: an id with no ## Active bullet is reported under orphan_ids, no row written, and audit still lists it under orphans.plan_ids (110.034773ms)
✔ seed-reqs: a missing ## Active heading returns no_active_section: true (56.513848ms)
✔ seed-reqs: --phase absent/non-numeric/negative all return bad-args, nothing written (154.527989ms)
✔ seed-reqs: a --phase spelling that cannot round-trip is refused before any read (D-07) (313.410563ms)
✔ seed-reqs: a malformed requirements: line surfaces frontmatter_issues (54.454828ms)
✔ seed-reqs: absent REQUIREMENTS.md / absent phase dir / no conforming plan file degrade with named reasons (156.981989ms)
✔ seed-reqs: a seeded row survives renumber insert, reading Phase 2 (115.308223ms)
✔ status: missing .planning degrades with a recovery hint (56.355083ms)
✔ status: missing ROADMAP.md is no-roadmap (56.247246ms)
✔ status: a ## Phases section holding no phase token is a closed milestone, not a parse failure (59.75341ms)
✔ status: a non-canonical phase-shaped line is unparseable-roadmap with a per-line diagnostic (56.472168ms)
✔ status: a wiped checkbox list whose ### Phase N: details survive is NOT a closed milestone (61.166107ms)
✔ status: no ## Phases section at all is still unparseable-roadmap (53.29607ms)
✔ status: an interrupted close reports the closed state AND a phase-dir drift entry (54.783401ms)
✔ status: a tagged close that never ran cursor set reports cursor drift on the stale total, while still agreeing (57.192383ms)
✔ status: a finished close (cursor of 0) reports no drift at all (66.377009ms)
✔ status: closed milestone, cursor "phase complete" agrees=true (57.112159ms)
✔ status: closed milestone, cursor "ready to plan" agrees=true (55.183099ms)
✔ status: closed milestone, cursor "paused" agrees=true (61.808642ms)
✔ status: closed milestone, cursor "planned" agrees=false (54.286053ms)
✔ status: closed milestone, cursor "executed" agrees=false (57.44513ms)
✔ status: closed milestone, cursor "context gathered" agrees=false (57.959147ms)
✔ status: derives unplanned/planned/executed/complete from artifacts (56.018564ms)
✔ status: SUMMARY without UAT is executed, not complete (59.794997ms)
✔ status: all complete -> current null; multi-plan files listed (67.932939ms)
✔ status: skipped without a reason blocks completeness (54.49336ms)
✔ status: roadmap-box drift both directions (57.445348ms)
✔ status: req-status drift; Deferred and unmapped rows exempt (53.861986ms)
✔ status: cursor agreement and disagreement (105.130904ms)
✔ status: decimal insertion phases sort and derive like integers (58.465941ms)
✔ status: paused cursor always agrees (legal at any point) (50.796449ms)
✔ status: named and zero-padded phase dirs are reported, grouped by prefix (55.009593ms)
✔ status: a tree of legal phase dirs reports no drift at all (48.544688ms)
✔ status: a stray FILE under phases/ is not a phase directory and is not reported (51.213361ms)
✔ status: 08 beside a legal 8 names the phase it collides with (60.407425ms)
✔ status: a zero-padded fraction is reported and 1.10 is not (65.93725ms)
✔ status: 08 beside 8 survives the close as ONE phase-dir entry, on the legal name (56.425707ms)
✔ status: a legal sub-phase directory still survives the close (54.162604ms)
✔ status: two legal sub-phases that parse to one number are reported (58.742622ms)
✔ status: distinct sub-phase numbers report no collision (67.595597ms)
✔ status: an unexecuted gap plan beside a SUMMARY is executed AND outstanding (59.612834ms)
✔ status: every plan reporting complete lists the phase nowhere, and the key is still there (59.616912ms)
✔ status: the outstanding plan list IS replay-check's dispatch_set, from one definition (116.177266ms)
✔ status: a planned phase that has run nothing is outstanding in full (56.606983ms)
✔ status: an unplanned phase has no plans and so takes no entry (53.464619ms)
✔ task-record: writes the record, with the range's own commits and files (87.879697ms)
✔ task-record: a second identical run leaves the file byte-identical (164.33973ms)
✔ task-record: no planning root means nothing is created and written:false says why (73.688482ms)
✔ treeless run: every seam /cad-task calls answers written:false, and nothing is created (450.321108ms)
✔ task-record: a slug that is not one path segment is refused, nothing written (278.225786ms)
✔ task-record: a tasks/<slug> that is a symlink OUT is refused, nothing written (76.64204ms)
✔ task-record: a --base that does not resolve is ok:false with nothing written (72.709707ms)
✔ task-record: --text and --text-file together are refused, and neither is guessed (134.200766ms)
✔ trace ignore: a fresh repo with no .gitignore gets the line written (82.128315ms)
✔ trace ignore: a re-run adds no second line and touches no byte (174.789389ms)
✔ trace ignore: a brownfield .gitignore keeps every line it had (85.486394ms)
✔ trace ignore: a project ignoring .planning/ wholesale is already correct (167.602276ms)
✔ trace ignore: a non-git root falls back to the literal scan and still writes (140.044565ms)
✔ trace ignore: a tracked run record is REPORTED, never quietly ignored (100.333707ms)
✔ trace ignore: a TRACKED record whose line is present reports ignored and writes nothing (228.055631ms)
✔ trace ignore: a .git/info/exclude match does NOT satisfy the line (153.773521ms)
✔ trace ignore: a project covered for the record alone is REPORTED, then upgraded (234.625107ms)
✔ trace ignore: the sibling rule names the file the writer actually creates (85.819932ms)
✔ trace ignore: a project covered for the trace AND the live reads line gains only the rest (283.638899ms)
✔ trace ignore: the reads rules name the files the writer actually produces (92.91225ms)
✔ trace ignore: git itself answers for the reads record and its sibling, from the repo's own .gitignore (97.984314ms)
✔ trace ignore: THIS repository already covers the reads sibling (D-11) (4.739425ms)
✔ trace ignore: a --root present with nothing usable is refused, never the cwd (203.090105ms)
✔ uat init: writes all-pending checklist and returns the first item (109.269809ms)
✔ uat init: refuses a malformed payload, writes nothing (161.207143ms)
✔ uat record: unknown item and bad result refuse without writing (174.097571ms)
✔ uat record: a valueless --item refuses; UAT.md is byte-unchanged (112.571414ms)
✔ uat record: a abc --item refuses; UAT.md is byte-unchanged (104.625702ms)
✔ uat record: a empty string --item refuses; UAT.md is byte-unchanged (103.980682ms)
✔ uat record: a clean integer naming no item still answers unknown-item (107.804777ms)
✔ uat record: a normal --item still records, with counts and first_pass (102.50856ms)
✔ uat record: --fields-file writes the SAME UAT.md the five inline flags write (234.864297ms)
✔ uat record: a --fields-file value no shell could expand lands verbatim (119.123173ms)
✔ uat record: every --fields-file refusal is bad-args, UAT.md byte-unchanged (570.076936ms)
✔ uat merge: matches by k, and a verifier pass never rewrites first_pass (205.852709ms)
✔ uat record: sets status, first_pass once, returns next pending (zero re-reads) (214.708999ms)
✔ uat record: fixed failure resets to pending, first_pass survives (160.544641ms)
✔ uat record: verifier source cannot overwrite a recorded result (147.931192ms)
✔ uat record --source model: stores the provenance and it survives a later record (145.105968ms)
✔ uat record: an out-of-enum --source is refused with the file byte-unchanged (90.125886ms)
✔ uat record --source user: writes no source line - user stays implicit (87.717474ms)
✔ uat merge: a human_checks why_human is carried onto the appended item and survives (128.933443ms)
✔ uat refresh: appends only new names, never touches recorded results (142.791557ms)
✔ uat merge: fills pending only, appends unmatched gaps and human checks (141.445172ms)
✔ uat: a criterion written by init is byte-present after a refresh AND after a record (141.115638ms)
✔ uat init: writes fields_version unconditionally, and it survives refresh and record (135.471363ms)
✔ uat init: a payload with no criterion and no origin still gets the marker (44.935ms)
✔ uat: an origin written by init survives refresh and record the same way (132.902653ms)
✔ uat refresh: carries source, criterion and origin onto an appended item, in lockstep with init (84.473002ms)
✔ uat record --origin: sets provenance after the fact on an existing item (78.287384ms)
✔ uat record: an out-of-enum --origin is refused with the file byte-unchanged (80.736565ms)
✔ uat record --criterion: restores a dropped link in the registered field position (82.032317ms)
✔ uat record: an out-of-shape --criterion is refused by name, file byte-unchanged (155.263816ms)
✔ uat init: an out-of-shape criterion or origin is bad-payload, nothing written (81.987618ms)
✔ uat merge: both append paths write origin verifier - the item-level provenance source cannot carry (78.463611ms)
✔ uat merge: a MATCHED pending item gets source verifier and no origin - it was not verifier-added (77.661628ms)
✔ uat merge: an entry with no usable name is rejected, never written (#46.2) (81.295427ms)
✔ uat merge: an untrimmed name fills the pending item, never appends a duplicate (76.982903ms)
✔ uat merge: a finding conflicting with a recorded result is skipped and counted (#46.3) (117.025152ms)
✔ uat merge: FINDINGS.json holds the five counters plus every discarded entry (115.878938ms)
✔ uat merge: a human_check matching an existing item is recorded while its counter stays deferred (76.254602ms)
✔ uat merge: a clean payload still writes FINDINGS.json, both arrays empty (84.978199ms)
✔ uat merge: a later uat record leaves FINDINGS.json byte-identical (119.473491ms)
✔ uat merge: a second merge replaces the file with the second merge envelope (126.97323ms)
✔ uat merge: a newline in verifier text cannot inject a status line (#35) (116.28364ms)
✔ uat merge: a --payload path that does not exist is no-payload (79.028494ms)
✔ uat merge: an empty --payload file is no-payload (77.522067ms)
✔ uat merge: a whitespace-only --payload file is no-payload (79.611013ms)
✔ uat merge: a --payload file holding null is bad-payload, not silence (82.782403ms)
✔ uat merge: a --payload file holding a bare string is bad-payload (82.16759ms)
✔ uat merge: a --payload file holding {} is bad-payload, not an all-zero success (80.553867ms)
✔ uat merge: a --payload file holding a JSON array is bad-payload (83.295349ms)
✔ uat merge: gaps present but not an array is bad-payload (79.948122ms)
✔ uat merge: passes present but not an array is bad-payload (82.796049ms)
✔ uat merge: human_checks present but not an array is bad-payload (78.335309ms)
✔ uat merge: an omitted list is not a malformed one (80.342047ms)
✔ uat merge: --payload with no path refuses, never a read of fd 1 (76.441365ms)
✔ uat merge: --payload <file> and stdin merge identically (161.291421ms)
✔ uat merge: a payload carrying ONLY passes merges (86.6258ms)
✔ uat merge: a payload carrying ONLY gaps merges (78.75789ms)
✔ uat merge: a payload carrying ONLY human_checks merges (82.721022ms)
✔ uat init: a literal null on stdin is bad-payload, not silence (38.642413ms)
✔ uat refresh: a literal null on stdin is bad-payload, not silence (79.082705ms)
✔ uat: a hand-added ### section mints no item and survives rewrites (#46.1) (171.21228ms)
✔ uat: a `## ` inside a fenced block does not truncate a preserved section (129.530661ms)
✔ uat status: complete only when every item passes or is skipped-with-reason (192.013134ms)
✔ uat: missing checklist degrades to no-uat (36.130852ms)
✔ renumber remove: a CRLF roadmap renumbers correctly and stays CRLF (60.391698ms)
✔ renumber remove: a lone-CR roadmap is refused, not silently corrupted (56.61867ms)
✔ status: a lone-CR roadmap refuses rather than reporting a closed milestone (53.096666ms)
✔ renumber: refuses to operate ON a decimal phase (113.409288ms)
✔ renumber: the decimal refusal names decimals, not a missing flag (109.794945ms)
✔ renumber remove: a valueless --n refuses; roadmap and dirs untouched (64.76203ms)
✔ renumber remove: a non-numeric --n refuses the same way (52.955442ms)
✔ renumber insert: a valueless --at refuses; roadmap and dirs untouched (50.767714ms)
✔ renumber insert: a non-numeric --at refuses the same way (50.180856ms)
✖ renumber: a decimal cursor is warned about, never shifted (#37) (56.7917ms)
✔ phase-done: a decimal phase flips its own line, dot not a wildcard (52.672148ms)
✔ status: --dir with nothing after it is bad-args naming the flag, and stderr stays empty (49.026396ms)
✔ status: an empty --dir "" is bad-args naming the flag, and stderr stays empty (45.891946ms)
✔ status: a whitespace-only --dir is bad-args naming the flag, and stderr stays empty (53.364349ms)
✔ status: a flag-shaped --dir value is bad-args naming the flag, and stderr stays empty (49.62197ms)
✔ status: a genuinely ABSENT --dir still defaults to ./.planning (50.329231ms)
✔ lease-check: --phase 1.10 leases against phases/1.10 when no phases/1.1 exists (70.107571ms)
✔ lease-check: --phase 1.10 refuses when phases/1.1 is also on the tree (137.882868ms)
✔ lease-check: --phase 08 names phases/08 when no phases/8 exists (68.068158ms)
✔ lease-check: --phase 08 beside a legal phases/8 is refused, naming both (63.469722ms)
✔ plan-overlap: --phase 08 reports no-phase-dir naming phases/08 when no phases/8 exists (51.257003ms)
✔ plan-overlap: --phase 08 beside a legal phases/8 is refused, naming both (117.317608ms)
✔ plan-overlap: --phase 1.10 intersects phases/1.10's plans when no phases/1.1 exists (56.602654ms)
✔ plan-overlap: --phase 1.10 is refused once phases/1.1 is on the tree too (55.05609ms)
✔ uat: --phase 1.10 reads phases/1.10/UAT.md when no phase 1.1 directory exists (120.168722ms)
✔ uat: --phase 1.10 is refused on a tree holding phase 1.1, leaving its checklist alone (112.339464ms)
✔ uat: a malformed --phase is refused in the shared wording, before any read (150.292189ms)
✔ seed-reqs: --phase 08 is refused outright, never answering about phases/8 (112.154588ms)
✔ cad-plan-checker-contract states one dimension count in all three places (1.498923ms)
✔ phase_diff: the schema purpose names the gate a no-gate resolve really answers (36.500956ms)
✔ risk_surface row: its shape (c) clause names no producer, and task.md still holds its rails (0.994242ms)
✔ risk-surface categories: the schema enum, the detector and the detection list are one list (0.371494ms)
✔ plan authority: Action never invents, Verify decides, in all five documents (0.642165ms)
✔ risk_surface fires on a completed range, and both fire sites carry the transient-file rails (0.317871ms)
✔ every deferred-read row states its consult-site count at each anchor (7.241408ms)
✔ the lockfile lease: both contracts name the same lockfiles and the reason lease-check emits (0.325215ms)
✔ the analyzer spend gate precedes the resolve, and four surfaces state two questions (0.572972ms)
✔ the reviewer brief carries the same bar the reviewer contract states (0.400981ms)
✔ the reviewer brief costs under 1% of the default review.max_prompt_tokens (4.350528ms)
✔ the turn bound: every rung file and the spawn-agent seam name one maxTurns value (0.534948ms)
✔ WIR-01: the recovery arm names its producers in both documents, and the default reviewer names its bound (0.657735ms)
✔ #195: execute.md locates unconditionally and refuses an already-executed phase (0.287864ms)
✔ EXP-03: execute.md asks the replay seam and obeys its answer (0.177852ms)
✔ EXP-03: only the plans without a completed report reach a dispatch (0.238018ms)
✔ README's "Today it is N skills and M agent roles across K rung files" matches the tree (0.803555ms)
✔ PROJECT.md's `### Active` declares its milestone as the section's first version token (0.67069ms)
✔ the executor dispatch hands over the resolve's answered surfaces, and the contract says what to do with them (0.35834ms)
✔ both fire sites invoke the risk-check seam rather than reading a prose list (0.104702ms)
✔ cad-land step 3: the auto_close branch takes its value from `config.mjs get` (0.391603ms)
✔ cad-land 3(b): the GitLab arm consults the authorization seam BEFORE it creates (0.296019ms)
✔ cad-land step 3: the deferred queue refuses ahead of BOTH publish arms (0.328091ms)
✔ LND-02: milestone.md carries the rulings BEFORE the prune, and stops on ok:false (0.376013ms)
✔ LND-02: cad-land 3(b) unions the RULINGS from both roots, not the review findings (0.54088ms)
✔ progress.md: the deferred count is read off the envelope at both its sites (0.416862ms)
✔ progress.md: an executed phase with outstanding dispatches routes to /cad-execute (0.349613ms)
✔ execute.md state: a deferring run points the cursor at its queue and commits it (0.375712ms)
✔ ENFORCEMENT, execute.md: the plan is not reported done while risk-check status refuses (0.146853ms)
✔ ENFORCEMENT, task.md: the completion rule decides `written: false`, in ONE place (0.61882ms)
✔ RSK-11, task.md: the surfaces-unanswered refusal is answered in the run, not stopped at (0.17176ms)
✔ ENFORCEMENT, execute.md: the blocking FAIL arm dispatches a continuation cad-executor (0.398466ms)
✔ ENFORCEMENT, execute.md: the guardrail still forbids a coordinator Edit/Write outside .planning/ (0.266883ms)
✔ PAR-01: the parallel path REACHES execute.md's risk sequence instead of copying it (0.153495ms)
✔ ENFORCEMENT, execute-parallel.md: a plan is not reported done while risk-check status refuses (0.072199ms)
✔ PAR-01: both parallel risk-check calls name that plan's OWN merge range (0.315868ms)
✔ GAT-04: every fenced outcome receipt names its trigger, plan and both range ends (0.305828ms)
✔ RSK-07: all four surfaces state the SEVERITY-GATED meaning of `survived` (1.501297ms)
✔ MSR-01: the spawn seam's close-half rule states the turn count, its omission and its own counter (0.233249ms)
✔ MSR-02: report.md names every excluded source the seam exports, where it prints the spend figure (0.132094ms)
✔ TRN-02: the bulk-output rule is stated once, and every converted site performs it (6.396743ms)
✔ PLN-01: the max_plan_tasks decision reads the same off the schema and the catalog (0.517536ms)
✔ SGT-01: the suggest seam's unset-layer defaults are config.schema.json's own (2.069441ms)
✔ REL-01: git.create_tag is read at one prose site, and its purpose names that site (1.023168ms)
✔ AC6: report.md renders its Gates line from the record, states the unrecorded arm, and leaves Refuted on SUMMARY (0.310417ms)
✔ IVW-01: the prose and scanTree state one `recommended`, and only the reason moves (1.839889ms)
✔ IVW-01: both risk-surface interview sites carry the ask-user rules, and the builder holds the cap (0.820308ms)
✔ triage-gate.md: the corr-keyed re-arm read-back survives the deferred arm beside it (0.177772ms)
✔ triage-gate.md: the re-arm read-back, RUN, answers per PLAN and not per corr alone (266.049257ms)
✔ RDX-01: report.md prints the in-dispatch figure with its coverage, its exclusion and the null rule (0.316979ms)
✔ TRC-10: suggest.md's scope step names what shortens the reads record (0.19256ms)
✔ RDX-01: suggest.md qualifies its no-tweak line to CONFIG KEYS and states the info exception (0.177812ms)
✔ every decideManifestBump verdict code is named in BOTH documents (D-07) (0.569906ms)
✔ every frontmatter grammar code has a row in plan-frontmatter.md (D-12) (0.778678ms)
✔ setup: a declined provider question stops both entry points before any write (0.179034ms)
✔ setup: the none-of-these check FAILS when the arm is deleted (0.249119ms)
✔ setup: the create confirmation is put BEFORE the create runs (0.105323ms)
✔ setup: the confirmation-order check FAILS when the create is moved above it (0.142204ms)
✔ EXP-05: the executor verifies a task with the run that task names (0.262976ms)
✔ EXP-05: the targeted-run check FAILS when the sentence is deleted (0.153947ms)
✔ EXP-05: the full suite has one site, after the last task and before the digest (0.233289ms)
✔ EXP-05: the suite-site check FAILS when the site is deleted (0.128317ms)
✔ EXP-05: the executor and the verifier state one rule in one vocabulary (0.621475ms)
✔ PHS-02 (1): the too-big arm names /cad-phase add before the commands that need a phase (0.352308ms)
✔ PHS-02 (2): the arm resolves the phase number rather than printing a placeholder (53.012131ms)
✔ PHS-02 (3): the first stop carries the task's own description, and /cad-phase advertises it (0.334363ms)
✔ PHS-02 (4): no /cad-task surface sends phase-sized work to /cad-context first (0.116655ms)
✔ PHS-02 (5): the /cad-context off-roadmap stop names the command that creates the phase (0.071046ms)
✔ PHS-03: task.md classifies before it guards, with one guard step (0.151541ms)
✔ PHS-03: the phase-sized arm names both doors where there is no planning tree (0.100623ms)
✔ TRC-13: report.md prints ran beside rung, off the bracket row, and names the disagreement (0.323853ms)
✔ RSK-10: every risk-check run invocation names --base and exactly one scope end (3.192911ms)
✔ RSK-10: a plan that landed no commits records the skip rather than a clean check (0.332219ms)
✔ an array passes through unchanged (1.098503ms)
✔ an EMPTY array still means nothing is protected (D-09) (3.707682ms)
✔ a lone string names the branch the user means to protect (#38) (0.115092ms)
✔ a string that names no branch falls to the default (GRD-01, D-02) (0.0884ms)
✔ an array whose entries all name no branch falls to the default (GRD-01, D-01) (0.091125ms)
✔ an array keeps the entries that DO name a branch (GRD-01, D-01) (0.068071ms)
✔ a surviving entry is kept as the user spelled it, never rewritten (0.064764ms)
✔ no returned list ever carries an empty or whitespace-only entry (AC1) (0.17124ms)
✔ every other shape falls back to the default list (0.125221ms)
✔ a missing git block is the default, never a throw (0.121584ms)
✔ publish: byte-exact argv with the branch only inside the one refspec token (1.323396ms)
✔ publish: a valid non-origin remote that IS configured publishes to it (0.159066ms)
✔ refuse: auto_close off wins even when everything else is valid (0.120071ms)
✔ refuse: auto_close undefined -> auto-close-off (only literal true publishes) (0.072148ms)
✔ detail: off everywhere and requested-globally are DIFFERENT sentences (0.133036ms)
✔ detail: the requested-globally sentence says a user-global setting cannot authorize here (0.104441ms)
✔ detail: the off-everywhere sentence still names where the opt-in belongs (0.087909ms)
✔ detail: an authorized call publishes and carries no detail at all (0.090384ms)
✔ detail: gate 1 is the ONLY refusal that carries one (0.162322ms)
✔ detail total: a bare call and non-boolean inputs coerce rather than throw (0.176379ms)
✔ refuse: no branch / detached HEAD -> no-branch (0.231455ms)
✔ refuse: a leading-dash branch -rf -> bad-branch (never read as an option) (0.362267ms)
✔ refuse: a colon/metachar branch -> bad-branch (never a src:dst refspec) (0.467268ms)
✔ refuse: a protected branch -> protected-branch (0.056498ms)
✔ refuse: a path/URL remote -> bad-remote (0.043694ms)
✔ refuse: a dash-prefixed remote never reaches the argv (bad-remote), even if configured (0.05196ms)
✔ refuse: a remote not in configuredRemotes -> remote-not-configured (0.031701ms)
✔ refuse: gate order - bad-remote is reached before remote-not-configured (0.025369ms)
✔ total: non-array protectedBranches/configuredRemotes coerce, never throw (0.030268ms)
✔ total: non-string currentBranch/remote refuse rather than throw (0.030659ms)
✔ total: a bare call with no args refuses (auto-close-off), no throw (0.034306ms)
✔ reap: byte-exact argv with the branch behind a -- end-of-options marker (0.108188ms)
✔ reap: an absent branch is a SKIP, not a failure (idempotent close) (0.059154ms)
✔ reap: an UNKNOWN exists (undefined) still reaps - only false skips (0.034947ms)
✔ refuse: no branch at all -> no-branch (0.079112ms)
✔ refuse: an unsafe branch name -> bad-branch, and the argv stays empty (0.066418ms)
✔ refuse: a protected branch is never reaped (0.036951ms)
✔ refuse: the checked-out branch -> current-branch, a name for what git errors on (0.029887ms)
✔ reap gate order: bad-branch beats protected, protected beats current, current beats absent (0.040919ms)
✔ reap total: a bare call and non-array protectedBranches never throw (0.046951ms)
✔ reap authorizes nothing: no auto_close input exists to pass it (0.032522ms)
✔ torn gate: no torn layer is no refusal, whatever else is on warnings[] (0.072159ms)
✔ torn gate: a torn layer refuses, with the merge's own wording (0.069153ms)
✔ torn gate: TOTAL - a missing or non-array input is no refusal, never a throw (0.045397ms)
✔ a tool outside the recorded set is not a read (1.532587ms)
✔ every recorded tool produces a record (0.314876ms)
✔ Read carries its path and window (0.120742ms)
✔ a main-thread call bills the coordinator; a subagent call bills its type (0.087298ms)
✔ an agent_id with no agent_type is still not the coordinator (0.068231ms)
✔ Bash records the program and NEVER the command line (0.200456ms)
✔ an inline env assignment is stripped, so an inline secret is never the token (0.149167ms)
✔ excerpt_read is billed like Read, with its path as the target (0.07302ms)
✔ excerpt_search records its SCOPE and never its pattern (0.232026ms)
✔ a failed call records is_error and the first line of its cause (0.498288ms)
✔ a successful call records is_error false and no cause (0.099021ms)
✔ a response that says nothing about failure records no is_error at all (0.059154ms)
✔ a cause line masks a credential VALUE and keeps its name (0.070646ms)
✔ an error line is capped rather than storing a payload (0.069023ms)
✔ Grep records its SCOPE and never its pattern (0.080204ms)
✔ tool_response sizes the record when present, and is absent otherwise (0.065686ms)
✔ an unserializable response leaves bytes absent rather than throwing (6.344022ms)
✔ the first write creates the file and round-trips (0.410239ms)
✔ appends accumulate rather than replacing (0.250031ms)
✔ a symlinked reads file is refused, appending nothing (0.141853ms)
✔ a record at the bound ROTATES and the append lands, rather than reporting a cap (7.47653ms)
✔ the marker SEALS the generation it carried away, in bytes (7.10198ms)
✔ the SECOND rotation evicts the generation the first one left (8.104688ms)
✔ a record that only reached the generation SURVIVES the second rotation (AC1) (8.972427ms)
✔ a rescue that cannot READ states the bytes it did not carry, rather than nothing (2.841866ms)
✔ a generation whose marker carries NO seal states an UNKNOWN shortfall, not silence (2.606393ms)
✔ a leftover sibling beside a record UNDER the bound is left exactly where it is (0.294867ms)
✔ writers racing at the bound leave ONE generation, no claim and no record lost (54.336949ms)
✔ an ABANDONED claim is reclaimed rather than disabling rotation forever (6.081877ms)
✔ a LIVE claim is left standing, at the cost of one deferred rotation (283.761504ms)
✔ a claim carrying NO sidecar at all reads as live, the same way (283.840806ms)
✔ an eviction that cannot CONFIRM its claim puts the generation back (AC3) (9.513729ms)
✔ a COMPLETED rotation leaves its sidecar behind, inert, and does not rotate again (14.830614ms)
✔ a single record that reaches the bound by itself is refused, never rotated (22.573507ms)
✔ a record with no room BESIDE the marker is refused, not rotated for (AC2) (15.325847ms)
✔ a record that DOES fit beside the marker rotates under the bound (AC2) (13.369363ms)
✔ a bad record is refused by reason, never thrown (0.199113ms)
✔ an unwritable root returns a reason rather than throwing (0.159987ms)
✔ redundancy is calls-over-distinct, the figure the ledger asks for (0.266252ms)
✔ an untargeted call counts as a call but cannot count as a repeat (0.079543ms)
✔ no targets at all yields no redundancy rather than infinity (0.066097ms)
✔ coordinator and worker reading are split apart (0.127936ms)
✔ a partial byte capture never reads as a total (0.10901ms)
✔ junk records are skipped rather than throwing (0.05193ms)
✔ a command that opens with cd bills the program that did the work (0.28587ms)
✔ a pipeline bills its first real stage, and secrets stay stripped per segment (0.080034ms)
✔ a heredoc body cannot reach the record (0.061358ms)
✔ anything that is not a bare program name is refused, not recorded (0.050547ms)
✔ ordinary commands still bill correctly after hardening (0.04693ms)
✔ a Bash command yields the in-repo files it names, relative to the root (2.055363ms)
✔ a secret in the command line is not a file, so it cannot be recorded (0.303564ms)
✔ a path outside the project is refused however real it is (0.190968ms)
✔ a directory is not a read, and a nonexistent path is not a file (0.164046ms)
✔ quoted, expanded or globbed tokens are content and never candidates (0.133357ms)
✔ a heredoc body cannot contribute a path, matching programOf (0.134218ms)
✔ relative tokens resolve against the calls own cwd, not just the root (0.167713ms)
✔ the per-call file cap bounds a sweep (0.367537ms)
✔ with no opts the record is byte-identical to what it was before files existed (0.101045ms)
✔ recordFromHook carries the files through when the caller supplies a root (0.217869ms)
✔ a Bash call naming no in-repo file carries no files field at all (0.133637ms)
✔ file redundancy is path-touches over distinct files, apart from target redundancy (0.118027ms)
✔ a corpus recorded before files existed yields no file measurement rather than zero (0.063672ms)
✔ join: a rung-suffixed agent normalizes to its role and joins its bracket (0.329123ms)
✔ join: the same record outside every bracket of its role is unjoined (0.132826ms)
✔ join: a record inside two overlapping same-role brackets is AMBIGUOUS, joined to neither (0.218911ms)
✔ join: the host agent types are a stated FLOOR, never a failed join (0.1402ms)
✔ the role mapping is EXPORTED, so the stop hook reads it rather than copying it (0.078611ms)
✔ the rung mapping answers off the TABLE, never off a filename suffix (0.102377ms)
✔ the rung mapping and RUNG_FILES cannot drift apart (0.159747ms)
✔ join: a record with no agent field names the field absent rather than defaulting (0.180377ms)
✔ join: a coordinator read is its own bucket, never an unjoined worker read (0.081176ms)
✔ join: an unreadable timestamp on either side is refused, never widened (0.097338ms)
✔ join: no bracket rows at all is every subagent read unjoined, never an error (0.058793ms)
✔ seam: `reads --join` reports four figures the fixtures fix exactly (55.10687ms)
✔ seam: `reads` WITHOUT the flag returns the envelope it always returned (120.535381ms)
✔ seam: an empty record still says `no reads recorded yet` under the flag (53.898493ms)
✔ in-dispatch: distinct is summed PER BRACKET, so the ratio is in-dispatch and not corpus-wide (0.661272ms)
✔ in-dispatch: a role whose joined reads carry no `files` reports a NULL ratio, never 0 (0.182882ms)
✔ in-dispatch: a coordinator read carrying files is EXCLUDED and counted, never attributed (0.148385ms)
✔ in-dispatch: a read joined to no bracket contributes to nothing at all (0.102768ms)
✔ seam: `reads --join` carries the per-role in-dispatch rows the fixtures fix exactly (59.571365ms)
✔ seam: the join fixtures carry no `files`, so the new key holds NO measurement, never a zero (69.415197ms)
✔ seam: `reads` WITHOUT the flag still carries no in-dispatch key at all (114.112665ms)
✔ seam: two rotations later, `reads` still reports the cut and bills no marker (AC4) (68.126749ms)
✔ the marker carrying the new field is still filtered out of both folds (0.268507ms)
✔ every committed refusal token is still produced by the live tree (80.59335ms)
✔ the census is ONE-DIRECTIONAL: a token the list does not carry passes (51.905222ms)
✔ the list is sorted, distinct and non-empty, so a paste-back is visible (0.256213ms)
✔ the method reads LITERALS only: no sentinel and no expression is on the list (0.265511ms)
✔ the derivation reaches the whole bin tree, so no arm above is vacuous (39.230956ms)
✔ redactUrl: the git:// form, which git does NOT anonymize (1.173257ms)
✔ redactUrl: the path/scp-shaped form, the second one measured to leak (0.196899ms)
✔ redactUrl: an https:// form carrying userinfo, which git anonymizes itself (0.184756ms)
✔ redactUrl: a password-less userinfo is the whole credential and still goes (0.188072ms)
✔ redactUrl: a message with no URL in it comes back byte-identical (0.210425ms)
✔ redactUrl: an email address is an address, not a credential (0.091707ms)
✔ redactUrl: the credential on the second line of a multi-line message (0.102918ms)
✔ redactUrl: a non-string input is coerced, not passed through (0.105122ms)
✔ redactUrl: a userinfo span the window cut before its `@` still goes (0.153024ms)
✔ redactUrl: a port is not userinfo, at end-of-input as much as mid-body (0.162543ms)
✔ redactUrl: the end-of-input rules stay inside redactUrl's own half (0.092968ms)
✔ redactCredentials: an authorization echo loses the scheme word too (0.739062ms)
✔ redactCredentials: a credential-shaped query parameter, name and value (0.091055ms)
✔ redactCredentials: the JSON pair spelling, and the bare form-body one (0.086506ms)
✔ redactCredentials: a bare credential WORD is not a credential shape (0.068872ms)
✔ redactCredentials: total - a non-string input is coerced, nothing throws (0.124519ms)
✔ redactCredentials and redactUrl each keep their own coverage (0.070937ms)
✔ redactCredentials: a QUOTED value goes whole, spaces and all (0.110963ms)
✔ redactCredentials: camelCase names are credential names too (0.080205ms)
✔ redactCredentials: a quoted value cut before its closing quote still goes (0.084804ms)
✔ REDACTION_MARK is the string both redactors actually write (0.060447ms)
✔ cost: a whole ARTIFACT is linear, not quadratic (#167) (79.274894ms)
✔ the start lookbehinds remove attempts, never matches (0.664027ms)
✔ the scheme pin writes back the prefix it absorbed (0.102767ms)
✔ the register pins its row count and its router count (0.776504ms)
✔ the register is frozen, rows and all (0.16125ms)
✔ every row states a router, a branch and a cold path, all root-relative POSIX (0.311028ms)
✔ a cold file the tree does not have is reported against the COLD path (0.966029ms)
✔ a missing cold file is reported ONCE, not also as an unread branch (0.230954ms)
✔ a router carrying no plugin-root path for its cold file is an unread branch (0.246955ms)
✔ a bare `references/<file>` citation is NOT a Read (0.23409ms)
✔ a plugin-root path inside a FENCE is not a Read (0.219082ms)
✔ an unreadable ROUTER reports one unread branch per row, and never throws (0.330857ms)
✔ a references path the router names that no row declares is an unregistered branch (0.70167ms)
✔ an unregistered branch named twice is reported once (0.238919ms)
✔ a router naming ITSELF is not an unregistered branch (0.2861ms)
✔ a path inside a FENCED block is an argument, not a branch (0.211176ms)
✔ an INDENTED fence still hides its contents (0.211717ms)
✔ a path AFTER a fence closes is prose again (0.188112ms)
✔ a path outside cadence-core/references is not a branch (0.194444ms)
✔ arm 3 reads the ROUTER a row names, never every router at once (0.226596ms)
✔ a root with no cadence-core/references contributes nothing (0.097197ms)
✔ a clean fixture reports nothing (0.159437ms)
✔ a two-argument fail() is reported and a three-argument one is not (1.977714ms)
✔ an emit({ok:false, reason}) object literal is reported and a hinted one is not (0.629411ms)
✔ the conditional-spread hint spelling counts as hinted (0.515311ms)
✔ an emit({ok:true, ...}) is never reported (0.253398ms)
✔ a `usage` and an `internal` refusal are not reported (0.814977ms)
✔ a file the register excludes by name contributes nothing, hintless refusal and all (0.429135ms)
✔ every register row carries a one-line reason (0.148615ms)
✔ AC6: a substitute register excluding one more token shrinks the set by exactly that token's sites (0.344242ms)
✔ AC6: a substitute register excluding one more FILE drops that file alone (0.273326ms)
✔ D-08: a refusal inside a // comment or a /** */ block is not reported (0.287894ms)
✔ D-08: the reported line is the line in the ORIGINAL source, not the stripped one (1.0713ms)
✔ a reason that is an EXPRESSION is reported, with the expression named in the detail (0.255672ms)
✔ a site emitting ok:false with NO reason key is reported and its detail says so (0.203812ms)
✔ a call written inside a string or a regex character class is not a call (0.298414ms)
✔ a `function fail(...)` DECLARATION is a signature, not a site - its BODY still is (0.222969ms)
✔ a method call reached through a dot is somebody else's emit (0.185827ms)
✔ a *.test.mjs under the fixture bin is not walked - a test may write any shape (0.11982ms)
✔ a lib/ child IS walked (0.167943ms)
✔ a non-.mjs file under bin is off the walk (0.122105ms)
✔ an ABSENT cadence-core/bin reports nothing rather than throwing (0.101305ms)
✔ an UNREADABLE cadence-core/bin reports nothing rather than throwing (0.425348ms)
✔ refusalSites is the census refusalHintIssues is built on: hinted sites are counted, not filed (2.153261ms)
✔ every issue carries the uniform {kind, file, detail} shape and the one code (0.308544ms)
✔ bump: rewrites only version, preserves every other field, scaffolds changelog (35.440555ms)
✔ bump: a second run is a noop, plugin.json and CHANGELOG byte-identical (no double-bump) (69.035579ms)
✔ bump: no plugin.json -> skip, nothing written (26.330182ms)
✔ bump: no --version refuses even while PROJECT.md ### Active names one - the prose arm is gone (29.113315ms)
✔ bump: a present-but-unparseable plugin.json refuses, never reads as "not a plugin project" (28.604146ms)
✔ bump: a success envelope carries a machine reason code plus the human detail (32.376371ms)
✔ bump: --version IS the shipping number, and a leading v is stripped (27.764982ms)
✔ bump: a target BELOW the manifest version refuses, exit 1, nothing written (29.290867ms)
✔ bump: an unparseable --version refuses, exit 1, nothing written (27.013697ms)
✔ bump: an unparseable version IN THE MANIFEST refuses, exit 1, nothing written (38.745972ms)
✔ bump: a SIBLING that would downgrade is recorded as a refusal, not silently written (D-08) (30.524088ms)
✔ bump: an UNPARSEABLE sibling refuses the whole run, nothing written (D-07) (37.02383ms)
✔ bump: a present-but-UNREADABLE CHANGELOG refuses, nothing written (D-09) (33.786433ms)
✔ bump: a NON-REGULAR CHANGELOG that reads CLEANLY still refuses, nothing written (28.393631ms)
✔ bump: one run puts the staged Unreleased body INSIDE the dated section (41.443511ms)
✔ bump: a second identical run leaves plugin.json and CHANGELOG byte-identical (68.865081ms)
✔ bump: a third run after new content is staged promotes that too (60.413053ms)
✔ bump: an empty Unreleased body reports section_empty so the close authors the notes (29.489057ms)
✔ bump: a version-less PRIMARY manifest refuses, exit 1, nothing written (phase 1 D-01) (39.861316ms)
✔ bump: THIS repo's own manifest pair still bumps, marketplace.json recorded as skip (D-02) (38.599079ms)
✔ bump: changelog.state tells the three states apart by VALUE, not by key presence (D-10) (99.639257ms)
✔ bump: --version v refuses by NAMING the raw argument, not as no-target-version (D-06) (77.685073ms)
✔ bump: the three neighbouring --version spellings keep their own refusals (92.566655ms)
✔ unknown subcommand: usage, ok false (44.096071ms)
✔ bump: an EMPTY --dir refuses by name, exit 1, writes nothing (35.454049ms)
✔ bump: a VALUELESS --dir refuses by name, exit 1, writes nothing (30.153465ms)
✔ bump: --date refuses not a date at all, writing nothing (29.869368ms)
✔ bump: --date refuses not a date at all on a NON-plugin project too (31.371016ms)
✔ bump: --date refuses a well-shaped value outside the month and day ranges, writing nothing (28.156694ms)
✔ bump: --date refuses a well-shaped value outside the month and day ranges on a NON-plugin project too (25.589947ms)
✔ bump: --date refuses unpadded month and day, writing nothing (26.275275ms)
✔ bump: --date refuses unpadded month and day on a NON-plugin project too (31.67963ms)
✔ bump: --date refuses EMPTY - refuses rather than falling through to today (D-05), writing nothing (25.756558ms)
✔ bump: --date refuses EMPTY - refuses rather than falling through to today (D-05) on a NON-plugin project too (29.7142ms)
✔ bump: --date refuses a newline that forged a second release section, writing nothing (30.595735ms)
✔ bump: --date refuses a newline that forged a second release section on a NON-plugin project too (34.355466ms)
✔ bump: a trailing valueless --date refuses, writing nothing (30.952181ms)
✔ bump: an ABSENT --date still dates today (35.41288ms)
✔ bump: a well-formed --date still writes its dated heading (38.088997ms)
✔ bump: an ABSENT --date still dates today - only a PRESENT one is validated (31.625245ms)
✔ normalize: strips a single leading v from the explicit version (0.923978ms)
✔ normalize: null when no explicit version is given (never invent one) (0.105402ms)
✔ compare §11: 1.0.0-alpha < 1.0.0-alpha.1 (a longer identifier list wins a tie) (0.390201ms)
✔ compare §11: 1.0.0-alpha.1 < 1.0.0-alpha.beta (numeric ranks below alphanumeric) (0.100112ms)
✔ compare §11: 1.0.0-alpha.beta < 1.0.0-beta (ASCII order, left to right) (0.086406ms)
✔ compare §11: 1.0.0-beta < 1.0.0-beta.2 (0.461016ms)
✔ compare §11: 1.0.0-beta.2 < 1.0.0-beta.11 (numeric identifiers compare numerically, not as text) (0.090925ms)
✔ compare §11: 1.0.0-beta.11 < 1.0.0-rc.1 (0.063041ms)
✔ compare §11: 1.0.0-rc.1 < 1.0.0 (a prerelease sorts below its own release) (0.059114ms)
✔ compare: the numeric triple dominates - 2.0.0 > 1.9.9 (0.130591ms)
✔ compare: build metadata is ignored entirely - 1.0.0+a, 1.0.0+b and 1.0.0 are all equal (0.076027ms)
✔ compare: an out-of-grammar version is null, never a guessed order (0.053212ms)
✔ compare: a leading v is out of grammar here (normalizeTargetVersion strips it upstream) (0.030519ms)
✔ compare: majors above Number.MAX_SAFE_INTEGER still order correctly (0.031591ms)
✔ bump: current differs from target -> bump with from/to (0.096095ms)
✔ bump: current equals target -> noop (idempotency, no double-bump) (0.040718ms)
✔ bump: no version field on the manifest -> skip (D-03 sibling guard) (0.035368ms)
✔ bump: no target version -> refuse, never write a null (0.085735ms)
✔ bump: every verdict carries a machine code from the closed set (0.037963ms)
✔ bump: a target BELOW the manifest version refuses downgrade (never any-difference) (0.037803ms)
✔ bump: 1.1.0-rc.2 -> 1.1.0 is still an upgrade (a release outranks its prerelease) (0.029948ms)
✔ bump: 1.1.0 -> 1.1.0-rc.2 refuses downgrade (going back to a prerelease) (0.030218ms)
✔ bump: an unparseable TARGET refuses by name, naming the side and the value (0.040939ms)
✔ bump: an unparseable MANIFEST version refuses by name, naming the side and the value (0.033224ms)
✔ bump: the TARGET is checked before the manifest - one bad number refuses every manifest alike (0.032853ms)
✔ bump: a build-metadata-only difference is not an upgrade (0.034186ms)
✔ changelog: inserts heading + link reference above the [1.0.0] entry, unaltered (0.584734ms)
✔ changelog: idempotent - a second call for the same version is a no-op (0.113508ms)
✔ changelog: total on empty/missing input, no throw (0.079883ms)
✔ changelog: a released entry lands BELOW a leading [Unreleased] section, not above it (0.094722ms)
✔ changelog: Unreleased-only file (no released heading) appends the release after it (0.107366ms)
✔ changelog: empty url omits the link reference line entirely (no malformed [ver]: ) (0.094723ms)
✔ changelog: a `## ` line inside a fenced block is not a heading - the fence stays contiguous (D-09) (0.075596ms)
✔ promote: staged content ends up INSIDE the dated section, not stranded above it (0.393978ms)
✔ promote: [Unreleased] survives as an empty stub with nothing stranded under it (0.178433ms)
✔ promote: a second call is a no-op and byte-identical (idempotent on an empty body) (0.078812ms)
✔ promote: a re-run that staged NEW content promotes that too (not first-run-only) (0.107576ms)
✔ promote: no [Unreleased] section -> no-op, nothing invented (0.07254ms)
✔ promote: no dated heading for the target -> no-op, content stays staged (0.060987ms)
✔ promote: trailing link references stay put when [Unreleased] is the last section (0.559185ms)
✔ promote: a reference definition INSIDE the body travels with the content that cites it (0.13518ms)
✔ promote: sectionEmpty is false once content landed, true when the section stays bare (0.112427ms)
✔ changelog+promote: scaffolding then promoting puts the dated heading above the fence-open line, all five body lines between it and [1.0.0] (D-09) (0.086356ms)
✔ promote: a body of only ###/#### subheadings reports sectionEmpty:true (D-03) (0.055918ms)
✔ promote: a prose-only body with no bullets reports sectionEmpty:false (D-03) (0.051609ms)
✔ promote: a last-section body ending in a bare-key ref promotes BOTH the bullet and the definition (D-05) (0.146802ms)
✔ promote: a file-final ref naming an EXISTING heading stays in the trailing block, outside the promoted body (D-05) (0.137053ms)
✔ promote: total on junk input - a non-string text and a falsy version never throw (0.050046ms)
✔ an explicit repo-layer true is the one shape that authorizes (0.709184ms)
✔ an explicit repo-layer false does not authorize (0.209684ms)
✔ a repo config that never mentions the key does not authorize (0.162162ms)
✔ an absent .planning/config.json does not authorize (0.139659ms)
✔ truncated JSON does not authorize - the read fails CLOSED (0.170478ms)
✔ a user-global true cannot speak for a repository that stayed silent (0.19746ms)
✔ fixture state 1 - no report present: nothing to rotate (1.282627ms)
✔ fixture state 2 - one report present: rotates to the first free suffix (0.339663ms)
✔ fixture state 3 - several already rotated: takes the lowest free suffix (0.427271ms)
✔ the rotate-twice round trip leaves three readable reports, the earliest byte-identical (0.345875ms)
✔ a base report stored in another case is FOUND, not read as absent (0.110873ms)
✔ unreadable inputs throw rather than answering "nothing to rotate" (0.409858ms)
✔ AC6: both names rotation produces are matched by /cad-report's own glob (2.476393ms)
✔ isReportName: this plan's canonical report and its rotated siblings (0.16102ms)
✔ isReportName: the anchors are load-bearing - plan-11 is not plan 1 rotated (0.138226ms)
✔ isReportName: byte-exact on case, unlike the rename scan above it (0.126944ms)
✔ isReportName: a malformed plan number throws rather than answering (0.152633ms)
✔ isReportName: every name rotation PRODUCES is one it recognises (0.13528ms)
✔ requireInt: accepts a clean integer string (0.994493ms)
✔ requireInt: accepts a signed integer with surrounding whitespace (0.10949ms)
✔ requireInt: rejects non-numeric, empty, whitespace-only, and non-integer strings (0.097387ms)
✔ requireInt: rejects a boolean true (valueless flag) and undefined (0.079133ms)
✔ requirePhaseArg: a sub-phase keeps the caller's own spelling (0.177461ms)
✔ requirePhaseArg: a zero-padded phase addresses phases/08, not phases/8 (0.082809ms)
✔ requirePhaseArg: the raw spelling is trimmed (0.066728ms)
✔ requirePhaseArg: refuses everything the cursor shape refuses (0.105844ms)
✔ requireInt: refuses a value past the safe-integer range (0.109771ms)
✔ requireCursorNumber: refuses a value past the safe-integer range in both forms (0.226906ms)
✔ requirePhaseArg: refuses a value past the safe-integer range (0.089201ms)
✔ requirePhaseArg: the spellings the range guard must NOT touch still read (0.077318ms)
✔ lib/retired-keys.mjs is byte-identical - the eight risk.override.* keys stay retired (1.48176ms)
✔ model.profile points at the roles block, not at a key the write face refuses (0.19771ms)
✔ stakes reads as a v3.7.12 retirement naming the roles block and the interview (0.114891ms)
✔ model.auto.escalate_on_failure names the promoted key (0.078491ms)
✔ model.auto.ceiling reads as a removal, naming no replacement key (0.098029ms)
✔ model.auto.max_escalations reads as a removal, naming no replacement key (0.080175ms)
✔ a live key is not retired: granularity and workflow.research both return null (0.070947ms)
✔ a non-string key never throws and is not retired (0.158955ms)
✔ RETIRED_KEYS is frozen, so a caller cannot edit the shared map (0.111875ms)
✔ review.triggers.pre_ship.gate reads as a removal naming the milestone (0.16661ms)
✔ review.triggers.pre_ship.tier and .effort each name v3.2.0 too (0.123758ms)
✔ a config that set the pre-ship gate gets a v3.2.0 warning, not unrecognized-key (0.225384ms)
✔ a config still holding model.profile warns exactly once, naming the roles block (0.100955ms)
✔ a config still carrying stakes warns on the read face with the same pointer (0.101455ms)
✔ the presence of the key is the fault, whatever value it holds (0.115271ms)
✔ two retired auto keys yield two warnings, one each (0.505903ms)
✔ a live config warns about nothing (0.442842ms)
✔ a scalar at an intermediate segment yields no match and no throw (0.094392ms)
✔ an array at an intermediate segment yields no match and no throw (0.071578ms)
✔ a null or non-object config yields an empty list (0.093159ms)
✔ every Object.prototype member reads as not-retired, never as a v2.0.0 removal (0.116544ms)
✔ the guard costs the vocabulary nothing: a real retirement still reports since, replacement and detail (0.089663ms)
✔ parseEnvFile: comments, quotes, export prefix, blank lines (1.23222ms)
✔ resolveTimeoutMs: a usable configured value wins (0.119831ms)
✔ resolveTimeoutMs: anything unusable falls back to the default, never throws (0.085024ms)
✔ resolveTimeoutMs: an oversized value is clamped, never left to overflow (0.111946ms)
✔ resolveTimeoutMs: the default fits between a real review and the host ceiling (0.085946ms)
✔ resolveMaxPromptTokens: a usable configured value wins (0.669748ms)
✔ resolveMaxPromptTokens: anything unusable falls back to the default, never throws (0.138687ms)
✔ resolveMaxPromptTokens: a huge value is NOT clamped (0.055497ms)
✔ estimatePromptTokens: ceil of chars/4 over the string parts only (0.119189ms)
✔ estimatePromptTokens: the cap boundary - at the cap is not over it (0.302261ms)
✔ parseEnvFile quirks: = in values, asymmetric quotes, inline comments kept (0.097588ms)
✔ stripAdditionalProperties: removes the key at every depth, nothing else (0.485414ms)
✔ FINDING_SCHEMA: the bounds are stated on the wire, in every dialect (RVP-02) (0.361184ms)
✔ validateFindings: accepts the exact shape, names the first defect (0.215505ms)
✔ validateFindings: every schema bound refuses by its own name (RVP-02) (0.500834ms)
✔ validateConsult: angles need all three string fields (0.120261ms)
✔ schema-eval: every implemented keyword, both directions (RVP-02) (0.688414ms)
✔ agreement: the schema and validateFindings give the same verdict, every fixture (RVP-02) (1.133389ms)
✔ classify: tier hints applied, non-text modalities excluded, unknowns kept (0.329103ms)
✔ classify: shipped rule ordering - specific families beat generic substrings (0.180037ms)
✔ classify: injected hints prove first-match-wins mechanics (0.14586ms)
✔ broken or missing hints: classify STILL degrades to all-unknown (fail-safe), but the envelope now distinguishes them via warnings[] (#43) (0.417032ms)
✔ adapters: extractText handles both OpenAI response shapes and Gemini parts (0.127045ms)
✔ adapters: extractModels strips the Gemini models/ prefix and filters methods (0.117436ms)
✔ classify: deepseek families map to tiers, non-thinking gets no high_effort (0.116955ms)
✔ adapters: deepseek extractText reads choices[].message.content, extractModels reads data[].id (0.081888ms)
✔ adapters: deepseek structuredRequest is chat/completions json_object with the bare schema in-prompt (0.180046ms)
✔ parseArgs: subcommand plus --flag value pairs (0.222127ms)
✔ ARG-06: a flag-shaped value is bad-args by NAME, never a domain refusal (215.095114ms)
✔ cli: unknown command degrades to bad-command (43.198917ms)
✔ cli: unknown provider degrades to bad-provider (33.97151ms)
✔ cli: invoked through a symlink still runs (argv[1] vs import.meta.url divergence) (42.869894ms)
✔ cli: missing key degrades to no-key naming where to set it (40.830221ms)
✔ cli: deepseek missing key names DEEPSEEK_API_KEY (40.338896ms)
✔ cli: malformed payload degrades to bad-payload before any network call (77.387901ms)
✔ cli: key file is actually parsed (env absent, file supplies the key, flow reaches payload) (40.167645ms)
✔ cli: an over-cap review payload is refused before any request (43.896237ms)
✔ cli: an over-cap consult payload is refused the same way (45.486004ms)
✔ cli: a non-string payload field is refused, so the cap cannot be walked past (117.807982ms)
✔ cli: review and consult without --model degrade to bad-args before key lookup (83.248203ms)
✔ cli: consult payload must carry {situation} (40.228332ms)
✔ cli: an env-set key wins - flow proceeds even when the key file is absent (44.25682ms)
✔ cli: key-file paths expand ~ and default to XDG_CONFIG_HOME (78.920569ms)
✔ provider trace: a command that issues no request is STILL recorded, naming its reason (38.976284ms)
✔ provider trace: --trigger rides the event, joining the call to its fire (35.24138ms)
✔ provider trace: a call without --trigger writes an event with no trigger key (40.109924ms)
✔ provider trace: an over-cap refusal records itself, from its own process (39.979122ms)
✔ provider trace: an unwritable trace changes the envelope by not one byte (78.392564ms)
✔ harness: a body split across chunks reaches the seam as the same body (4.065169ms)
✔ harness: a destroyed response stops the emit loop mid-list (10.248762ms)
✔ fault: the destination is the adapter base, and no environment variable moves it (1.150083ms)
✔ fence: a credential in the artifact does not reach the wire (#167) (0.715326ms)
✔ fence: a clean artifact crosses byte-identical and adds no field (#167) (0.390922ms)
✔ fence: consult fences its situation too (#167) (0.71238ms)
✔ fence: an artifact that already holds the mark still reports a redaction (#167) (0.363409ms)
✔ fence: the cap measures the FENCED text, not the raw payload (#167) (0.381334ms)
✔ fault mode 1/6 - request timeout: the caller sees transport, and the trace names it (0.479342ms)
✔ fault mode 2/6 - HTTP 4xx: the caller sees http with the status, and the trace names it (0.777956ms)
✔ fault mode 3/6 - HTTP 5xx: the caller sees http with the status, not a retry (0.367968ms)
✔ fault mode 4/6 - a dead or unknown model id: the provider 404 reaches the caller intact (0.445456ms)
✔ fault mode 5/6 - a malformed or truncated body: bad-json, and no text at all: no-output (0.689826ms)
✔ fault mode 6/6 - an EMPTY findings set is ok:true and is NOT a drop-out (D-22) (1.125024ms)
✔ fault: consult and detect-models degrade through the same six-mode mapping (0.536432ms)
✔ bound: a response past the ceiling is over-response, and the stream is CUT (1.80441ms)
✔ bound: one read path, so consult and detect-models are bounded by the same change (1.902799ms)
✔ bound: a body one byte under the ceiling still resolves exactly as before (7.314729ms)
✔ bound: an ordinary socket error is still transport, not over-response (0.399108ms)
✔ bound: the http envelope carries a capped, sanitized excerpt - one shape always (0.469493ms)
✔ bound: a body over the excerpt cap is cut, and says so (0.389469ms)
✔ bound: a body near the RESPONSE ceiling is excerpted in bounded time (0.557272ms)
✔ drop-out: every refusal before the wire writes ONE provider event naming its reason (2.1263ms)
✔ drop-out: `bad-command` records nothing - no command ever began (0.207028ms)
✔ fault: a 200 the schema does not match is bad-shape, distinct from bad-json (0.28077ms)
✔ CST-04: every adapter records the usage ITS provider reported, in its own spelling (1.560541ms)
✔ CST-04: a response carrying no usage writes NEITHER key - absent, never zero (0.901344ms)
✔ CST-04: a credential-shaped span in the provider usage object never reaches the trace (1.734405ms)
✔ CST-04: a call that burned its budget and came back unusable still records what it burned (1.420632ms)
✔ CST-04: provider usage is its OWN denomination and reaches no role total (D-01) (1.738504ms)
✔ RVP-01: the response is bounded by bytes Cadence owns, and the failure envelope is capped (1.238983ms)
✔ bound: a credential straddling the sanitize window does not reach the envelope (0.427091ms)
✔ EXP-02: a userinfo span the window cut before its `@` never reaches the excerpt (0.236274ms)
✔ EXP-02: the same cut span at high magnitude - the class, not the issue figure (0.123658ms)
✔ RVP-02: local validation refuses exactly what the canonical schema refuses (0.725005ms)
✔ a risky range matches a category and names the signal that found it (2.738858ms)
✔ a clean range is judged clean: no matches, and not inconclusive (0.957852ms)
✔ a binary-only range is inconclusive, never collapsed into a clean answer (0.142855ms)
✔ an empty body is a COMPLETED check of an empty range, not an unchecked one (0.112146ms)
✔ a substring is not a path signal: src/authority.rs is not `auth` (0.195847ms)
✔ a null body returns a record rather than throwing (0.07777ms)
✔ a scalar body returns a record rather than throwing (0.071417ms)
✔ a partly-binary range that also matched reports BOTH, not one or the other (0.134579ms)
✔ a gitlink bump is inconclusive: git emitted a hunk, the nested code is not in it (0.116354ms)
✔ a submodule ADD is inconclusive on the same grounds (0.163133ms)
✔ a gitlink beside a readable file reports BOTH the match and the unread half (0.145079ms)
✔ the vocabulary is the CALLER's: a category outside it is never reported (0.120151ms)
✔ context lines are not an input - only added and removed lines are read (0.087037ms)
✔ resolveRange: an unresolvable HEAD keeps the base git DID resolve, and names `head` (51.946882ms)
✔ resolveRange: an unresolvable BASE keeps the head, and names `base` (48.012896ms)
✔ risk-check run: a risky range answers ok:true with matches AND leaves one record (80.327689ms)
✔ risk-check run: a CLEAN range leaves the same record - the whole point of the seam (96.601118ms)
✔ risk-check run: a SAME-COMMIT range is a completed empty check, not an unchecked one (74.810577ms)
✔ risk-check run: a REVERT PAIR is empty too - the ids differ and the net diff does not (93.854573ms)
✔ risk-check run: a diff DRIVER cannot turn a risky range into a completed EMPTY check (113.326904ms)
✔ risk-check run: a record quoting a destructive command is a completed CLEAR, not a fire (110.86126ms)
✔ risk-check run: withholding the record does not withhold detection from the code beside it (102.41172ms)
✔ risk-check run: `ADJUDICATION-risk_surface-plan-1.json` is withheld from the range the gate reads (88.813756ms)
✔ risk-check run: `REVIEW-risk_surface-plan-1.md` is withheld from the range the gate reads (99.740321ms)
✔ risk-check run: `FINDINGS.json` is withheld from the range the gate reads (82.986419ms)
✔ risk-check run: `verifier-findings.json` is withheld from the range the gate reads (92.022529ms)
✔ risk-check run: a PLAN.md in the SAME directory still trips - the boundary is the four shapes (90.759579ms)
✔ risk-check run: EVERY entry of the withheld set is exercised, however many it holds (359.696602ms)
✔ risk-check run: a --surfaces token outside the eight is refused, and appends NOTHING (64.823223ms)
✔ risk-check run: an unreadable range is ok:false, and STILL leaves its record (72.036726ms)
✔ risk-check run: an unresolvable HEAD keeps the base id and states the cause on the row (61.980645ms)
✔ risk-check run: the mirror - an unresolvable BASE keeps the head id and names `base` (65.158076ms)
✔ risk-check run: --base and --head are required, and a flag-shaped ref is refused (104.674597ms)
✔ risk-check run: --base <ref> --staged scans the INDEX and records it as staged (59.123771ms)
✔ risk-check run: a staged row carries the INDEX id, the identity its base cannot carry (63.73006ms)
✔ risk-check run: --staged reads the INDEX alone - an unadded worktree file is outside it (55.353671ms)
✔ risk-check run: an EMPTY index is a completed empty check, not an unchecked one (59.595749ms)
✔ risk-check run: --head and --staged together are two spellings of one scope, refused (57.471894ms)
✔ risk-check run: a --staged run whose base does not resolve keeps the staged shape (61.75931ms)
✔ risk-check run: a REF-RANGE row carries no `staged` field at all (69.895057ms)
✔ risk-check run: --plan with nothing after it is refused, never read as plan 1 (58.520258ms)
✔ risk-check status: a completed range with no record refuses, naming the plan (47.107238ms)
✔ risk-check status: appending the plan-1 record makes the identical call pass (52.853299ms)
✔ risk-check status: an EMPTY committed range is `recorded`, not `risk-record-missing` (110.363173ms)
✔ risk-check status: a PRE-FIX empty-range record still refuses - an absent flag is not empty (47.643469ms)
✔ risk-check status: a checkpoint AND a return for one plan report it once, not twice (44.419158ms)
✔ risk-check status: a record from an earlier, narrower range is STALE, not satisfaction (118.957873ms)
✔ risk-check status: a record left under `--head HEAD` does not satisfy a LATER HEAD (166.467726ms)
✔ risk-check status: a ref that cannot be resolved is a refusal, never a match (97.475006ms)
✔ risk-check status: a STAGED run is the record a staged ask finds (99.798817ms)
✔ risk-check status: a staged record does not answer for a LATER index (185.050635ms)
✔ risk-check status: a staged record carrying NO index id is never a match (96.976875ms)
✔ risk-check status: a REF-RANGE record does not satisfy a STAGED ask (100.589352ms)
✔ risk-check status: both scopes together, and a staged ask with no --plan, are refused (84.257594ms)
✔ risk-check status: a staged ask whose base does not resolve refuses, naming `base` (48.985137ms)
✔ risk-check run: the record carries the resolved commit ids beside the spellings (56.487015ms)
✔ risk-check status: a record whose git read FAILED is not a check, and does not satisfy (39.327083ms)
✔ risk-check status: a NAMED range whose only record is unchecked is refused too (54.781716ms)
✔ risk-check status: an INCONCLUSIVE record satisfies the RECORD half, with the flag on the row (39.659042ms)
✔ risk-check status: a phase with no completed executor range is ok:true and empty (38.762257ms)
✔ risk-check status: the range triple is all three or none (38.351277ms)
✔ risk-check status: a named range is required even when its return never landed (55.812407ms)
✔ risk-check status: an EARLIER invocation of the same cycle is still required (41.734122ms)
✔ risk-check status: a signed-off cycle stops being required, an unsigned one does not (40.69835ms)
✔ risk-check status: a PARTIAL verdict is not a bound (40.13108ms)
✔ risk-check status: an UNREADABLE sign-off is not a bound (37.763426ms)
✔ risk-check status: a return the bound cannot PLACE is still required (40.411609ms)
✔ risk-check status: a PREVIOUS cycle's completed range does not hold this run open (37.317599ms)
✔ risk-check status: scoping to this run is not a blanket pass - the CURRENT corr still refuses (42.158839ms)
✔ risk-check status: a record left under a PREVIOUS cycle does not satisfy this run (39.46553ms)
✔ risk-check status: a MATCHED range with no fire receipt is refused (38.081557ms)
✔ risk-check status: an outcome `adjudication` clears a matched range (41.646142ms)
✔ risk-check status: an outcome `adjudication` for ANOTHER trigger clears nothing (43.493294ms)
✔ risk-check status: an outcome `rearm` clears a matched range (39.845318ms)
✔ risk-check status: an outcome `rearm` for ANOTHER trigger clears nothing (42.440449ms)
✔ risk-check status: an outcome `gate_pass` clears a matched range (40.133252ms)
✔ risk-check status: an outcome `gate_pass` for ANOTHER trigger clears nothing (41.081105ms)
✔ risk-check status: an outcome `override` clears a matched range (42.759233ms)
✔ risk-check status: an outcome `override` for ANOTHER trigger clears nothing (43.029933ms)
✔ risk-check status: a receipt under a PREVIOUS cycle's corr clears nothing (48.66509ms)
✔ risk-check status: a range the detector CLEARED needs no receipt at all (39.713455ms)
✔ risk-check status: an INCONCLUSIVE range still needs the fire receipt (37.643144ms)
✔ risk-check status: a checked:false record reports `unchecked`, never the new state (44.838571ms)
✔ risk-check status: a NAMED range that matched is refused until its fire is recorded (142.077226ms)
✔ risk-check status: an explicit user OVERRIDE written through the seam clears the range (112.491959ms)
✔ risk-check status: an earlier fire's receipt does not clear a LATER matched range (149.46332ms)
✔ risk-check status: a non-empty matches nothing can name still reads as FIRED (40.801508ms)
✔ risk-check status: a reasonless override is not a receipt (81.291934ms)
✔ risk-check status: the PHASE-WIDE arm needs a receipt per fired range too (95.940604ms)
✔ risk-check status: a receipt for another BASE over the same head settles nothing (62.594065ms)
✔ risk-check status: a receipt with no --base settles nothing when the record has ids (63.936717ms)
✔ risk-check status: a receipt written with no --plan joins nothing (39.375093ms)
✔ risk-check run: an UNANSWERED project is refused rather than detected on a defaulted scope (51.006311ms)
✔ risk-check run: an unanswered project with --surfaces named is NOT refused (68.218932ms)
✔ risk-check run: a half-answered list fails SAFE - refused, not narrowed to its valid subset (48.697941ms)
✔ risk-check run: the ANSWERED set scopes detection, rather than being resolved and dropped (55.605435ms)
✔ risk-check run: a TORN config layer is refused even when --surfaces was named (90.194915ms)
✔ risk-check run: the answer is judged against the schema enum, not a local list (0.409397ms)
✔ the census: neither this file nor the detector matches the detector (7.62851ms)
✔ scanDeclared: a declared path with NO body still matches by path segment (0.182611ms)
✔ scanDeclared: a body matches only when its category is in the vocabulary (0.522184ms)
✔ scanDeclared: a signal-table file is exempt from the CONTENT pass, by path (1.251697ms)
✔ scanDeclared: the OTHER signal-table file matches nothing under either path (2.364487ms)
✔ scanDeclared: a content match says `body line`, and never that a line CHANGED (0.084252ms)
✔ scanDeclared: no signal this face returns anywhere contains "changed line" (0.120011ms)
✔ scanDeclared: a DOCUMENT body is prose - the same bytes are code under a source path (0.106595ms)
✔ scanDeclared: a document still evidences by PATH, and no extension is not a document (0.069964ms)
✔ scanDeclared: the document rule is scoped to THIS face - scanDiff still reads a .md hunk (0.044626ms)
✔ scanDeclared: an IMPORT of a risky name is not evidence, and calling it still is (0.055797ms)
✔ scanDeclared: a literal CONSTANT is not evidence, and a call that uses one still is (0.079422ms)
✔ scanDeclared: a constant initialized by a CALL still counts - the literal rule is load-bearing (0.039285ms)
✔ scanDeclared: a MIXED line is never withheld - the exemption ends at the statement (0.04176ms)
✔ scanDeclared: the line-kind rule is scoped to THIS face - scanDiff still reads an added import (0.048854ms)
✔ scanDeclared: `withheld` names the file and the category whose only evidence was withheld (0.050147ms)
✔ scanDeclared: a category that SURVIVES on a kept line is not named as withheld (0.052ms)
✔ scanDeclared: PATH evidence is never reported as withheld - the exemption did not cost it (0.035519ms)
✔ scanDeclared: a null, a scalar and an absent body each report rather than throw (0.131964ms)
✔ scanDeclared: one signal ORDER serves both faces - path evidence wins over content (0.050908ms)
✔ risk-check status: a skipped EARLIER plan does not refuse a LATER plan's named range (146.080348ms)
✔ risk-check status: a skip carrying NO sha satisfies nothing (38.556038ms)
✔ risk-check status: a skip answers only for the self-comparing range it describes (149.416864ms)
✔ risk-check status: a record outranks a skip for the same plan (41.798001ms)
✔ an issuing file with no relay paragraph is one issue, naming the line (4.670553ms)
✔ the same text plus the relay paragraph is clean (0.476897ms)
✔ a file that only MENTIONS the resolve inline issues nothing (0.1038ms)
✔ `relay` and `warnings` in DIFFERENT paragraphs do not satisfy each other (0.123839ms)
✔ a paragraph re-wrapped across lines still states the rule (0.073752ms)
✔ two issuing sites in one unrelayed file report one entry each (0.096065ms)
✔ a quoted and an unquoted plugin-root path both count as issuing (0.072851ms)
✔ the brace-less $CLAUDE_PLUGIN_ROOT spelling is an issuing site too (0.098389ms)
✔ the brace-less spelling plus the relay paragraph is clean (0.123407ms)
✔ a plugin-root invocation of a DIFFERENT script is not an issuing site (0.133336ms)
✔ route.mjs `table` is not a resolve (0.109791ms)
✔ relay is word-bounded: "relayed" alone does not state the rule (0.096676ms)
✔ the relay paragraph may sit BEFORE the invocation (0.075676ms)
✔ a non-string input yields [], never a throw (0.099411ms)
✔ a resolve returns the whole bundle, and no level anywhere in it (40.047846ms)
✔ default cad-planner: the schema's own rung, and no model (32.307599ms)
✔ default cad-assumptions-analyzer: the schema's own rung, and no model (32.67193ms)
✔ default cad-verifier: the schema's own rung, and no model (43.693187ms)
✔ default cad-reviewer: the schema's own rung, and no model (42.792215ms)
✔ default cad-executor: the schema's own rung, and no model (43.235587ms)
✔ default cad-plan-checker: the schema's own rung, and no model (31.92396ms)
✔ a pin replaces the model at every role and never touches its rung (206.102352ms)
✔ the review map with nothing configured is the schema defaults (42.992218ms)
✔ verify is off wherever no floor raised (34.936584ms)
✔ risk_surface is blocking with nothing configured - a match is never waved through (31.997652ms)
✔ a config gate that AGREES with the schema default is taken silently (35.852015ms)
✔ a config gate that DISAGREES wins, and the reason names both values (D-04) (36.144047ms)
✔ an unset gate says the schema default answered it (45.745563ms)
✔ no configured reviewers resolves every trigger to claude-subagent, silently (35.239156ms)
✔ a provider with no model id at the trigger's tier falls back, naming both (35.823079ms)
✔ a provider WITH a model id at that tier is the resolved reviewer (67.363271ms)
✔ a config-set tier wins over the schema default for the availability test (D-04) (37.864495ms)
✔ one available reviewer beside one unavailable keeps the set and names the drop (34.707574ms)
✔ the reviewer set is its own field - `review` gains, loses and reorders nothing (36.730423ms)
✔ the key absent from both layers resolves all eight, marked unanswered (32.582016ms)
✔ a repo layer setting two categories resolves exactly those two, marked answered (37.725879ms)
✔ an entry outside the vocabulary fails SAFE and is NAMED, never narrowed to the valid subset (40.594255ms)
✔ a non-list value contributes nothing and all eight stand (37.104864ms)
✔ a list that resolves to no category reads as UNANSWERED, not as an empty scope (39.002224ms)
✔ the surface set is its own field - `review` and `reviewers` gain nothing (40.508901ms)
✔ a schema rung default naming no rung of the role degrades to unresolved (42.061378ms)
✔ the shipped DEFAULT holds a retry - escalation is opt-in, and the hold is diagnosable (68.359016ms)
✔ escalation climbs exactly ONE rung, on every role (196.263541ms)
✔ escalation climbs from the CONFIGURED start, never from the schema default (33.866985ms)
✔ at the TOP rung a retry holds, and says there is nothing above it (31.779119ms)
✔ model.escalate_on_failure: false holds the rung and names the key in reason (35.116518ms)
✔ a config still holding model.profile warns and never reports a configured layer (29.729328ms)
✔ the first reason names the LAYERS that were read, and claims nothing about them (32.792058ms)
✔ resolve: a non-integer --attempt is usage, not silently coerced (#45.2) (67.002494ms)
✔ resolve: a valueless --file is usage, not reason:"internal" (both spellings) (95.049496ms)
✔ usage degradation: missing --role and unknown subcommand (91.929716ms)
✔ ARG-06: a flag-shaped value is refused BY NAME, never swallowed as the value (211.014508ms)
✔ the cross-model panel for plan: both halves ride the envelope (34.292093ms)
✔ the cross-model panel for diff: both halves ride the envelope (33.011169ms)
✔ the cross-model panel for risk_surface: both halves ride the envelope (31.718263ms)
✔ the cross-model panel for phase_diff: both halves ride the envelope (30.586626ms)
✔ the panel does not move with the ROLE - only its own two keys decide it (750.969001ms)
✔ the envelope's top-level effort stays the agent RUNG, not the panel effort (25.199355ms)
✔ a config-set effort wins over the schema default, like the tier (26.363092ms)
✔ an out-of-vocabulary config tier or effort is refused with a warning, like a gate (26.01363ms)
✔ a schema row with no effort default answers null, never a dropped key (26.844959ms)
✔ unknown role degrades to ok:false (caller falls back to session default) (30.30263ms)
✔ missing config file uses schema defaults, does not crash (27.850533ms)
✔ neither stakes nor stakes_set rides the envelope, key present or not (53.513459ms)
✔ global layer applies when no repo config is present (27.056727ms)
✔ repo config overrides the global layer (repo wins) (26.441624ms)
✔ layers deep-merge: a global model block and a repo roles key combine (25.59769ms)
✔ an override pins one role and leaves the others at the session model (56.44693ms)
✔ a pin keeps the rung swap - the two answers do not touch (26.569959ms)
✔ a pin the host does not accept warns and sends NO model parameter (27.701966ms)
✔ a roles-block model and rung resolve together, and pinned stays FALSE (29.314297ms)
✔ a roles model the host does not accept warns, and no parameter is sent (AC7) (24.752244ms)
✔ a rejected roles model does NOT fall through to the pin (27.897431ms)
✔ a roles model WINS over the pin, and a warning names the winner (26.49188ms)
✔ overrides layer: repo pin wins over a global pin (25.760553ms)
✔ an unreadable schema degrades to ok:false, reason bad-schema, no stack (51.692264ms)
✔ every rung the MAP names has an agent file carrying exactly that effort (0.703854ms)
✔ CADENCE_CONFIG_SCHEMA without the sentinel is ignored, and silently (54.001314ms)
✔ a config gate outside the five values loses to the schema default, and says so (24.409694ms)
✔ a gate of the wrong TYPE takes the same path as a typo (105.588026ms)
✔ a VALID disagreeing gate still wins - the check runs in front of D-04, not over it (25.419256ms)
✔ with NO triggers block the schema default decides phase_diff (26.171983ms)
✔ the SCAFFOLDED template carries no triggers block, so nothing overrides the default (25.869722ms)
✔ a VALID agreeing gate still emits no warning (28.532233ms)
✔ an injected schema decides the gate - route.mjs reads the file, not a copy (27.201424ms)
✔ the schema injection is GATED behind CADENCE_TEST_SEAM, like the table (28.367476ms)
✔ a schema row with no values list accepts no configured gate at all (25.858952ms)
✔ a configured start rung replaces the schema default, and picks that rung's file (26.875066ms)
✔ a configured start rung reaches the top of a role's own ladder (28.116734ms)
✔ a start rung equal to the default says so rather than claiming a change (27.533572ms)
✔ the start rung is read from the merged config LAYERS, never a plugin file (29.158768ms)
✔ a hand-edited rung the role has no FILE for is refused, never fail-open dispatched (26.374553ms)
✔ a roles-block start rung replaces the schema default, and picks that rung's file (25.835918ms)
✔ the roles block WINS over model.effort, and a warning names the winner (31.290568ms)
✔ a rung outside the ladder loses its turn, and the NEXT source answers (50.691259ms)
✔ a roles entry that is not a map contributes nothing, and the older key answers (29.743673ms)
✔ a retry climbs one rung from the CONFIGURED start, not from the schema default (25.835156ms)
✔ a retry never resolves BELOW the rung that failed (26.243702ms)
✔ model.escalate_on_failure: false still wins over the start rung, unchanged (27.902522ms)
✔ unknown-role still reports the retired key the config is holding (28.950698ms)
✔ unresolved still reports it too, where the whole array was dropped (28.563983ms)
✔ a clean ok:false carries no empty warnings array (24.394985ms)
✔ a usage refusal names no config layer, because none was read (26.121896ms)
✔ a resolve records ONE routing event carrying the decision, not the text (29.138107ms)
✔ an unwritable trace changes the resolve envelope by not one byte (55.13344ms)
✔ a planning root that is not a directory resolves clean and records nothing (26.338954ms)
✔ no phase and no cursor records nothing rather than an unjoinable line (27.163319ms)
✔ the cursor supplies the phase when --phase is absent (31.858358ms)
✔ CER-01: a malformed --phase is REFUSED and routes nothing, reversing the warn arm (163.025623ms)
✔ --bracket-read writes the lifecycle dispatch event beside the routing event (26.873581ms)
✔ --bracket-plan overrides the worker key without touching the role (29.558937ms)
✔ a degraded resolve still writes the bracket - the caller dispatches on every arm (29.485054ms)
✔ no --bracket-read means no lifecycle event - the switch is the flag (32.512597ms)
✔ an unwritable trace leaves the bracketed envelope byte-identical (56.195352ms)
✔ a valueless --bracket-read is refused, not recorded as an empty read-set (25.917955ms)
✔ nothing fires `deferred` on its own - no schema default names it (51.001493ms)
✔ floor: a phase that reads clean raises neither effect, and says it read (28.292841ms)
✔ floor: a declared file on an answered surface raises BOTH effects and cites it (31.105851ms)
✔ floor: a raise moves NOTHING else - the model, the rung and the other gates hold (57.228378ms)
✔ floor: a config still CARRYING stakes changes nothing about what the floor does (64.942554ms)
✔ floor: a CONFIGURED plan gate stands, and the floor says it moved none (29.568064ms)
✔ floor: an INVALID configured plan gate never won, so it does not withhold the raise (31.183209ms)
✔ floor: a plan gate already AT or ABOVE blocking is left where it is (30.533761ms)
✔ floor: an UNANSWERED category cannot raise - the scope is the answered set (D-10) (29.443604ms)
✔ floor: a declared file that does not exist yet still evidences by PATH (27.237262ms)
✔ floor: an OVERSIZED declared body withholds the discount rather than reading as clean (27.603835ms)
✔ floor: a declared path that is not a REGULAR file is refused unopened and terminates (28.193348ms)
✔ floor: a declared path through a symlinked PARENT is refused at the repository boundary (26.931211ms)
✔ floor: an ordinary NESTED path is still read and still raises (27.478544ms)
✔ floor: the two pre-plan roles are exempt and say they were not computed (82.684792ms)
✔ floor: a --file pointed at ANOTHER tree reads that tree's files, not this one's (27.537418ms)
✔ fail-closed: an absent phase directory raises both effects (31.925516ms)
✔ fail-closed: a phase directory with no PLAN file is the same arm (28.337967ms)
✔ fail-closed: a PLAN whose frontmatter is out of grammar holds the configured stakes (30.014111ms)
✔ fail-closed: a PLAN whose file mode makes it unreadable holds the configured stakes (30.545071ms)
✔ fail-closed: ONE unreadable plan holds a whole two-plan scope up (the aggregation rule) (26.58187ms)
✔ fail-closed: the paired POSITIVE - both plans clean and surfaceless raises nothing (30.626177ms)
✔ template-initialised: a repo scaffolded from the SHIPPED template reaches both arms (62.246517ms)
✔ declared-nothing: a plan with an EMPTY files: list does not pass as clean (29.986377ms)
✔ declared-nothing: a plan with NO files: key at all takes the same arm (28.945716ms)
✔ declared-nothing: the UAT probe verbatim - the SHIPPED template plus a task Files: line (25.59935ms)
✔ declared-nothing: ONE silent plan holds a two-plan scope up, like an unreadable one (31.118614ms)
✔ declared-nothing: the model and the rung are untouched - this arm raises two things (29.665069ms)
✔ --plan: a clean plan in a mixed phase is NOT raised by its risky sibling (29.455096ms)
✔ --plan: the risky plan of the same phase, and the phase UNION, both raise (57.414714ms)
✔ --plan: a key naming no plan file fails CLOSED, never widening to the union (31.498185ms)
✔ --plan: a bare flag and a bad value are both REFUSED (105.195682ms)
✔ --plan: it is NOT --bracket-plan, which still keys the trace alone (29.500563ms)
✔ waiver: a waived surface raises neither effect (30.532297ms)
✔ waiver: the same phase without the key raises both, and names the surface (29.661613ms)
✔ waiver: the destructive surface, raised and then withheld by the key (AC5) (93.462138ms)
✔ waiver: it withholds the raise and NOT the review - the gate key is untouched (29.865403ms)
✔ waiver: naming a DIFFERENT surface than the one matched waives nothing (31.17954ms)
✔ waiver: when the top match is waived, the next UNWAIVED match still raises (30.630806ms)
✔ waiver: a value outside the eight categories rides warnings and waives nothing (62.487678ms)
✔ waiver: a waived scope that ALSO failed to read still raises - the fail-closed arm wins (26.165889ms)
✔ no clamp: a raised floor leaves the configured rung exactly where it was (28.332496ms)
✔ no clamp: the same rung on a surfaceless phase - the two are indistinguishable (53.95535ms)
✔ no clamp: a ROLES-block rung survives a raised floor too (28.257762ms)
✔ no clamp: a pre-plan role is untouched, floor or no floor (26.561971ms)
✔ replay: the subcommand is refused as usage, and the synopsis names it no more (23.982891ms)
✔ rungFile returns the UNSUFFIXED file where that is the rung it carries (1.307044ms)
✔ rungFile returns the suffixed file for every other rung (0.08835ms)
✔ rungFile is not a naming convention - the analyzer inverts it (0.06263ms)
✔ a rung the role does not carry is null, never a guessed filename (0.060135ms)
✔ an unknown role is null, and a non-string rung does not throw (0.065216ms)
✔ rungFile never inherits a prototype property as a rung (0.053543ms)
✔ rungFiles lists every stem a role names, in rung order (0.818705ms)
✔ rungFiles on an unknown role is empty, never a throw (0.08301ms)
✔ RUNG_FILES names 30 files across the six roles, and is frozen (0.320036ms)
✔ RUNG_ORDER is exactly the five rungs, weakest first, and is frozen (0.268206ms)
✔ the SHIPPED map and RUNG_ORDER agree - no issue at all (0.209432ms)
✔ rung-order-drift: a role whose map DROPS a rung (0.161811ms)
✔ rung-order-drift: a role whose map REORDERS its rungs (0.071758ms)
✔ rung-order-drift: a role carrying an EXTRA rung the ladder does not name (0.043935ms)
✔ rungOrderIssues is total on its inputs - a junk map never throws (0.121453ms)
✔ rungBody names the contract and NO rung - the prefix is shared (RNG-03) (0.116545ms)
✔ rungBody takes the SKILL alone, so two rungs of one role get one body (0.034877ms)
✔ rungBodyIssue accepts the canonical body (0.147354ms)
✔ rungBodyIssue accepts a RE-WRAPPED body - line breaks are not load-bearing (0.066227ms)
✔ rungBodyIssue REJECTS appended prose carrying no section tag - the denylist hole (0.050226ms)
✔ rungBodyIssue REJECTS a same-size replacement of the pointer paragraph (0.041891ms)
✔ rungBodyIssue accepts a body pointing at ANY ONE declared skill (0.036461ms)
✔ rungPrefixIssues: byte-identical rung bodies are NOT reported (0.15565ms)
✔ rungPrefixIssues: ONE re-wrapped line break is reported, naming role and file (0.199304ms)
✔ rungPrefixIssues: rungBodyIssue FORGIVES the same edit - not a duplicate rule (0.070596ms)
✔ rungPrefixIssues: the MINORITY is what broke rank, not the majority (0.068722ms)
✔ rungPrefixIssues: a role contributing ONE body yields nothing (0.036159ms)
✔ rungPrefixIssues: a stem the map does not name is not this rule's business (0.035048ms)
✔ rungPrefixIssues: a non-string body is treated as absent, never as a difference (0.048954ms)
✔ rungPrefixIssues: the SHIPPED agents/ tree carries one body per role (0.516945ms)
✔ rungEffortIssue accepts a file whose effort IS the rung it is filed under (0.094692ms)
✔ rungEffortIssue REJECTS a file carrying a different effort than its rung (0.053473ms)
✔ rungEffortIssue REJECTS a rung file with no effort key at all (0.159347ms)
✔ rungEffortIssue holds the UNSUFFIXED file to its own rung (0.057751ms)
✔ rungEffortIssue reads the map, not the suffix - the analyzer inverts (0.041811ms)
✔ rungEffortIssue ignores a stem the map does not name (0.033103ms)
✔ the SHIPPED schema and the rung ladder agree - no issue at all (0.376083ms)
✔ effort-enum-drift: a rung dropped from a role's enum, naming the key (0.15073ms)
✔ effort-enum-drift: a non-enum TYPE with a correct values list, named by key (0.225394ms)
✔ effort-enum-drift: a rung the role does NOT have, added to its enum (0.07816ms)
✔ effort-enum-drift: the rungs are right but the ORDER is not (0.066037ms)
✔ effort-enum-drift: null missing from the end is drift, not a detail (0.261623ms)
✔ effort-enum-drift: a rung the rung ladder does not carry (0.200526ms)
✔ an absent rung ladder skips ONLY the vocabulary arm (0.126263ms)
✔ missing-effort-key: a role in the map with no schema key at all (0.186769ms)
✔ unknown-effort-role: a schema key naming a role the map does not hold (0.090254ms)
✔ a non-object schema yields every role as missing, never a throw (0.148857ms)
✔ roles.<role>.effort: a rung dropped from its enum, naming the key (0.11429ms)
✔ roles.<role>.effort: a non-enum TYPE with a correct values list (0.18225ms)
✔ roles.<role>.effort: missing-effort-key when the key is absent entirely (0.148555ms)
✔ roles.<role>.effort: unknown-effort-role for a role the map does not hold (0.081987ms)
✔ effort-default-invalid: a roles rung default of null, naming the key (0.756946ms)
✔ effort-default-invalid: a default naming a rung this role has no file for (0.098159ms)
✔ model.effort.<role> keeps its null default - the fall-through is not drift (0.052351ms)
✔ roles.<role>.model is not held to the effort rules - it has no enum (0.135561ms)
✔ the six sites SCR-01 was filed against are each reported as they shipped (2.465882ms)
✔ the converted form of every one of the six is clean (0.230844ms)
✔ the code table is frozen (0.306178ms)
✔ a TMPDIR line is judged by whether it also makes the directory (0.123978ms)
✔ a redirect at a spelled-out tmp path is reported however it is quoted (0.178694ms)
✔ the UAT fixture paths under /tmp are not transports and are never reported (0.125632ms)
✔ a read-back needs BOTH a reason on stderr and a non-zero exit (0.095544ms)
✔ the missing half is NAMED, so a half-guarded read-back says which half (0.069193ms)
✔ a `node -e` that reads no argv-named file is not a read-back (0.098058ms)
✔ prose that merely NAMES the shape prescribes nothing and is never reported (0.14533ms)
✔ every issue is filed against the surface it was found in (0.126904ms)
✔ the four prose surfaces ship exactly one read-back script each (1.401766ms)
✔ cadence-core/references/triage-gate.md refuses a render truncated mid-object (25.02417ms)
✔ cadence-core/references/triage-gate.md refuses a well-formed render with no outcomes array (20.082406ms)
✔ cadence-core/references/triage-gate.md refuses a render that parses to literal null (27.468201ms)
✔ cadence-core/references/triage-gate.md refuses an outcomes array holding a non-object entry (20.170925ms)
✔ cadence-core/workflows/progress.md refuses a render truncated mid-object (22.805954ms)
✔ cadence-core/workflows/progress.md refuses a well-formed render missing the fields the step prints (27.000932ms)
✔ cadence-core/workflows/progress.md refuses a render that parses to literal null (30.227968ms)
✔ cadence-core/workflows/progress.md refuses a render whose printed fields are present but null (22.589827ms)
✔ cadence-core/workflows/report.md refuses a record truncated mid-object (26.099568ms)
✔ cadence-core/workflows/report.md refuses a well-formed record with no brackets array (23.612194ms)
✔ cadence-core/workflows/report.md refuses a record that parses to literal null (23.483997ms)
✔ cadence-core/workflows/report.md refuses a brackets array holding a non-object entry (29.859128ms)
✔ cadence-core/references/review-cross-model.md refuses a brief path that does not resolve (27.529788ms)
✔ cadence-core/references/review-cross-model.md refuses an artifact left empty by a failed redirect (26.350831ms)
✔ a read-back that lost its guard fails this file, naming its surface (24.925009ms)
✔ the census counter is not dead: it joins continuations and ignores prose (0.685448ms)
✔ cadence-core/workflows/context.md instructs exactly 6 seam invocations (3.880804ms)
✔ cadence-core/workflows/plan.md instructs exactly 14 seam invocations (0.168124ms)
✔ flagValue: absent flag is undefined so the caller default applies (0.565869ms)
✔ flagValue: a real value comes back (4.052024ms)
✔ flagValue: missing, empty and flag-shaped values each throw missing-flag-value (0.323903ms)
✔ missingFlagValue: one construction, and both fields are on it (0.432001ms)
✔ readText: a real file comes back verbatim (0.227618ms)
✔ readText: a missing path and a DIRECTORY are both "" (never a throw) (0.13528ms)
✔ the repo itself passes self-verification (237.220791ms)
✔ an invented config key is flagged (38.423852ms)
✔ a hostname inside a URL is not read as a config key (45.715676ms)
✔ a bare dotted token OUTSIDE a URL is still flagged - the mask is bounded to URLs (41.952848ms)
✔ a phantom flag on a real subcommand is flagged (the --items regression) (40.273068ms)
✔ #50: a CRLF backslash continuation joins like an LF one (the --items regression, CRLF spelling) (39.441088ms)
✔ #50: an EVEN backslash run does NOT continue the line - the next line is a separate command (D-15 parity) (43.416172ms)
✔ the weight.mjs contract entry has teeth: a phantom flag on `resident` is flagged (73.23788ms)
✔ D-05: a page under docs/ is on the markdown walk and reports by its own path (40.395273ms)
✔ an unknown subcommand and a missing path are flagged (40.773029ms)
✔ placeholder keys expand: <t> prose covers every trigger key (42.245842ms)
✔ a surface over its declared budget is flagged with the overage (48.517685ms)
✔ a surface EXACTLY at its budget yields no budget problem (41.625399ms)
✔ a surface UNDER its entry is clean - the budget is a ceiling (40.519311ms)
✔ a measured surface missing from the manifest is flagged unbudgeted (41.009344ms)
✔ a backtick/the-X-tool reference absent from tools: is flagged (44.789774ms)
✔ a tool referenced and declared yields no undeclared-tool (45.748429ms)
✔ LSP is in the vocabulary, so an undeclared LSP reference is flagged (42.403656ms)
✔ LSP declared in tools: clears that reference (37.804319ms)
✔ bare-word tool names (D-06 collisions) are not false positives (43.317261ms)
✔ #74: an agent preloading a skill that does not exist is flagged (40.568604ms)
✔ #74: an agent preloading a real skill yields no missing-agent-skill (39.352476ms)
✔ #74: the inline-array spelling of skills: resolves the same way (39.745491ms)
✔ #74: the key that follows skills: is not swallowed as a list item (38.528461ms)
✔ #74: a preloaded skill that disables model invocation is flagged unpreloadable (36.856685ms)
✔ #74: a tool referenced only inside a preloaded contract must still be declared (37.52431ms)
✔ #49.1: a dangling symlink under agents/ is reported loudly, not collapsed to internal (36.117664ms)
✔ #49.1: a symlink cycle under agents/ is reported loudly too (35.72606ms)
✔ #49.1: a malformed weight-budgets.json reports one problem instead of collapsing the run (43.479363ms)
✔ #49.1: an unreadable INTERNALS.md is reported exactly once, not twice (42.561448ms)
✔ #49.1: an unreadable CHILD directory is named, and its readable siblings are still linted (42.487084ms)
✔ a symlinked directory is not descended, so a cycle lints each file once (40.389881ms)
✔ INTERNALS.md: a backticked repo path that does not exist is flagged; a real one and a glob are not (34.695439ms)
✔ a full tree missing weight-budgets.json fails ok:false naming the input (37.549919ms)
✔ a full tree with a core surface dir renamed away fails ok:false naming it (36.738689ms)
✔ a full tree missing INTERNALS.md fails ok:false naming it (38.195089ms)
✔ check 7: an agent preloading a contract that carries <process> in its body is flagged (35.161856ms)
✔ check 7: the same body WITHOUT the tag yields no agent-carries-behaviour (31.766676ms)
✔ check 7: an agent with NO skills: key may carry <process> - the D-04 escape hatch (33.969382ms)
✔ check 7: the tags inside a PRELOADED SKILL.md are never flagged - that is the contract (37.268658ms)
✔ check 7: plain-prose behaviour carrying NO section tag is flagged (33.701126ms)
✔ check 7: a SAME-SIZE replacement of the pointer paragraph is flagged (39.836346ms)
✔ check 7: a RE-WRAPPED template is not flagged - line breaks are not load-bearing (35.686555ms)
✔ check 7d: two rung bodies of one role that are byte-identical yield no problem (38.716563ms)
✔ check 7d: ONE rung file re-wrapped is flagged, naming that file and its role (35.176213ms)
✔ check 7d: the LIVE tree is clean, and the CLI names rung-prefix in `checked` (165.601821ms)
✔ check 7c: Write granted and Edit/MultiEdit denied yields no problem (35.747461ms)
✔ check 7c: Write missing from tools: is flagged (bare cad-verifier) (37.341476ms)
✔ check 7c: a QUOTED verifier name is still checked (36.353056ms)
✔ check 7c: Edit missing from disallowedTools: is flagged (35.508471ms)
✔ check 7c: MultiEdit missing from disallowedTools: is flagged (32.517318ms)
✔ check 7c: Edit appearing in tools: is flagged (34.978913ms)
✔ check 7c: a routed rung FILENAME is checked even when name: was renamed (34.27024ms)
✔ check 7c: a non-verifier agent without Write yields no problem (33.286317ms)
✔ check 8: a rung file the map names that is not on disk is missing-rung-agent (41.251977ms)
✔ check 8: a full tree carrying the whole ladder reports no rung problems (37.893989ms)
✔ check 8: a fixture with no plugin manifest is lenient about the ladder (32.171813ms)
✔ check 8 (reverse): a rung file the map does not name is undeclared-rung-agent (36.187437ms)
✔ check 8 (reverse): a MAPPED rung file is left alone whatever config reaches it (35.485437ms)
✔ check 8 (reverse): an UNSUFFIXED agent file the map names nowhere is NOT flagged (27.993889ms)
✔ a minimal (non-full-tree) fixture omitting optional inputs stays free of missing-input problems (26.36713ms)
✔ check 9: a table that agrees with the schema yields no reach problems (30.711135ms)
✔ check 9: a schema key with no row is missing-reach-row naming the key (28.549257ms)
✔ check 9: a row for a key the schema lacks is unknown-reach-key naming it (24.870812ms)
✔ check 9: a narrow reach absent from the key purpose is unstated-reach (31.209443ms)
✔ check 9: the same narrow reach WITH the phrase in the purpose yields nothing (27.829853ms)
✔ check 9: a two-cell body row is malformed-reach-row naming the line (28.76912ms)
✔ check 9: a SECOND row for a declared key is duplicate-reach-row naming both lines (28.309937ms)
✔ check 9: `Universal` and `universal.` are the sentinel, not a narrow phrase (143.777146ms)
✔ check 9: the risk.override narrowing is now VISIBLE to the check (57.276694ms)
✔ check 9: a renamed section heading is ONE missing-reach-section, not 3 missing rows (31.989452ms)
✔ check 9: a full tree with no reach doc fails ok:false naming the input (31.709814ms)
✔ check 17: an enforced key with no src marker is reported, naming that key (26.582343ms)
✔ check 17: an enforced key the schema does not hold at all says so (30.847686ms)
✔ check 17: a src:global key the merge does NOT enforce is reported too (29.966231ms)
✔ check 17: a key with NO src field is repo-settable and is never reported (29.151143ms)
✔ check 17: the SHIPPED schema marks exactly the set the merge enforces (0.376403ms)
✔ check 9: a key named ONLY by the reach table is still inert-config-key (28.461757ms)
✔ check 9: a dead token in the reach doc PROSE is still scanned by check 1 (27.239176ms)
✔ check 1: a hyphenated key spelled in full is known, a truncated guess is not (31.090423ms)
✔ check 1 (reverse): `risk.override.<surface>` prose covers every surface key (31.337798ms)
✔ check 1: `roles.<role>.effort` prose covers every role, and its absence is inert (59.559915ms)
✔ check 10: a loop-shaped concurrent dispatch under workflows is unbatched-dispatch (31.00562ms)
✔ check 10: the batch-shaped rewrite of the same instruction yields nothing (32.577272ms)
✔ check 10: a bare concurrent set-dispatch under workflows is unbatched-dispatch (32.796143ms)
✔ check 10: the references half of the scope is checked too, not just workflows (31.135609ms)
✔ check 10: a compliant sentence does not excuse the next one in the same item (29.460017ms)
✔ check 10: the SAME sentence in a skill is out of scope (directory scope) (28.003496ms)
✔ a drifted model.effort enum fails on a tree holding only the schema (30.593818ms)
✔ a model.effort key naming no role in the map is named too (28.370763ms)
✔ an unmutated schema in that same tree reports no effort-enum problem (26.609606ms)
✔ check 11: a workflow that issues a resolve with no relay rule is named (28.410819ms)
✔ check 11: the same text plus the relay paragraph is clean (29.154199ms)
✔ check 11: the walk reaches skills/, not just check 10's two directories (31.148785ms)
✔ check 12: a callsite that drops warnings[] is named by line (31.958392ms)
✔ check 12: the destructured form (arm a) is clean (29.824638ms)
✔ check 12: a header marker with prose (arm b) is clean (27.302808ms)
✔ check 12: the same marker in the BODY does not satisfy arm b (31.779508ms)
✔ check 12: a bare marker with no prose after it does not satisfy arm b (29.997561ms)
✔ check 12: *.test.mjs is off the walk - a test may write any shape (26.988443ms)
✔ check 12: the live tree is NINETEEN callsites over FOURTEEN files, each in an arm (6.237015ms)
✔ check 15: a .mjs carrying a literal NUL is named with its byte offset (27.365318ms)
✔ check 15: the two-character \0 escape - the fix - is clean (28.919667ms)
✔ check 15: a NUL inside a *.test.mjs is reported too (28.959733ms)
✔ check 15: a NUL inside a NON-.mjs file under bin is reported too (33.021736ms)
✔ check 13: the live tree satisfies every register row (2.895338ms)
✔ check 13: a clean pair passes (0.214573ms)
✔ check 13: deferred-read-unread when a Read sentence is missing (0.156922ms)
✔ check 13: the unit is the ARM - one arm of a two-anchor row is not enough (0.134369ms)
✔ check 13: an arm's Read relocated ELSEWHERE in the file does not answer for it (0.14527ms)
✔ check 13: a Read in the wrong STEP does not answer for the right one (0.184124ms)
✔ check 13: deleting the ARM itself is reported, not silently satisfied (0.189294ms)
✔ check 13: restating a reference inline instead of Reading it is caught (0.132745ms)
✔ check 13: deferred-read-still-eager when the include comes back (0.147203ms)
✔ check 13: deferred-read-missing-skill when the SKILL.md is gone (0.169667ms)
✔ check 13: a root with no skills/ contributes nothing (0.081516ms)
✔ check 13: self-verify files the issue and names the check in `checked` (28.877415ms)
✔ check 13: the CLI files a workflow-anchored row when its Read sentence goes (35.937964ms)
✔ check 13: the CLI files nothing while that sentence stands (34.484459ms)
✔ check 13: an unusable rows file is reported, never a silent fall back (35.630103ms)
✔ check 24: the live tree satisfies every registered router branch (0.536211ms)
✔ check 24: self-verify names the check in `checked` and the live tree is clean (141.659893ms)
✔ check 16: an include nothing names is filed, and `checked` says so (31.737506ms)
✔ check 16: the live tree is clean of all three include-consumer codes (132.455411ms)
✔ check 16: the CLI reports the UAT include the day it is re-added (33.545754ms)
✔ check 18: `checked` names the gate-agreement check and an agreeing schema is clean (27.836143ms)
✔ check 18: it runs on a tree holding nothing but a schema - the grids are gone (30.592494ms)
✔ check 18: a NULL default reaches problems - the sentinel is not exempt (28.776181ms)
✔ check 18: a default outside its own values reaches problems, naming the value (28.31832ms)
✔ check 18: deleting the defaults clause from one purpose files exactly one problem (26.288648ms)
✔ check 18: a purpose naming a value the row does not default to is reported (26.94544ms)
✔ check 18: a row that is not an object reaches problems as gate-row-malformed (27.887391ms)
✔ check 14: the repo is clean - every top-level bin script has a contract (150.161913ms)
✔ the contract table is ONE table, and this file is not its home (D-06) (0.425328ms)
✔ check 14: a bin script with no CONTRACTS row is reported, not silently unlinted (34.244387ms)
✔ check 14: test files and lib/ modules need no contract (28.495992ms)
✔ check 14: an ABSENT bin directory is a partial fixture, not a problem (27.581533ms)
✔ entry: a valueless or empty --root refuses instead of linting the cwd (389.958562ms)
✔ check 2: `weight.mjs --root <path>` is contracted, not an unknown subcommand (32.190796ms)
✔ check 2: the bare form still lints its flags (32.417453ms)
✔ check 2: a script with no bare form still reports one (27.592634ms)
✔ check 19: a prescribed value no register row classifies is reported (30.994205ms)
✔ check 19: a registered caller-derived site reports the inline form (30.880988ms)
✔ check 19: prose that merely names a flag stays green through the CLI (29.278566ms)
✔ check 19: the LIVE tree is clean of all three text-transport codes (139.141253ms)
✔ check 20: a registered site back on the transcript reports the inline kind (28.566486ms)
✔ check 20: a prescribed bulk call no register row classifies is reported (31.990201ms)
✔ check 20: prose that merely names a bulk call stays green through the CLI (30.301062ms)
✔ check 20: the LIVE tree is clean of all three bulk-output codes (148.298494ms)
✔ check 21: a fixed shared scratch path reaches problems, naming the surface (34.989408ms)
✔ check 21: an unguarded read-back reaches problems through the CLI (37.40891ms)
✔ check 21: the LIVE tree is clean of all three per-run scratch codes (135.888152ms)
✔ check 22: a hintless refusal reaches problems through the CLI, and a hinted one does not (28.357434ms)
✔ check 22: the CLI names refusal-hints in `checked` (28.608346ms)
✔ check 23: an unregistered CAPTURE write reaches problems, naming the surface (27.0246ms)
✔ check 23: a shell redirect at the capture path reaches problems through the CLI (30.19649ms)
✔ check 23: the LIVE tree is clean of all three capture-writer codes (122.145103ms)
✔ check 25: a RENAMED hook event is reported, and the problem prints the offending name (27.026494ms)
✔ check 25: a fixture with no hooks/hooks.json and no plugin manifest is lenient (28.64646ms)
✔ check 25: a FULL tree missing the file reports missing-input (32.012712ms)
✔ check 25: malformed JSON is ONE problem naming the file, and the run still completes (29.048222ms)
✔ check 25: the LIVE tree registers only event names the register declares (121.825569ms)
✔ line comments vanish, line count holds (4.25325ms)
✔ a block comment keeps its newlines (0.14036ms)
✔ a // inside a string is not a comment (0.082008ms)
✔ a // inside a regex literal is not a comment (0.131433ms)
✔ division is not mistaken for a regex (0.169015ms)
✔ regex after a keyword is detected (0.170348ms)
✔ a shebang survives - it is an instruction, not a comment (0.075926ms)
✔ an unterminated block comment keeps its bytes rather than eating the file (0.065767ms)
✔ a // inside a template interpolation is kept, not stripped (0.107267ms)
✔ skimStats reports the saving and the line match (0.174135ms)
✔ SYNTAX refuses what it cannot parse (0.074303ms)
✔ every shipped .mjs skims without losing a line (93.20894ms)
✔ stop: a rung-suffixed Cadence type adopts the ONE open dispatch of its role (1.085127ms)
✔ stop: the event carries NO figure of any kind (0.64508ms)
✔ stop: a worker whose transcript shows it has NOT stopped produces nothing (0.215705ms)
✔ stop: a terminal transcript stamps the event with the WORKER's instant (0.127365ms)
✔ stop: NO transcript evidence produces the same event, with no ts key at all (0.783417ms)
✔ stop: a terminal transcript with no readable instant adds no ts key (0.126283ms)
✔ stop: a non-Cadence type is still nothing, terminal transcript or not (0.130281ms)
✔ stop: the close carries the worker's own agent_id, or no id key at all (0.207088ms)
✔ stop: TWO open dispatches of the role produce NOTHING (0.294577ms)
✔ stop: a worker already closed by the orchestrator writes NOTHING (0.198622ms)
✔ stop: a REUSED id does not reach back into a dead run (0.1302ms)
✔ stop: another worker's closed bracket does not block this one (0.076547ms)
✔ stop: a close that carried NO id never blocks a later worker (0.063391ms)
✔ stop: a payload with no agent_id still closes an unambiguous dispatch (0.049214ms)
✔ stop: a render with no usable brackets half is not fatal (0.111775ms)
✔ stop: the rule never crosses roles (0.072169ms)
✔ stop: the self-filter answers nothing for every non-Cadence agent type (0.086476ms)
✔ stop: a Cadence type with no matching open dispatch answers nothing (0.059514ms)
✔ stop: a payload with no agent_type at all answers nothing (0.061529ms)
✔ stop: a stranded dispatch from an EARLIER run no longer blocks this one (0.06789ms)
✔ stop: two dispatches of one RUN still answer nothing (0.05683ms)
✔ stop: with no readable instant anywhere, the whole set stands (0.069254ms)
✔ stop: an undated row of the CURRENT run is still counted (0.065967ms)
✔ stop: the event carries the two CACHE figures and no return figure (0.200746ms)
✔ stop: a transcript reporting no cache traffic leaves BOTH keys off (0.238448ms)
✔ stop: a stop arriving after its OWN close no longer adopts a dead run (0.144478ms)
✔ stop: gate 0, not terminal states the cache figures and closes nothing (0.122676ms)
✔ stop: gate 0, not terminal writes no FACT for a payload with no agent_id (0.072981ms)
✔ stop: gate 2a, already closed states the cache figures and closes nothing (0.070837ms)
✔ stop: gate 2a, already closed writes no FACT for a payload with no agent_id (0.051309ms)
✔ stop: gate 2b, two open dispatches of one run states the cache figures and closes nothing (0.053653ms)
✔ stop: gate 2b, two open dispatches of one run writes no FACT for a payload with no agent_id (0.035949ms)
✔ stop: a withholding gate whose transcript billed NOTHING writes no fact (0.094021ms)
✔ stop: a withholding gate with no bracket and no candidate row writes nothing (0.066668ms)
✔ stop: the UNAMBIGUOUS terminal path still answers one return and no fact (0.242777ms)
✔ stop: the RETURN carries the observed effort and the DISPATCHED rung (0.394679ms)
✔ stop: the host spelling is recorded VERBATIM, against no Cadence enum (0.18697ms)
✔ stop: every withholding gate states the same pair the return would (0.180076ms)
✔ stop: a transcript naming no effort leaves BOTH keys off, on both writes (0.193552ms)
✔ stop: an effort with NO cache figure at all still writes the fact (0.26026ms)
✔ stop: an effort does not buy a fact for a payload with no agent_id (0.083861ms)
✔ transcript: a last assistant line stopped end_turn is TERMINAL, with its own instant (0.884171ms)
✔ transcript: any stop reason other than tool_use is terminal (0.147253ms)
✔ transcript: a last assistant line stopped tool_use is NOT terminal (0.104912ms)
✔ transcript: a last assistant line stopped null is NOT terminal (0.089302ms)
✔ transcript: nothing to read at all answers UNKNOWN, never not-terminal (0.294737ms)
✔ transcript: an assistant line whose SHAPE changed answers UNKNOWN (0.157182ms)
✔ transcript: a truncated final line does not change the answer before it (0.560257ms)
✔ transcript: a terminal entry with no readable timestamp still answers terminal (0.100764ms)
✔ transcript: the rule never throws, whatever it is handed (0.18209ms)
✔ transcript: the cache figures are SUMMED across every assistant entry (0.297052ms)
✔ transcript: a figure no entry reported is ABSENT, never 0 (0.214152ms)
✔ transcript: ONE message is billed once, however many lines it occupies (0.160699ms)
✔ transcript: an entry with no usable message id is still counted (0.159357ms)
✔ transcript: a cache figure that is not a non-negative integer is DROPPED (0.184725ms)
✔ transcript: a non-numeric cache figure contributes NOTHING (0.175778ms)
✔ transcript: every line agreeing answers that value, in the host spelling (0.1559ms)
✔ transcript: two lines reporting DIFFERENT efforts answer absent (0.089482ms)
✔ transcript: a transcript reporting no effort at all answers absent (0.124359ms)
✔ transcript: an effort that is not a non-empty string is not an answer (0.109421ms)
✔ transcript: a line reporting NO effort is SKIPPED, not a disagreement (0.074213ms)
✔ transcript: an effort nested under `message` is NOT read (0.063984ms)
✔ transcript: the effort rule never throws, whatever it is handed (0.121544ms)
✔ a migrations/ directory and an auth dependency evidence those two categories (1.446452ms)
✔ an empty tree is inconclusive with all eight recommended (0.197289ms)
✔ the word `session` in a source file evidences nothing - source text is not an input (0.097377ms)
✔ a category the structure never evidences is `silent`, never absent (0.293063ms)
✔ destructive is unspeakable, so it rides every recommendation (0.122696ms)
✔ evidence for ONE category never narrows the recommendation (0.127144ms)
✔ a dependency matches by NAME, never as a substring (0.085755ms)
✔ a malformed tree description reports rather than throwing (0.735966ms)
✔ an inconclusive scan and an evidenced one both lead with all eight (1.010875ms)
✔ the evidenced-only choice is absent when nothing was evidenced (0.247837ms)
✔ an answered set gains the newly evidenced category as the SECOND choice (0.155399ms)
✔ with nothing answered the evidenced choice states the EVIDENCE, not a phantom answer (0.226726ms)
✔ an answered set equal to all eight still leads with all eight and repeats nothing (0.156572ms)
✔ no call returns more than the ask-user seam option cap (0.587319ms)
✔ a malformed scan or answered set reports rather than throwing (0.180828ms)
✔ detect-surfaces reads directories two levels deep and a manifest it finds (67.057483ms)
✔ detect-surfaces names an unparseable manifest in warnings rather than throwing (59.764355ms)
✔ detect-surfaces skips node_modules - every JS project would evidence everything (53.260006ms)
✔ detect-surfaces refuses a --root with nothing usable after it (49.920883ms)
✔ the #206 demo tree evidences six categories and offers two distinct options (57.537994ms)
✔ --answered on the demo tree keeps all eight first and puts the union second (49.776977ms)
✔ detect-surfaces refuses an --answered with nothing usable after it (53.640107ms)
✔ detect-surfaces refuses an --answered token outside the eight (54.524007ms)
✔ a bare PEP 621 pyproject evidences its dependencies, not an empty manifest (53.601973ms)
✔ a single-line PEP 621 dependencies array closes on its own line (58.190817ms)
✔ a PEP 508 extra does not end the dependencies array early (50.378452ms)
✔ a tool table`s ignored-dependencies is a setting, not a dependency (53.858124ms)
✔ a slug is one path segment of lowercase letters, digits and single hyphens (1.148519ms)
✔ `..` is refused, never resolved (0.106555ms)
✔ a separator is refused on both spellings (0.154367ms)
✔ an absolute form is refused (0.076587ms)
✔ an empty string is refused (0.069043ms)
✔ an over-long slug is refused at the bound (0.074062ms)
✔ a non-string is refused - parseArgs mints `true` for a valueless flag (0.073381ms)
✔ a NUL or a newline is refused (0.644359ms)
✔ an absent planning root is an empty list, never a throw (0.631756ms)
✔ a planning root with no tasks/ at all is an empty list (3.48884ms)
✔ a slug directory holding no RECORD.md contributes nothing (0.366755ms)
✔ the records come back sorted by slug (1.05529ms)
✔ a slug DIRECTORY that is a symlink out of the planning root is skipped (0.434546ms)
✔ an in-root slug directory whose RECORD.md is a symlink OUT is skipped (0.398827ms)
✔ a RECORD.md symlink that stays INSIDE the planning root is still a record (0.435378ms)
✔ a RECORD.md that is a DIRECTORY is not a record (0.227457ms)
✔ an entry name the writer would refuse is not listed back (0.597339ms)
✔ an entry name carrying a newline or a terminal escape is not listed back (0.423274ms)
✔ a name longer than MAX_SLUG_LENGTH is not listed back (0.297372ms)
✔ every slug the lister returns satisfies isTaskSlug (1.291494ms)
✔ the same inputs render byte-identical text (0.076077ms)
✔ the `## Commits` table reads back through parseCommitRows (0.848212ms)
✔ the `- **Files:**` line reads back through taskDeclaredFiles (0.454354ms)
✔ a subject carrying a `|` survives as ONE cell (0.125481ms)
✔ the body becomes one `- ` bullet per non-empty line, under `## What shipped` (0.164346ms)
✔ a body line the caller already bulleted does not render `- - ` (0.09332ms)
✔ the record opens with `# Task: <slug>` and ends with the Files section (0.116904ms)
✔ an empty commit list and an empty file list still render a readable record (0.238539ms)
✔ the parse reads a real list out of test.mjs, never an empty one (0.478079ms)
✔ GROUPS.planning is exactly the planning-*.test.mjs files on disk, both directions (1.516456ms)
✔ an ABSENT --<field>-file says nothing at all about the inline flag (6.741967ms)
✔ the file contents reach the caller trimmed and VERBATIM - no expansion (0.312922ms)
✔ a newline INSIDE the value survives - only the ends are trimmed (0.157363ms)
✔ a VALUELESS --<field>-file is a refusal, never the literal "true" (0.191969ms)
✔ a path that does not exist is a refusal NAMING the read error (0.243017ms)
✔ an UNREADABLE path is a refusal naming the read error, not an empty value (0.22891ms)
✔ a file that is EMPTY once trimmed is a refusal (0.341917ms)
✔ the inline and the file form together is a refusal, never a precedence rule (0.15592ms)
✔ an inline flag present but VALUELESS still counts as both forms given (0.318773ms)
✔ the register is frozen, rows and all (1.829839ms)
✔ the register pins its row count (0.446749ms)
✔ every out-of-scope row carries a reason, and every row is well formed (0.249991ms)
✔ no two rows share a surface, flag and value (0.133887ms)
✔ the watched flag set is exactly the free-text flags (0.103178ms)
✔ a caller-derived row reports the inline site (0.424757ms)
✔ the file transport is not reported - and the flag boundary is why (0.762817ms)
✔ a prescribed value no row classifies is reported, never passed over (0.153656ms)
✔ a value is matched on the value, not on the flag (0.318933ms)
✔ an unquoted placeholder with no row is reported as its own kind (0.253437ms)
✔ a value that opens a quote and never closes it on the line is reported (0.130261ms)
✔ a flag ending its line is reported rather than read as a mention (0.526522ms)
✔ a register row settles an undelimitable occurrence, in both directions (0.253598ms)
✔ a reasoned out-of-scope row is silent (0.797293ms)
✔ prose that NAMES a flag needs no row and is never reported (0.201036ms)
✔ `git tag -m` is watched, and `git commit -m` is not (0.165969ms)
✔ a row classifies its own surface only (0.420209ms)
✔ parseAdjudication: the step-5 detail shape parses, others contribute nothing (1.448316ms)
✔ parseAdjudication: the structured --raised field is the first source of the kill count (0.178293ms)
✔ parseAdjudication: the hand-written `of <m>` clauses already on disk still read (0.245242ms)
✔ parseAdjudication: both on-disk re-arm spellings read as the base trigger; nothing else with a space does (0.269448ms)
✔ R1: an adjudicated trigger at the fires floor with zero survivors suggests its gate key (0.684046ms)
✔ R1: one fire below the floor stays silent - one event is a guess, not evidence (1.081159ms)
✔ R1: a fire with survivors, and the fire a re-arm came back to, both leave the empty count (0.185296ms)
✔ R1: the re-arm veto is scoped to the FIRE it belongs to, not the trigger's lifetime (0.253388ms)
✔ R1: a re-arm vetoes the fire that FORCED it - the nearest one before it, not the oldest (0.16629ms)
✔ R1: the live record this repo has been writing for four cycles emits a suggestion (0.611486ms)
✔ R1: 0-of-0 and 0-of-9 are opposite evidence and stop proposing one action (0.215234ms)
✔ R1: a corpus with NO raised counts recorded keeps the gate arm it has today (0.102527ms)
✔ R2: a rearm becomes a keep-the-gate receipt, not a config suggestion (0.07799ms)
✔ R3: escalation pressure at the floor suggests the role effort key; either climb spelling counts (0.138346ms)
✔ R3: a held start rung at the dispatch floor is an info receipt; below it, silence (0.094773ms)
✔ R4: executor checkpoints at the floor suggest workflow.max_plan_tasks; other roles do not (0.092939ms)
✔ SGT-01: R1s gate arm moves DOWN, prints the value a layer set, and proposes one step below it (0.13041ms)
✔ SGT-01: an unset gate names the DECIDER and carries NO proposed (0.146181ms)
✔ SGT-01: the sentence is the same however much the record carries (0.108087ms)
✔ SGT-01: R1s reviewer arm moves UP - strengthen the set - and proposes nothing (0.091226ms)
✔ SGT-01: R3 proposes the rung the escalated resolves actually landed on (0.104791ms)
✔ SGT-01: R3 omits a target that names no raise against the rung in force (0.125752ms)
✔ SGT-01: R3 keeps the record's rung when no layer pins the key, ladder or not (0.100243ms)
✔ SGT-01: R4 moves DOWN, prints the resolved ceiling, and prices nothing (0.098108ms)
✔ SGT-01: R4 goes silent when every checkpoint it counted maps to a plan under the ceiling (0.136322ms)
✔ SGT-01: a one-argument call still answers - a direction and an honest unset, never a throw (0.127966ms)
✔ R5: the spend receipt names the top role, its share, and asks for nothing (12.279908ms)
✔ R6: a residue above the floor names the total, its share and the top step (0.217438ms)
✔ R6: a residue below the floor stays silent - a minute between steps is an artefact (0.085083ms)
✔ R6: a render with no coordinator block says NOTHING about the coordinator (D-06) (0.237257ms)
✔ D-12: an info receipt gains NONE of the three new keys, under every rule that emits one (0.289035ms)
✔ D-12: a suggest entry that cannot be priced omits `proposed` by key, never as a null (0.137184ms)
✔ suggestions order suggest-first, then stable by subject; an empty render is an empty list (0.083461ms)
✔ config keys named in actions exist in config.schema.json - the suggestion never names a phantom key (0.539217ms)
✔ seam: a real trace written through appendEvent reads back through `trace suggest` (286.496242ms)
✔ fixture: the committed verbatim trace suggests exactly what it did before this phase (3.034547ms)
✔ SGT-01: `trace suggest` returns a direction, a current, and a proposed where the record prices one (57.644638ms)
✔ MSR-02: the spend receipt names every excluded source, from the one exported list (0.457931ms)
✔ R7: cad-executor at 3.64 emits one entry carrying the worst file, the direction, the coverage and the scope (0.354732ms)
✔ SC7 pin: the in-dispatch entry names NO config key - `action` is null and it says so in words (0.205936ms)
✔ R7: the MAP is the gate, not the number - an unnamed role stays silent at any ratio (0.444585ms)
✔ R7: a role exactly AT its floor emits; a hair under it does not (0.165368ms)
✔ R7: a null ratio emits NOTHING, and no evidence anywhere renders it as a zero (0.153976ms)
✔ R7: a one- and two-argument call return exactly what they returned before (0.61365ms)
✔ seam: `trace suggest` opens reads.jsonl and names the fixture worst file, with no config key (72.849272ms)
✔ seam: reads carrying no `files`, and no reads file at all, both yield NO entry and no error (127.52678ms)
✔ seam: an UNREADABLE reads.jsonl fails `reads --join` and WARNS on `trace suggest` - both faces, one test (107.848502ms)
✔ seam: the rotation marker is DROPPED at the parse and billed to nothing (101.656142ms)
✔ seam: BOTH faces name the reads record and report its cut, on a key that is not the trace's (111.405663ms)
✔ seam: a project with no reads record still names the path it looked for (106.869099ms)
✔ R8: the receipt sums the worker clock and COUNTS the dispatches without one (0.29635ms)
✔ R8: a scope where NO bracket carries a wall clock says nothing at all (0.106855ms)
✔ R9: two override receipts on ONE authorization read as one decision from two writes (0.146211ms)
✔ R9: two authorizations, two unlabelled receipts, and one receipt alone all stay SILENT (0.088791ms)
✔ R9: an unlabelled receipt counts as its OWN decision, beside a labelled pair (0.244901ms)
✔ R9: the trigger is the STRUCTURED field, and a non-string id is never a group key (0.14584ms)
✔ R9: a render holding NO override event returns exactly what it returned before (0.095454ms)
✔ correlationId: two calls in the same phase with an anchor derive the same id (2.756742ms)
✔ correlationId: with NO anchor both calls fall back to the phase alone (0.300258ms)
✔ correlationId: the id changes when the anchor sha changes (a re-run) (0.356536ms)
✔ correlationId: another phase's anchor never answers for this phase (0.208591ms)
✔ the anchor event carries the id it anchors, not the phase-only fallback (0.809126ms)
✔ appendEvent: keys land in the fixed order, one JSON object per line (0.364281ms)
✔ appendEvent: an interleaved write sequence keeps every event, in order (2.034433ms)
✔ appendEvent: a record at the bound rotates, and the append lands (4.452454ms)
✔ appendEvent: the rotation marker SEALS the generation it carried away (2.774015ms)
✔ appendEvent: a completed rotation RELEASES the claim and leaves the sidecar inert (3.762126ms)
✔ appendEvent: an ABANDONED claim is reclaimed and the record rotates (TRC-09) (2.184131ms)
✔ appendEvent: after the reclaim the next append stops paying the budget (1.681675ms)
✔ appendEvent: a losing append does NOT restart the abandoned claim clock (TRC-09) (295.201565ms)
✔ appendEvent: a losing append leaves a sidecar-less claim sidecar-less (D-02) (290.894244ms)
✔ rotateTrace: a claim whose sidecar reads LIVE is left standing (TRC-09) (277.273832ms)
✔ rotateTrace: a claim with NO sidecar at all is left standing (TRC-09) (267.682827ms)
✔ appendEvent: a LEFTOVER eviction that cannot confirm its claim puts the generation back (D-02) (3.164286ms)
✔ appendEvent: a record already PAST the bound rotates, and its sibling keeps the excess (3.144287ms)
✔ appendEvent: the run in flight keeps its corr and its brackets across a rotation (1.447845ms)
✔ appendEvent: a tail bigger than the bound is carried anyway, never refused (417.447649ms)
✔ appendEvent: a record with no anchor carries nothing forward (1.352621ms)
✔ appendEvent: writers racing at the bound leave ONE generation and lose no event (32.064988ms)
✔ appendEvent: a second append after a rotation does not rotate again (2.238105ms)
✔ appendEvent: a writer holding a STALE stat is refused the claim, not corrected after it (2.236351ms)
✔ appendEvent: a SECOND rotation replaces the generation, so the pair stays bounded (3.479021ms)
✔ appendEvent: a second rotation carries back the event that only reached the generation (3.869653ms)
✔ appendEvent: the rescue never puts back a line the live record already carries (3.74901ms)
✔ rotateTrace: a rescue that cannot READ the generation STATES the tail it cut (3.327479ms)
✔ rotateTrace: a generation whose marker carries NO seal states an UNKNOWN shortfall (7.78383ms)
✔ renderTrace: a record that never rotated carries no rotation key at all (0.227347ms)
✔ renderTrace: after a rotation the envelope names the sibling, and capped is false (1.566723ms)
✔ renderTrace: the rotation reports on the RECORD, not on the --phase scope (1.942416ms)
✔ seam: trace render and trace suggest each name their record and report the rotation (251.174436ms)
✔ seam: after a SECOND cut both envelopes still report the rotation, and the marker pairs with nothing (108.200274ms)
✔ appendEvent: one line that reaches the bound by itself is refused, and nothing moves (1.57036ms)
✔ appendEvent: an event with no room BESIDE the marker is refused, not rotated for (3.309906ms)
✔ appendEvent: an event that DOES fit beside the marker rotates under the bound (AC2) (4.843164ms)
✔ renderTrace: an oversized file is read bounded, not whole (16.567613ms)
✔ appendEvent: an unwritable planning root returns written:false and throws nothing (0.416872ms)
✔ appendEvent: a non-object event is refused rather than written (0.095554ms)
✔ renderTrace: an absent trace file is an empty render, never an error (0.125191ms)
✔ renderTrace: an unpaired dispatch is reported, a paired one is not (0.329514ms)
✔ renderTrace: checkpoint and escalation close a bracket too (0.22898ms)
✔ renderTrace: a role-keyed worker pairs on its own key, not with a plan number (0.178603ms)
✔ renderTrace: a re-run never pairs across runs, and unpaired names the run (0.224813ms)
✔ renderTrace: a PRE-ANCHOR event joins its phase's next anchor at read time (0.327961ms)
✔ renderTrace: events after a NO-SHA anchor stay with that run, never the next (0.237738ms)
✔ renderTrace: the U+0000 worker separator keeps two SHIFTED brackets apart (0.151962ms)
✔ renderTrace: a malformed line is skipped and counted, the rest still read (0.189525ms)
✔ renderTrace: --phase restricts the record to that phase (0.154237ms)
✔ seam: append then render joins both events under the derived id (120.554293ms)
✔ seam: every family is accepted and nothing else is (200.214929ms)
✔ seam: a malformed call is ok:false, an unwritten append is ok:true (159.918738ms)
✔ seam: 1.1 and 1.10 are two phases, not one trace key (D-02) (168.405425ms)
✔ seam: render on an absent trace file is ok:true with an empty record (80.309922ms)
✔ renderTrace: every PAIRED bracket is exposed as a row, unpaired ones are not (0.500453ms)
✔ renderTrace: a bracket row bills the DISPATCH's role, like `roles` does (0.348751ms)
✔ renderTrace: a bracket whose timestamps cannot be read reports ms null, never 0 (0.223069ms)
✔ seam: the DEFAULT render carries bracket rows and outcomes, never the event array (42.463886ms)
✔ seam: triage-gate's `rearm` lookup still finds its event in the bounded response (42.943438ms)
✔ seam: --events hands back the raw array the two in-process readers use (40.643877ms)
✔ seam: the default render folds what the providers said the reviews cost (42.667658ms)
✔ seam: a scope holding no provider call carries no provider_spend key (39.594548ms)
✔ seam: a provider call whose event carried no usage is unrecorded, never zero (39.288389ms)
✔ seam: a scope whose every provider call reported nothing shows no total (40.761442ms)
✔ seam: a model listing and a debug consult are provider calls, not reviews (40.109488ms)
✔ seam: a scope holding no review call carries no provider_spend key (41.03623ms)
✔ seam: a review refused before the request was sent is not a call (41.796523ms)
✔ seam: a review that reached the wire and failed still cost something (42.184168ms)
✔ render: provider usage reaches no roles total, with or without it (D-01) (0.48318ms)
✔ seam: --role and --tokens ride one lifecycle event, tokens as a NUMBER (41.605335ms)
✔ seam: --plan and --role are two separate fields on the same event (41.021021ms)
✔ seam: --tokens accepts the comma grouping this plugin prints figures in (38.139049ms)
✔ seam: a malformed --tokens appends NOTHING at all (280.926938ms)
✔ seam: --tokens lands identically on return, checkpoint and escalation (125.067524ms)
✔ seam: --tokens 0 is a recorded figure, not an omission (43.216582ms)
✔ seam: --raised rides an adjudication event as a NUMBER (44.482917ms)
✔ seam: --raised 0 is a recorded figure, not an omission (41.19258ms)
✔ seam: an append with no --raised is byte-identical to today's (41.070034ms)
✔ seam: a malformed --raised appends NOTHING at all (252.922598ms)
✔ seam: the three settled counts ride an outcome event as NUMBERS (41.033574ms)
✔ seam: a settled count of 0 is a recorded figure, an absent one omits the key (82.144095ms)
✔ seam: a malformed settled count appends NOTHING at all (1023.954801ms)
✔ recount: counts matching the record's rulings append normally (144.733697ms)
✔ recount: a --survivors one higher than the rulings is REFUSED, trace untouched (178.108244ms)
✔ recount: the same call against a fire with NO record appends and stores the flags (82.522266ms)
✔ recount: a partial count set is stored unchecked - there is nothing to recount (124.825979ms)
✔ recount: the ROUND decides which record is read, so a re-arm cannot pass on round one (207.28381ms)
✔ recount: a fire with no --plan resolves its record by trigger and head sha (153.982088ms)
✔ recount: a record that is not readable as JSON is refused, never appended past (117.541901ms)
✔ the fix commit falls inside a SECOND cad-executor bracket under the plan key (206.922412ms)
✔ seam: a bare or blank --role appends NOTHING at all (109.402604ms)
✔ seam: a bare --plan, --sha or --base still appends, key omitted (72.575905ms)
✔ seam: --reviewer stores the reviewer that ACTUALLY ran, as a string (36.658184ms)
✔ seam: a bare or blank --reviewer appends NOTHING at all (105.744369ms)
✔ seam: --trigger stores the review trigger an event belongs to, as a string (35.825994ms)
✔ seam: --trigger is stored VERBATIM, trimmed, with no vocabulary of its own (36.498518ms)
✔ seam: a bare or blank --trigger appends NOTHING at all (107.144231ms)
✔ seam: an append with no --trigger is byte-identical to today's (35.359357ms)
✔ seam: --anchor stamps the receipt with the window it names, not the newest one (37.816823ms)
✔ seam: the same receipt WITHOUT --anchor takes the newest anchor, as it always did (35.8028ms)
✔ seam: a bare or blank --anchor appends NOTHING at all (101.25172ms)
✔ seam: render still lists the flagged event - the pre-anchor repair leaves it alone (71.919363ms)
✔ seam: --anchor rides no other event - an append without it is byte-identical (36.180426ms)
✔ seam: two receipts on ONE authorization carry the same id (72.064532ms)
✔ seam: two receipts on TWO authorizations carry different ids (70.494801ms)
✔ seam: an append with no --authorization-id carries NO such key at all (37.440267ms)
✔ seam: a bare or blank --authorization-id appends NOTHING at all (105.960089ms)
✔ seam: the authorization id is stored TRIMMED - a padded copy is one decision (37.348371ms)
✔ seam: --read stores a comma-separated set as an array, verbatim (72.078265ms)
✔ seam: --read trims whitespace and drops empty segments (37.923075ms)
✔ seam: an empty --read appends nothing (102.568057ms)
✔ seam: --read stores what it was handed, existence unchecked (36.046868ms)
✔ seam: a close with no --detail writes the `return` arm (70.46356ms)
✔ seam: a close carrying --detail writes the `checkpoint` arm (37.346667ms)
✔ seam: a close with --tokens and no --detail is still a `return` (D-06) (70.299244ms)
✔ seam: --replay marks a close that performed no work, and stays a `return` (36.043311ms)
✔ seam: a close without --replay carries no replay key at all (36.955505ms)
✔ seam: --replay does not fight the checkpoint arm (38.644763ms)
✔ seam: a malformed --tokens on a close appends NOTHING at all (137.224441ms)
✔ seam: --turns rides a close beside --tokens, as a NUMBER (36.174714ms)
✔ seam: --turns lands on a `trace append` through the same shared body (35.752903ms)
✔ seam: a malformed --turns appends NOTHING at all (215.389603ms)
✔ seam: a close with no --turns writes no turns key at all (34.473621ms)
✔ seam: --turns 0 is a recorded figure, not an omission (35.473093ms)
✔ seam: --duration-ms takes the formatted spelling the host prints (35.357781ms)
✔ seam: --duration-ms accepts every term of its closed grammar (247.055444ms)
✔ seam: a malformed --duration-ms appends NOTHING at all (356.006481ms)
✔ seam: a close with no --duration-ms writes no duration_ms key at all (35.80945ms)
✔ seam: --duration-ms lands on a `trace append` through the same shared body (34.171861ms)
✔ seam: a close pairs with the dispatch of the same --plan (103.703082ms)
✔ seam: a close with no --phase is refused and names the subcommand (35.465287ms)
✔ seam: --detail-file carries a detail no shell could expand (35.22247ms)
✔ seam: --detail-file and --detail write the SAME record for the same value (69.408807ms)
✔ seam: a close carrying --detail-file writes the `checkpoint` arm (69.250823ms)
✔ seam: every --detail-file refusal is bad-args and appends NOTHING at all (139.936164ms)
✔ seam: an UNREADABLE --detail-file is refused and NAMES the read error (36.141717ms)
✔ seam: --read-file produces the identical array the same value produces inline (71.609739ms)
✔ seam: --read-file stores a ref range and a glob verbatim, existence unchecked (35.260302ms)
✔ seam: every --read-file refusal is bad-args and appends NOTHING at all (211.376326ms)
✔ render: a fully-recorded role carries a total and NO unrecorded key (0.324404ms)
✔ render: a half-recorded role shows BOTH a total and an unrecorded count (0.262164ms)
✔ render: a role whose dispatches carried nothing shows no tokens key at all (0.154627ms)
✔ render: two roles in one phase are grouped separately (0.15067ms)
✔ render: a role's turn total rides beside its tokens with a counter of its own (0.211417ms)
✔ render: reporting tokens without turns is a different row from the reverse (0.215765ms)
✔ render: a role whose every close carried no turn figure shows NO turn keys (0.135541ms)
✔ render: a bracket carries the turn figure only where one exists (0.166049ms)
✔ render: a bracket falls back to a turn figure the DISPATCH half carried (0.153244ms)
✔ render: a bracket carries the wall clock its close reported, beside ms (0.165879ms)
✔ render: a bracket whose close carried no duration has NO duration_ms key (0.162172ms)
✔ render: a non-numeric duration_ms contributes NOTHING to the bracket (0.149046ms)
✔ render: two closes differing ONLY in their turn count are two closes (0.263877ms)
✔ render: a dispatch closed by BOTH writers is exactly one bracket (0.189304ms)
✔ render: the two closes render identically in EITHER arrival order (0.253167ms)
✔ render: two genuine dispatches on ONE worker key are still two brackets (0.182711ms)
✔ render: a delayed repeat close never steals the NEXT dispatch of its key (0.236174ms)
✔ render: a close whose dispatch was never read still bills its own role (0.136854ms)
✔ render: a non-numeric turn figure contributes NOTHING (0.130692ms)
✔ render: tokens on checkpoint and escalation aggregate as on return (0.256383ms)
✔ render: a bracket with no role lands under the "" key rather than vanishing (0.137224ms)
✔ render: a phase with no lifecycle events renders an empty roles map (36.313096ms)
✔ render: the ANCHOR event invents no role row (0.238628ms)
✔ render: a string tokens value contributes 0 and counts as unrecorded (0.163294ms)
✔ render: per-role grouping did not become a second pairing rule (0.193873ms)
✔ render: a terminal is billed to the role that DISPATCHED, not its own (0.15075ms)
✔ render: a bracket closed under a DIFFERENT role is reported, not absorbed (0.199554ms)
✔ seam: trace render shows mismatched only where a bracket disagreed (140.411047ms)
✔ render: an UNMATCHED terminal shows its tokens but funds no dispatch (0.273115ms)
✔ render: a duplicated terminal cannot fund a second dispatch (0.204613ms)
✔ render: a REPLAYED terminal funds nothing, even with a dispatch still open (0.225444ms)
✔ render: a role named __proto__ is an own row, not a prototype write (0.185847ms)
✔ seam: trace render surfaces the roles block through the CLI (139.04711ms)
✔ census: every trace family has a producer, and every producer speaks the renderer's vocabulary (5.308197ms)
✔ fixture: the committed verbatim trace renders exactly as it did before this phase (0.351716ms)
✔ render: an unpaired row names the ROLE its dispatch was opened under (0.20804ms)
✔ coordinator: a step's residue is its wall span minus the bracket inside it (0.437782ms)
✔ coordinator: one phase spanning two corr ids is TWO coordinator streams (D-01) (0.250592ms)
✔ coordinator: two workers running at once subtract their overlap ONCE (0.208611ms)
✔ coordinator: an UNPAIRED dispatch subtracts nothing (0.169355ms)
✔ coordinator: a marker with an unparseable ts contributes nothing, never NaN (0.208792ms)
✔ coordinator: a trace with no marker renders no coordinator block at all (0.373318ms)
✔ seam: trace render emits the coordinator block only where markers were written (69.664986ms)
✔ appendEvent: a symlinked trace path is refused and nothing is appended (0.217198ms)
✔ appendEvent: an ordinary trace file still appends and reports written (0.147122ms)
✔ falsifier: turns persist onto the close and reach both the bracket and the role row (MSR-01) (313.299963ms)
✔ falsifier: every step window closes inside the corr that opened it (MSR-04) (0.556891ms)
✔ the four refusing trace flags carry ONE sentence each, in one map (0.962782ms)
✔ render: a bracket carries the cache figures its close reported, and roles does not (0.417983ms)
✔ render: a close reporting no cache traffic leaves NEITHER key on the bracket (0.266873ms)
✔ render: a non-numeric cache figure contributes NOTHING to the bracket (0.153455ms)
✔ render: two closes of one worker leave the LARGER cache read on the row (0.358529ms)
✔ render: the worker id survives the hook closing the bracket first (0.308142ms)
✔ render: a bracket carries the effort it RAN at beside the rung it was DISPATCHED under (0.278536ms)
✔ render: a close naming no effort leaves NEITHER key on the bracket (0.193783ms)
✔ render: a non-string or empty effort or rung contributes NOTHING to the bracket (0.18177ms)
✔ render: a second close does not overwrite the effort or rung the first supplied (0.318412ms)
✔ render: the span ends at the LATER close, not whichever landed first (0.299205ms)
✔ coordinator: the residue subtracts the worker span to its LATER close (0.211196ms)
✔ render: a cache-only fact lands on the bracket its corr and id name (0.350354ms)
✔ render: the fact folds just as well when it arrives BEFORE the id (0.198091ms)
✔ render: a fact CORRECTS a shorter figure the close carried, never a longer one (0.328912ms)
✔ render: with two workers of one role open, the fact reaches the matching id (0.274999ms)
✔ render: a fact that names no bracket of its own run lands NOWHERE (0.505452ms)
✔ render: two facts for one worker leave the LARGER sums, in either order (0.533676ms)
✔ render: rendering one fixture TWICE gives byte-identical brackets (0.233208ms)
✔ render: a fact carries the effort and the rung onto its bracket, in EITHER order (0.385581ms)
✔ render: a fact reporting an effort and NO cache figure still reaches the row (0.188272ms)
✔ render: a fact never overwrites an effort or rung the close already carried (0.511674ms)
✔ render: a fact with no bracket to name adds no effort, no rung and no row (0.448112ms)
✔ shape: ok true, non-empty surfaces with typed fields (36.304285ms)
✔ surface set is agents, skills, workflows plus references/** and templates/** (D-01) (38.430885ms)
✔ determinism: two runs on the same tree are byte-identical (80.17925ms)
✔ empty tree: no surface dirs yields ok true and surfaces [] (25.218143ms)
✔ #49.1: a dangling symlink or symlink cycle under a measured surface is skipped, not thrown (26.175023ms)
✔ BUD-02: an unreadable sibling directory hides only itself (27.467469ms)
✔ D-07: a symlinked directory is not descended, so a cycle counts one surface (33.36945ms)
✔ a symlinked branch ROOT is descended (the qualified half of D-07) (33.441278ms)
✔ resident: envelope shape, and the legacy invocation is untouched (75.967289ms)
✔ resident: two runs on the same tree are byte-identical (91.820397ms)
✔ resident: sorted - commands by name, roles by agent, file lists by surface (47.181623ms)
✔ AC1: --command eagerBytes is the sum of the files that same envelope lists (41.657719ms)
✔ AC1: --role returns EVERY agent under that role, each summed on its own (40.392777ms)
✔ resident: a filter narrows only its own array - zeroResident is unmoved (82.684505ms)
✔ resident: an unknown --command or --role is ok:false, naming the name (80.443324ms)
✔ resident: a missing @-include contributes 0 rather than throwing (28.244391ms)
✔ resident: a *-contract skill is a role, never a command (D-05) (30.173812ms)
✔ resident: an agent preloading no contract is its own role (25.239582ms)
✔ resident: reachable is ONE hop from the eager set, not a closure (31.487749ms)
✔ chars/4: estTokens and bytes match the measurement proxy (26.400876ms)
✔ flags: a valueless --root fails rather than measuring the plugin tree (22.148639ms)
✔ flags: an empty --root fails rather than measuring the plugin tree (25.542906ms)
✔ flags: --root swallowing the NEXT flag fails rather than measuring it (23.791027ms)
✔ flags: a valueless --command fails rather than silently meaning ALL (34.998532ms)
✔ flags: an ABSENT --root still defaults to the plugin tree (27.419675ms)
✔ the index over this repository resolves 00537356 to _archive-v3.4.0/1, plan 1, task 2 (4.975199ms)
✔ the same index does NOT resolve it to a live phase, which is another milestone entirely (3.519178ms)
✔ the live tier and the archive tier are both walked, each labelled by its own group (1.638451ms)
✔ a live phase and an archive phase sharing one number resolve apart, each under its own group (0.580697ms)
✔ two archive groups each carrying a phase 1 both index, each under its own label (1.51824ms)
✔ a SUMMARY.md that cannot be read contributes no rows and exactly one warning, never a throw (0.806692ms)
✔ an ABSENT SUMMARY.md is silent - a phase with plans and no summary is the ordinary mid-phase state (0.239921ms)
✔ two abbreviations that both prefix one full sha answer ambiguous, naming both (0.455646ms)
✔ a sha no summary names is unresolved, which is a different answer from ambiguous (0.264419ms)
✔ an absent planning root is the pre-project state: no dirs, no rows, no warning (0.267755ms)
✔ readArtifact tells absent, unreadable and readable apart (0.232908ms)
✔ readArtifact refuses a symlink resolving outside its own directory (0.343731ms)
✔ rangeMembers answers base..head, so a record covers A and not B (20.541087ms)
✔ a range whose head this clone does not have is unresolvable, not empty (24.450115ms)
✔ a base_id that is not hexadecimal never reaches git argv (15.266292ms)
✔ readAdjudications finds records by the one filename rule and skips everything else (0.80072ms)
✔ an unparseable record warns by name and code, and the other records still read (0.34825ms)
✔ a phase directory with no record at all is silent (0.19764ms)
✔ the prune search finds every close in this repository, including the three named ones (33.374329ms)
✔ --full-history is load-bearing: without it the same search returns strictly fewer (28.609545ms)
✔ 72940906 binds to the milestone label its own close appended to ARCHIVE.md (33.97264ms)
✔ a close older than ARCHIVE.md itself reports an ABSENT label rather than guessing one (33.516523ms)
✔ two closes in one repository each come back under their own label, in a stable order (32.756241ms)
✔ a merge-shaped prune record is REPORTED, never answered out of an arbitrary parent (27.980355ms)
✔ a commit behind a deleted phase directory resolves out of git history alone (256.583693ms)
✔ the recovered phase 1 is v3.5.9's, never the live phases/1 that holds v3.6.0's (207.938261ms)
✔ the disk tier still wins for a commit BOTH tiers can claim (381.228486ms)
✔ an 8-character abbreviation matches its own sha and no neighbour of it (199.409759ms)
✔ building the map twice over the unchanged repository returns deep-equal results (388.685452ms)
✔ a recovered row naming a sha this clone does not have is stated absent, never dropped (12.58812ms)
✔ a pruned phase carrying a CONTEXT.md and no record resolves the decision edge and states the review absence (20.510397ms)
✔ a recovered adjudication record is found by listing the tree, not by guessing its name (15.132543ms)
✔ the close a gap sits under is the EARLIEST one at or after the commit, never the newest (0.201778ms)
✔ a mixed-offset commit attaches to the close it belongs to as an INSTANT, not as a string (0.082469ms)
✔ an unparseable date is a stated absence, and an unparseable close is skipped rather than deciding (0.113418ms)
✔ one task record yields one directory and its table rows, each carrying the slug (0.616867ms)
✔ an absent tasks/ is the never-ran-a-task state: no dirs, no rows, no warning (0.221687ms)
✔ a RECORD.md that cannot be read warns by artifact and errno code, and contributes no rows (0.359962ms)
✔ building the tasks tier twice over an unchanged root returns deep-equal results (0.583182ms)
✔ this repository's own tasks tier holds the bound-plan-size record and its three commits (0.766925ms)
✔ a sha named by BOTH a phase summary and a task record resolves to the PHASE (0.374831ms)
✔ the tasks tier is asked AHEAD of the git-recovered one, and prunes still come off recovered alone (0.299736ms)
✔ this repository's merged index resolves 093408c9 to the bound-plan-size task, and 00537356 still to its phase (189.111404ms)
✔ a task directory holding BOTH a PLAN.md and a RECORD.md declares through the RECORD (0.965046ms)
✔ a PHASE directory is unaffected: RECORD.md is never tried where there is no slug (0.392184ms)
✔ a bare path with no colon parses to that path and no line (1.222561ms)
✔ a path with a trailing :<digits> parses to that path and the line (0.178303ms)
✔ a colon whose suffix does not start with a digit, -, or + stays inside the path (0.119931ms)
✔ a drive-letter-shaped colon stays inside the path (0.080805ms)
✔ a.rs:0 refuses as zero-line (0.092728ms)
✔ a.rs:-1 refuses as negative-line (0.069754ms)
✔ a.rs:4x refuses as non-integer-line (0.069354ms)
✔ a.rs: refuses as trailing-colon (0.073491ms)
✔ the empty string refuses as empty-path (0.082929ms)
✔ all five refusal reasons are distinct (0.239521ms)
✔ a colon-only path half refuses as empty-path even with a valid line (0.089422ms)
✔ the bare argv carries -M, --follow and a -- separator (0.117106ms)
✔ the line argv carries -M and a -L term, and neither --follow nor -- (0.076878ms)
✔ only the bare argv carries --follow and a -- separator (0.07282ms)
✔ only the line argv carries a -L term (0.053383ms)
✔ the probe argv is capped at one result and names the path (0.059885ms)
✔ the comparand argv carries --full-history, -M and a -- separator, and NEVER --follow (0.044857ms)
✔ the comparand format asks for the parent list, which is what makes a merge count evidence (0.038374ms)
✔ the bare arm is unmoved: it still carries --follow and still does not carry --full-history (0.028465ms)
✔ excludedFrom names the comparand records the chain does not carry, with their parent counts (0.137785ms)
✔ excludedFrom keeps the comparand's own newest-first order and never re-sorts (0.060476ms)
✔ a chain carrying every comparand record excludes nothing - the ordinary state (0.055848ms)
✔ a record with no sha is a parse artifact and is dropped, never counted as a commit (0.035137ms)
✔ a root commit reads as zero parents rather than one, so it can never be counted a merge (0.04148ms)
✔ exit 128 with a "has only N lines" fatal classifies as line-past-end, no stderr bytes carried (0.135982ms)
✔ exit 0 with empty stdout classifies as not-in-history, no stderr bytes carried (0.040137ms)
✔ the two failure shapes classify to two distinct outcomes (0.076157ms)
✔ exit 128 with an unknown-path fatal classifies as not-in-history (0.03133ms)
✔ exit 0 with non-empty stdout classifies as ok (0.029637ms)
✔ an unrecognized non-zero exit classifies as git-failed rather than crashing (0.026771ms)
✔ every row of a real archived ## Commits table returns with its four cells byte-exact (1.790503ms)
✔ the fix 1 / fix 2 / fix 3 task cells survive as the strings the record wrote (0.221075ms)
✔ the separator row yields no entry (0.221396ms)
✔ a 7-character abbreviation matches its own full sha by prefix and not a neighbour (0.1193ms)
✔ an 8-character abbreviation matches its own full sha and not a 7-character neighbour of it (0.148986ms)
✔ a blank or non-hexadecimal commit cell matches nothing and mints no row (0.124009ms)
✔ a fenced ## line inside the section does not end the table early (0.10415ms)
✔ the three-column era table maps its cells by header name, never by position (0.269689ms)
✔ a summary with no ## Commits section returns no rows rather than throwing (0.363128ms)
✔ planTaskBodies cuts a real plan on planTaskTitles own boundaries (0.544597ms)
✔ planTaskBodies attributes nothing rather than wrongly when the heading count disagrees (0.106825ms)
✔ contextDecisions unions the durable and the phase-local sections, durable first (0.528085ms)
✔ a legacy CONTEXT with only ## Decisions still yields each decision exactly once (0.202309ms)
✔ a task body citing D-08 yields a task-level cite carrying that CONTEXT line verbatim (0.553855ms)
✔ a task cell that names no task falls back to the plan's ## Context cites, labelled plan-scoped (0.365032ms)
✔ a plan naming no D-NN at all yields every decision the CONTEXT carries, phase-scoped (0.230043ms)
✔ a cited decision the CONTEXT does not carry is stated rather than dropped (0.191529ms)
✔ a phase with no CONTEXT.md at all reports absent, not an invented decision (0.402625ms)
✔ the deviation reader returns the ## Deviations bullets and none of the ## Open items bullets (0.463883ms)
✔ a fenced ## line inside ## Deviations does not truncate the bullet list (0.108468ms)
✔ the template's own placeholder prose is not a deviation (0.068702ms)
✔ MARKER_GAP names the marker the write side prescribes and never says "none" (0.065987ms)
✔ SURVIVED_RULING is the vocabulary the record module defines, pinned to its literal (0.045518ms)
✔ a real record's survived entry returns with the reviewer's own words byte-exact (0.249139ms)
✔ two survivors on one record differ on fix_commit and on nothing else (0.188302ms)
✔ a record an earlier writer produced parses to the same survivors, commit carried (0.151271ms)
✔ a non-survived entry does not return (0.235172ms)
✔ a survivor with no base_id states an unresolvable join and an issue, never a throw (0.155479ms)
✔ a record-level range covers an entry that does not carry its own (0.489491ms)
✔ a record that will not parse yields one issue and no findings, never a throw (0.131353ms)
✔ a wrapped Files: line yields both the first line's paths and the continuation's (0.588271ms)
✔ every task is attributed to its own heading rather than merged into one set (0.216176ms)
✔ declaringTasks names the task that claimed the queried path, and its declaration (0.22362ms)
✔ containment runs through covers, so a directory lease claims a file it does not name (0.10878ms)
✔ the task-line normalization matches parsePlanFiles: backticks and one trailing parenthetical (0.044997ms)
✔ a plan whose task headings do not parse declares nothing rather than something wrong (0.086196ms)
✔ two entries in ascending date order render newest first (0.953223ms)
✔ two entries sharing one commit date render in descending full-sha order, and reversal is byte-identical (0.170989ms)
✔ a 25-entry chain renders exactly DEFAULT_TOP entries while total reads 25 (0.441299ms)
✔ an entry carrying no join data renders one stated-absent line per join field (0.242626ms)
✔ an entry carrying join data renders its own text rather than the placeholder (0.127896ms)
✔ a resolved TASK names its slug and prints no phase number and no milestone (0.379079ms)
✔ a task record has no Plan column, so its plan task line carries no plan prefix (0.243728ms)
✔ the resolved-PHASE arm is unmoved: the milestone and the number, read off the directory (0.139288ms)
✔ the RECOVERED arm is unmoved: it still says which tree it was recovered from (0.190005ms)
✔ the AMBIGUOUS arm is unmoved: it names every candidate and picks none (0.205886ms)
✔ two survivors on one commit render differently when only one names a fix (0.30666ms)
✔ the GAP arm is unmoved: an unresolved entry still opens with NOT RESOLVED (0.161882ms)
✔ the exclusion block names the count, what dropped them, the merge count and the invocation (0.31737ms)
✔ one excluded merge reads as one, not as a plural (0.100374ms)
✔ a chain with nothing excluded grows no block at all - an absent report and an empty one alike (0.098059ms)
✔ the excluded list is capped with the remainder counted, never dropped (0.292633ms)
✔ the truncation note stays the LAST line even when the exclusion block renders (0.21814ms)
✔ the frozen worst case carries more entries than the default, so the cap is really exercised (0.072079ms)
✔ the worst measured path renders UNDER the conventions.md byte line at the default cap (0.242766ms)
✔ and OVER it at one above the default, which is what makes the stated cap maximal (0.148366ms)
✔ the header's stated cap and DEFAULT_TOP are the same number (0.177011ms)
✔ a tracked path returns ok:true, a non-empty text, and the newest commit first (65.152228ms)
✔ <path>:<line> on a line only one of two commits touched returns a strict subset of the bare chain (99.719739ms)
✔ a path git never saw returns ok:true with a stated not-in-history result and no fatal: on stdout (42.683172ms)
✔ a line past end of file returns a stated result rather than a non-zero exit or a crash (46.3688ms)
✔ a valueless --dir returns ok:false naming --dir (31.370895ms)
✔ a valueless --top with no positional argument refuses on --top rather than the missing query (39.493397ms)
✔ every run in this file parses as exactly one JSON object (138.713013ms)
✔ two runs over an unchanged tree write byte-identical stdout (83.54008ms)
✔ the answer is unchanged whether .planning/trace.jsonl is present or absent (81.675454ms)
✔ every child-process call in why.mjs names git as its command (0.392505ms)
✔ a commit an archived summary names joins to that milestone, phase, plan and task (321.412834ms)
✔ the phase printed is the archived one, never the live phases/1 that reuses the number (345.567081ms)
✔ a commit no summary names keeps its phase and plan-task fields stated absent rather than dropped (46.464943ms)
✔ two runs over this repository, with the index in place, write byte-identical stdout (614.064347ms)
✔ a task body's D-NN cite reaches the rendered chain with the CONTEXT line's own text (246.822481ms)
✔ the fallback arm carries a phase-scoped label rather than passing itself off as task-level (243.924533ms)
✔ the rendered chain carries the phase's deviation bullets under a phase-scoped label (238.64038ms)
✔ every joined entry names the absent corrected-by marker rather than reporting "none" (540.463999ms)
✔ a survived finding reaches the rendered chain on the commit its range covers, and on no other (45.616938ms)
✔ a finding whose range does not resolve in this clone is stated unknown, never dropped or applied (46.259103ms)
✔ a joined entry names the task whose Files: line declared the queried path (242.319907ms)
✔ a path no task in the resolved plan declares says so rather than going blank (47.323971ms)
✔ every join field is stated on an unjoined entry, including the sixth (42.599355ms)
✔ two runs over this repository stay byte-identical with all six edges joined (481.783238ms)
✔ a commit whose phase directory exists in NO on-disk tier still names its phase (259.880639ms)
✔ the recovered tier never overrides an on-disk record a reader could open (292.840274ms)
✔ two runs over this repository stay byte-identical with the recovered tier in place (512.840122ms)
✔ every edge works on a phase whose directory is gone: decision, deviation and surviving finding (282.032227ms)
✔ an artifact the recovered tree does not carry is a stated absence, not a failed entry (265.399851ms)
✔ a commit no record names comes back as a NAMED gap carrying what git does have (33.003397ms)
✔ the unresolved arm presents NO digit as a phase number (33.304647ms)
✔ a conventional-commit scope is printed as corroboration, and the phase still reads as the gap (33.359002ms)
✔ a close labelled in ARCHIVE.md contributes its section rows, bound to the label and to no commit (42.446337ms)
✔ two runs over the gap arm are byte-identical (75.98799ms)
✔ a commit only a task record names resolves at the seam, to the task and to no phase (32.449353ms)
✔ the record on disk answers /cad-why for a file that task touched, end to end (236.524086ms)
✔ two runs over the tasks tier of this repository write byte-identical stdout (473.956811ms)
✔ the INLINE arm writes no PLAN.md at all, and the declaring task is still named (34.511376ms)
✔ the envelope names the merge the simplified walk dropped, and none of the commits it kept (43.211977ms)
✔ a chain the simplification excluded nothing from reports an EMPTY exclusion, never an absent one (35.181294ms)
✔ the LINE arm runs no comparand at all - it carries its own simplification (44.671444ms)
✔ a failed comparand is not reachable through the shipped argv, so the guard is defensive (34.869245ms)
✔ this repository: the three merges --full-history adds are named, and none of the seven it keeps (226.40477ms)
✔ the seam's own text states the exclusion, so a reader relaying text verbatim sees it (42.899926ms)
✔ a hermetic chain with nothing excluded prints a text with no such block (36.689674ms)
✔ this repository: the exclusion reaches the rendered text with the count, the word merge and all three shas (223.310392ms)
✔ a row over its ceiling is one budget-overrun problem naming the role (0.980105ms)
✔ a row EXACTLY at its ceiling does not cross - this is a ceiling, not an equality (0.096546ms)
✔ a row under its ceiling is silent, and there is no shrink arm (0.092187ms)
✔ a null-tokens row is counted unrecorded, never priced as zero (0.096385ms)
✔ a row whose role has no ceiling is counted per role, never skipped (0.626665ms)
✔ the role test runs first: an unbudgeted role with no figure counts once (0.135872ms)
✔ a ceiling that is not a positive integer leaves the role unbudgeted (0.217619ms)
✔ an empty bracket list is an empty report, not a failure (0.098379ms)
✔ a non-array brackets value and a non-object ceilings map report nothing (0.11416ms)
✔ every row lands in exactly one bucket, so the buckets sum to the row count (0.199654ms)
✔ trace window: a crossing bracket is reported in the budget-overrun shape (61.995446ms)
✔ trace window: a repo-layer config raising that role's key removes the crossing (56.699538ms)
✔ trace window: --phase scopes which brackets are read (118.453709ms)
✔ trace window: an absent trace file is ok:true with nothing to report (53.083875ms)
✔ trace window: a terminal with no token figure counts unrecorded, not zero (50.913441ms)
✔ trace window: a role with no ceiling is counted per role, never skipped (49.643769ms)
✔ trace window: a bad --phase is ok:false / bad-args (47.59081ms)
✔ falsifier: a crossing is reported per role and an under-ceiling dispatch is not (MSR-03) (49.328883ms)
✔ unset everywhere: the fresh default applies and parallel is refused (42.419275ms)
✔ user layer head: parallel is safe, source names the file (27.321727ms)
✔ project settings.json beats the user layer (32.674131ms)
✔ settings.local.json beats project settings.json (31.599454ms)
✔ managed policy wins over every lower layer (31.019289ms)
✔ a malformed layer is skipped, not fatal - the cascade below it answers (24.982568ms)
✔ a layer without the key falls through to the next one (29.439199ms)
✔ an unrecognized value refuses parallel and says the setting takes two values (29.60075ms)
✔ a non-string baseRef is ignored like an absent one (30.847599ms)
✔ unknown subcommand: usage, never a fabricated verdict (28.329195ms)
✔ resolve: an EMPTY --dir refuses by name, exit 1, no fabricated verdict (26.239806ms)
✔ resolve: a VALUELESS --dir refuses by name, exit 1, no fabricated verdict (27.91588ms)
ℹ tests 3751
ℹ suites 0
ℹ pass 3742
ℹ fail 9
ℹ cancelled 0
ℹ skipped 0
ℹ todo 0
ℹ duration_ms 24447.331465

✖ failing tests:

test at cadence-core/bin/planning-renumber.test.mjs:76:1
✖ renumber remove: cuts line + detail, orphans reqs, shifts down, reports prose refs (67.588081ms)
  AssertionError [ERR_ASSERTION]: Expected values to be strictly equal:
  
  false !== true
  
      at TestContext.<anonymous> (file:///code/cadence/cadence-core/bin/planning-renumber.test.mjs:79:10)
      at Test.runInAsyncScope (node:async_hooks:226:14)
      at Test.run (node:internal/test_runner/test:1402:25)
      at Test.processPendingSubtests (node:internal/test_runner/test:974:18)
      at Test.postRun (node:internal/test_runner/test:1542:19)
      at Test.run (node:internal/test_runner/test:1467:12)
      at async Test.processPendingSubtests (node:internal/test_runner/test:974:7) {
    generatedMessage: true,
    code: 'ERR_ASSERTION',
    actual: false,
    expected: true,
    operator: 'strictEqual',
    diff: 'simple'
  }

test at cadence-core/bin/planning-renumber.test.mjs:148:1
✖ renumber remove: the shift DOWN leaves an existing phase CONTEXT byte-identical too (58.787865ms)
  AssertionError [ERR_ASSERTION]: Expected values to be strictly equal:
  
  false !== true
  
      at TestContext.<anonymous> (file:///code/cadence/cadence-core/bin/planning-renumber.test.mjs:151:10)
      at Test.runInAsyncScope (node:async_hooks:226:14)
      at Test.run (node:internal/test_runner/test:1402:25)
      at Test.processPendingSubtests (node:internal/test_runner/test:974:18)
      at Test.postRun (node:internal/test_runner/test:1542:19)
      at Test.run (node:internal/test_runner/test:1467:12)
      at async Test.processPendingSubtests (node:internal/test_runner/test:974:7) {
    generatedMessage: true,
    code: 'ERR_ASSERTION',
    actual: false,
    expected: true,
    operator: 'strictEqual',
    diff: 'simple'
  }

test at cadence-core/bin/planning-renumber.test.mjs:174:1
✖ renumber remove: dirs shift DOWN low-to-high (collision-safe order) (62.710991ms)
  TypeError: Cannot read properties of undefined (reading '0')
      at TestContext.<anonymous> (file:///code/cadence/cadence-core/bin/planning-renumber.test.mjs:177:28)
      at Test.runInAsyncScope (node:async_hooks:226:14)
      at Test.run (node:internal/test_runner/test:1402:25)
      at Test.processPendingSubtests (node:internal/test_runner/test:974:18)
      at Test.postRun (node:internal/test_runner/test:1542:19)
      at Test.run (node:internal/test_runner/test:1467:12)
      at async Test.processPendingSubtests (node:internal/test_runner/test:974:7)

test at cadence-core/bin/planning-renumber.test.mjs:188:1
✖ renumber remove of the LAST phase cuts the final detail section cleanly (57.867522ms)
  AssertionError [ERR_ASSERTION]: Expected values to be strictly equal:
  
  false !== true
  
      at TestContext.<anonymous> (file:///code/cadence/cadence-core/bin/planning-renumber.test.mjs:191:10)
      at Test.runInAsyncScope (node:async_hooks:226:14)
      at Test.run (node:internal/test_runner/test:1402:25)
      at Test.processPendingSubtests (node:internal/test_runner/test:974:18)
      at Test.postRun (node:internal/test_runner/test:1542:19)
      at Test.run (node:internal/test_runner/test:1467:12)
      at async Test.processPendingSubtests (node:internal/test_runner/test:974:7) {
    generatedMessage: true,
    code: 'ERR_ASSERTION',
    actual: false,
    expected: true,
    operator: 'strictEqual',
    diff: 'simple'
  }

test at cadence-core/bin/planning-renumber.test.mjs:230:1
✖ renumber: prose phase refs are reported, never rewritten; key absent when none (121.219653ms)
  AssertionError [ERR_ASSERTION]: Expected values to be strictly equal:
  
  false !== true
  
      at TestContext.<anonymous> (file:///code/cadence/cadence-core/bin/planning-renumber.test.mjs:239:10)
      at Test.runInAsyncScope (node:async_hooks:226:14)
      at Test.run (node:internal/test_runner/test:1402:25)
      at Test.processPendingSubtests (node:internal/test_runner/test:974:18)
      at Test.postRun (node:internal/test_runner/test:1542:19)
      at Test.run (node:internal/test_runner/test:1467:12)
      at async Test.processPendingSubtests (node:internal/test_runner/test:974:7) {
    generatedMessage: true,
    code: 'ERR_ASSERTION',
    actual: false,
    expected: true,
    operator: 'strictEqual',
    diff: 'simple'
  }

test at cadence-core/bin/planning-renumber.test.mjs:388:1
✖ PHS-01: an unreadable git state refuses the remove, a non-repo still removes (179.772052ms)
  AssertionError [ERR_ASSERTION]: a tree with no repository must still remove, got {"ok":false,"reason":"unreadable-git-state","detail":"phases/3 sits under a git repository whose state could not be read, so whether it holds uncommitted work is unknown - removing it could destroy work only git can recover","hint":"restore read access to the repository's git directory (ls -ld .git), then re-run; the removal stays refused until git can answer for .planning/phases/3","_exit":1}
  
  false !== true
  
      at TestContext.<anonymous> (file:///code/cadence/cadence-core/bin/planning-renumber.test.mjs:448:10)
      at Test.runInAsyncScope (node:async_hooks:226:14)
      at Test.run (node:internal/test_runner/test:1402:25)
      at Test.processPendingSubtests (node:internal/test_runner/test:974:18)
      at Test.postRun (node:internal/test_runner/test:1542:19)
      at Test.run (node:internal/test_runner/test:1467:12)
      at async Test.processPendingSubtests (node:internal/test_runner/test:974:7) {
    generatedMessage: false,
    code: 'ERR_ASSERTION',
    actual: false,
    expected: true,
    operator: 'strictEqual',
    diff: 'simple'
  }

test at cadence-core/bin/planning-renumber.test.mjs:453:1
✖ renumber remove: a partial apply reports which ops completed (#49.2) (55.381478ms)
  AssertionError [ERR_ASSERTION]: Expected values to be strictly equal:
  + actual - expected
  
  + 'unreadable-git-state'
  - 'partial-apply'
  
      at TestContext.<anonymous> (file:///code/cadence/cadence-core/bin/planning-renumber.test.mjs:465:10)
      at Test.runInAsyncScope (node:async_hooks:226:14)
      at Test.run (node:internal/test_runner/test:1402:25)
      at Test.processPendingSubtests (node:internal/test_runner/test:974:18)
      at Test.postRun (node:internal/test_runner/test:1542:19)
      at Test.run (node:internal/test_runner/test:1467:12)
      at async Test.processPendingSubtests (node:internal/test_runner/test:974:7) {
    generatedMessage: true,
    code: 'ERR_ASSERTION',
    actual: 'unreadable-git-state',
    expected: 'partial-apply',
    operator: 'strictEqual',
    diff: 'simple'
  }

test at cadence-core/bin/planning-renumber.test.mjs:488:1
✖ renumber remove: a failure before ANY step says so, rather than claiming a half-renumbered tree (60.297033ms)
  AssertionError [ERR_ASSERTION]: Expected values to be strictly equal:
  + actual - expected
  
  + 'unreadable-git-state'
  - 'partial-apply'
  
      at TestContext.<anonymous> (file:///code/cadence/cadence-core/bin/planning-renumber.test.mjs:504:10)
      at Test.runInAsyncScope (node:async_hooks:226:14)
      at Test.run (node:internal/test_runner/test:1402:25)
      at Test.processPendingSubtests (node:internal/test_runner/test:974:18)
      at Test.postRun (node:internal/test_runner/test:1542:19)
      at Test.run (node:internal/test_runner/test:1467:12)
      at async Test.processPendingSubtests (node:internal/test_runner/test:974:7) {
    generatedMessage: true,
    code: 'ERR_ASSERTION',
    actual: 'unreadable-git-state',
    expected: 'partial-apply',
    operator: 'strictEqual',
    diff: 'simple'
  }

test at cadence-core/bin/planning.test.mjs:301:1
✖ renumber: a decimal cursor is warned about, never shifted (#37) (56.7917ms)
  AssertionError [ERR_ASSERTION]: Expected values to be strictly equal:
  
  false !== true
  
      at TestContext.<anonymous> (file:///code/cadence/cadence-core/bin/planning.test.mjs:304:10)
      at Test.runInAsyncScope (node:async_hooks:226:14)
      at Test.run (node:internal/test_runner/test:1402:25)
      at Test.processPendingSubtests (node:internal/test_runner/test:974:18)
      at Test.postRun (node:internal/test_runner/test:1542:19)
      at Test.run (node:internal/test_runner/test:1467:12)
      at async Test.processPendingSubtests (node:internal/test_runner/test:974:7) {
    generatedMessage: true,
    code: 'ERR_ASSERTION',
    actual: false,
    expected: true,
    operator: 'strictEqual',
    diff: 'simple'
  }
