✔ AC1: two voices raising one convergent finding produce TWO entries, not one (2.416949ms)
✔ AC1: a finding only one voice raised is not marked convergent (0.324783ms)
✔ AC1: one voice raising the same finding twice is not convergence (0.241564ms)
✔ AC1: a returned finding with no ruling is REFUSED, never silently absent (0.207358ms)
✔ AC1: a ruling naming no returned finding is REFUSED (0.301709ms)
✔ the voice ROSTER survives a fire where every voice returned nothing (0.144648ms)
✔ the roster carries no per-voice COUNT - every figure is derived (0.43233ms)
✔ AC2: a ruling that paraphrases the claim is REFUSED (0.153144ms)
✔ AC2: a one-byte difference in the claim is REFUSED (0.237516ms)
✔ AC2: a paraphrased failure_scenario is REFUSED (0.168333ms)
✔ AC2: the stored entry is copied from the RETURNED side and carries no restatement (0.201306ms)
✔ AC3: a ruling outside survived | downgraded | refuted is REFUSED (0.10963ms)
✔ AC3: a refuted entry with no counter-evidence is REFUSED (0.086025ms)
✔ AC3: refuted counter-evidence must name contradicting CODE (0.089692ms)
✔ AC3: a refuted entry naming contradicting code is accepted and stores it (0.097697ms)
✔ AC3: a survived BLOCKER or HIGH with no fix commit is REFUSED (0.116684ms)
✔ an OVERRIDDEN survived blocker with no fix commit is accepted, and stores no commit id (0.075555ms)
✔ the override marker is the boolean true and nothing else (0.920777ms)
✔ the override marker buys no exemption from the fix_commit VALUE check (0.124659ms)
✔ an overridden survived blocker citing a VALID fix commit carries both keys (0.094612ms)
✔ the marker is not restricted to survived, nor to a severity (0.05208ms)
✔ an ordinary entry gains no overridden key (0.05215ms)
✔ the marker added no fourth RULING - a survived high with neither is still REFUSED (0.057841ms)
✔ a survived MEDIUM or LOW with no fix commit is ACCEPTED, and stores no such key (0.086857ms)
✔ a survived MEDIUM that does cite a fix commit is accepted and stores it (1.066858ms)
✔ a survived MEDIUM citing an unusable fix commit is still REFUSED (0.137704ms)
✔ AC3: a blank or non-hexadecimal fix commit is REFUSED like an absent one (0.127134ms)
✔ AC3: an abbreviated or full fix commit is accepted (0.103309ms)
✔ RSK-08: an unusable fix commit on a DOWNGRADED or REFUTED ruling is REFUSED (0.175557ms)
✔ RSK-08: a WELL-FORMED fix commit on a downgraded or refuted ruling is still accepted (0.111024ms)
✔ RSK-08: the SURVIVED arm is refused by that one same check, naming its ruling (0.070725ms)
✔ RSK-08: the entries face and the payload face answer identically over one fixture (0.243277ms)
✔ RSK-08: a record with no override names no unfixed halting survivor (0.099691ms)
✔ RSK-08: the entries face reads a RECORD off disk, not only a freshly built payload (0.122815ms)
✔ the counts are DERIVED by counting rulings over a mixed-ruling fixture (0.09341ms)
✔ deriveCounts recomputes from the STORED entries, so a reader can recount a record it did not write (0.100643ms)
✔ deriveCounts counts a hand-invented fourth ruling in raised and in no bucket (0.040548ms)
✔ the severity vocabulary matches FINDING_SCHEMA's own enum (0.044044ms)
✔ the halting severities match lib/filing-decision.mjs's own list (0.051529ms)
✔ the fix-commit grammar matches lib/filing-decision.mjs's own copy (0.181368ms)
✔ a severity outside the four is REFUSED (0.058452ms)
✔ the ruling enum is exactly three values - no unadjudicated fourth (0.049976ms)
✔ a payload that is not an object is REFUSED (0.086887ms)
✔ an empty or absent voices array is REFUSED (0.075766ms)
✔ a voice with no name or no model is REFUSED (0.07344ms)
✔ one voice appearing twice is REFUSED (0.059444ms)
✔ an unknown key at any level is REFUSED rather than ignored (0.107446ms)
✔ a returned object carrying anything but findings is REFUSED (0.050186ms)
✔ a malformed finding is REFUSED - the bounds FINDING_SCHEMA states (0.129599ms)
✔ a refusal names the entry it is about (0.072409ms)
✔ AC4: counting a written record's rulings reproduces the figures on its trace event (137.462909ms)
✔ AC4: flipping ONE entry's ruling makes the record and its event disagree (121.233694ms)
✔ AC4: the recount reads the STORED entries, so an edited record answers differently (118.329429ms)
adoption census: 331 declared refusals exercised against the shipped CLI across 202 table entries; 31 axes skipped as fallback or warn (proving either means the command RUNS, and two of the owning scripts mutate); 21 boolean entries skipped on both axes (presence is their whole grammar).
✔ every declared REFUSAL is one the shipped CLI actually carries out (23742.88013ms)
✔ the census reports what it exercised and what it skipped, and why (0.49485ms)
✔ evaluateFlag: the stated table (1.670426ms)
✔ subcommandKey: the words a script was invoked with, resolved to its table key (0.210834ms)
✔ evaluateRow: the first refusal, over the flags actually present (0.70346ms)
✔ evaluatePresence: the stated table (1.047641ms)
✔ the settle-receipt presence rule is declared, and every flag it names is on the same row (0.212708ms)
✔ every disposition and every type in the table is one of the stated words (0.144417ms)
✔ ONE FLAT shape on both paths: ok, value and detail, never a discriminated union (0.142884ms)
✔ the evaluator emits nothing: not one byte on stdout or stderr (31.229654ms)
✔ it never throws at its caller, whatever argv holds (0.261792ms)
✔ the module file itself is pure: no emit, no process, no filesystem (0.508857ms)
✔ every flag in every row declares a complete grammar (3.312798ms)
✔ the declarations the CONTEXT decisions bind are the ones in the table (0.263296ms)
✔ every declared spec is one the evaluator can actually apply (4.521728ms)
✔ tokenize: lowercases, splits on non-alphanumerics, drops stopwords (0.881652ms)
✔ search: a doc containing the query term outranks one that does not (0.350663ms)
✔ search: a stopword-only query returns no results (1.18245ms)
✔ search: hand-computed score on a two-doc corpus matches the BM25 formula (0.347837ms)
✔ search: two calls on the same index return deep-equal arrays (determinism) (0.211876ms)
✔ search: empty query or empty corpus yields no results, never throws (0.111845ms)
✔ name: derives cadence/<version> from the PROJECT.md ### Active section (1.003947ms)
✔ name: falls back to the ROADMAP title when Active names no version (0.154507ms)
✔ name: null when neither prose surface carries a version (never invent one) (0.111413ms)
✔ name: a plain semver without a prerelease suffix still parses (0.101866ms)
✔ trunk mode: always stay, no integration branch, branch null (0.217417ms)
✔ milestone + protected + auto: create and switch to the integration branch (0.13531ms)
✔ milestone + protected + off: stay on the base (0.093289ms)
✔ milestone + protected + ask: prompt once, naming the integration branch (0.092026ms)
✔ milestone + already off the base: stay (lazy, once per cycle) (0.171399ms)
✔ decideBranch is total: an unknown mode or auto_branch stays put, never throws (0.157813ms)
✔ milestone + protected + null name: auto/ask downgrade to a naming-problem ask, never create an unnamed branch (0.10464ms)
✔ published: a milestone EQUAL to a published tag asks, naming both numbers, with branch null (0.412161ms)
✔ published: an UNTAGGED maintenance milestone below a higher tag still creates (0.81253ms)
✔ published: a milestone ABOVE everything published is untouched - the ordinary new cycle (0.118918ms)
✔ published: a prerelease is refused only when the prerelease ITSELF is tagged (0.156831ms)
✔ published: absent or unparseable comparands leave every arm exactly as it was (0.108909ms)
✔ published: a SCALAR tag spelling is read as a one-tag list, never as "no comparand" (0.061147ms)
✔ published: off and trunk are untouched by the guard, even on a collision (0.068391ms)
✔ published: the naming-problem ask still wins over the published guard (0.059515ms)
✔ activeVersion: the line-anchored declaration wins over a predecessor named first (0.138586ms)
✔ activeVersion: markdown furniture does not break the anchor (0.063672ms)
✔ activeVersion: with no declaration line, the first token in the prose still answers (0.050256ms)
✔ activeVersion: the Active body ends at the next heading (0.044005ms)
✔ activeVersion: an anchored token riding a wrapped line does not out-declare the milestone (0.082748ms)
✔ activeVersion: a predecessor named in prose above the declaration still loses (0.058673ms)
✔ activeVersion: a body whose ONLY token sits on a continuation line still answers (0.047661ms)
✔ the register and the shape list are frozen, rows and all (4.688879ms)
✔ the register pins its row count (0.128848ms)
✔ every row is well formed, and every row owing no redirect carries a reason (0.507785ms)
✔ no two rows share a surface, shape and call (0.123867ms)
✔ a converted row reports the site that goes back to riding the transcript (0.942178ms)
✔ a prescribed call no row classifies is reported, never passed over (0.143515ms)
✔ a call is matched on the call, not on the shape alone (0.2659ms)
✔ a reasoned no-transport row is silent, redirect or not (0.123678ms)
✔ a `file` row settles a site whose destination is named off the call line (0.218409ms)
✔ an occurrence the scan cannot delimit is reported as its own kind (0.188131ms)
✔ a register row for that surface and shape settles an undelimitable one (0.113668ms)
✔ prose that merely NAMES a call needs no row and is never reported (0.110392ms)
✔ a `git diff` its own flags already bound is never reported (0.219531ms)
✔ a `git diff` that is neither a range nor --cached is out of the watched set (1.613636ms)
✔ a row classifies its own surface only (0.10943ms)
✔ an angle-bracket placeholder is not read as a redirect (0.078721ms)
✔ two occurrences of one registered call are one row, not a second site (0.126052ms)
✔ appendCapture: a todo lands under ## Todos and under no other heading (1.822708ms)
✔ appendCapture: an unphased todo carries a checkbox and no tag (0.292932ms)
✔ appendCapture: a seed lands under ## Seeds as a bare bullet (0.385961ms)
✔ appendCapture: a note lands under ## Notes, dated by the seam (0.455053ms)
✔ appendCapture: the phase tag keeps the caller's own spelling (0.905749ms)
✔ appendCapture: a kind outside the map is refused, never written somewhere (0.124579ms)
✔ appendCapture: an ABSENT file is created with the three headings (0.368457ms)
✔ appendCapture: a missing PARENT directory is created (the --cadence queue) (0.292411ms)
✔ appendCapture: the target section being LAST pins the end at EOF (0.369519ms)
✔ appendCapture: a target section FOLLOWED by others keeps the boundary (0.421629ms)
✔ appendCapture: an EMPTY section still gets its blank line after the heading (0.280528ms)
✔ appendCapture: a heading ABSENT from the file is created WITH the bullet (0.260159ms)
✔ appendCapture: a FENCED ## line in an earlier section is not the boundary (0.306679ms)
✔ appendCapture: an existing `- None.` placeholder is left alone (0.381021ms)
✔ capture: --kind outside the three words is bad-args and writes nothing (68.938372ms)
✔ capture: a VALUELESS --text is bad-args, never the literal word "true" (57.462979ms)
✔ capture: --phase with a seed or a note is bad-args, not a dropped flag (117.877692ms)
✔ capture: a VALUELESS --file is bad-args, never silently the --dir default (57.118037ms)
✔ capture: a --phase that is not a phase number is bad-args (56.778786ms)
✔ capture: --file writes THAT path and leaves the --dir queue untouched (54.75389ms)
✔ capture: twenty concurrent writers all land, not one bullet lost (AC5) (171.275779ms)
✔ capture: a HELD lock refuses non-silently and leaves the file byte-identical (AC5) (2059.555045ms)
✔ capture: a STALE lock is broken rather than wedging the queue forever (AC5) (51.428916ms)
✔ capture: the lock is released on the SUCCESS path too (100.995778ms)
✔ capture: a newline inside --text cannot break the bullet into two lines (46.193299ms)
✔ appendCapture: an UNREADABLE queue is a failure, never an empty one (0.332007ms)
✔ capture: --text-file carries a sentence no shell could expand (49.412716ms)
✔ capture: --text and --text-file together is bad-args, not a silent winner (51.320809ms)
✔ capture: a --text-file that cannot be read is bad-args and writes nothing (49.068176ms)
✔ capture: a VALUELESS --text-file is bad-args, never the literal "true" (45.66783ms)
✔ a freshly created queue counts ZERO substantive bullets (1.586014ms)
✔ the placeholder does not hide a real bullet beside it (0.210754ms)
✔ every substantive bullet is NAMED, not just counted (0.30238ms)
✔ a checked bullet counts, and a continuation line and a `* ` line do not (0.132815ms)
✔ an annotated bullet is named with its section, line and text (0.219792ms)
✔ an unannotated queue reports no annotation sites at all (0.117085ms)
✔ a `## Archive` heading is reported with its bullet count (0.177591ms)
✔ a body without the heading reports it absent, not empty (0.105242ms)
✔ a fenced heading does not mint a section, and a CRLF body counts the same (0.225353ms)
✔ the register is frozen, rows and all (2.190353ms)
✔ the register pins its row count (0.175707ms)
✔ every row is well formed and carries its reason (0.157673ms)
✔ REPLAY: the retired summary-step block is reported against an empty register (0.470644ms)
✔ REPLAY: the same block is reported when a row classifies it as outliving the phase (0.160859ms)
✔ a registered wholesale rewrite is silent (0.121593ms)
✔ a read-only subcommand sharing the prefix is not the write face (0.084482ms)
✔ a backticked mention that instructs nothing is not a call (0.090384ms)
✔ a shell redirect at the capture path is reported, append or truncate (0.102828ms)
✔ a redirect to any other path, and a mention of the bare filename, are silent (0.619328ms)
✔ one line redirecting the capture path is reported once, not per occurrence (0.162943ms)
✔ a row settles its own surface only (0.095403ms)
✔ two rows for one surface and face both have to be non-durable (0.491082ms)
✔ every row names four things, and the ids are distinct (0.769617ms)
✔ every holding file and every subject is a path the lease grammar accepts (0.223549ms)
✔ the table and every row, subjects included, are frozen (0.392563ms)
✔ a marked site whose id no row names is an issue, naming the file and the assertion (0.535988ms)
✔ the same site with a registered id is not an issue (0.516481ms)
✔ the walk reaches the whole bin tree - more than 60 modules, lib/ and test files included (0.085735ms)
✔ every marked census site in the live tree has a registry row (7.668456ms)
citation census: grammar one (inline planning.mjs:<line> citations on a guarded surface) checked 1; grammar two (DOCS-CLAIMS.md rows naming this seam) checked 4.
✔ grammar one: every citation on a guarded surface has exactly one pinned row (13.368235ms)
✔ grammar one: each pinned citation resolves to the code it names (0.224551ms)
✔ grammar two: every this-seam DOCS-CLAIMS row has exactly one pinned row (1.039555ms)
✔ grammar two: each pinned row resolves to the code it names (0.350312ms)
✔ the census reports how many citations each grammar checked (3.667508ms)
✔ a bare D-NN is scoped to the plan's OWN phase (D-10) (1.868837ms)
✔ each of the four measured qualified spellings scopes to the phase it names (0.183802ms)
✔ the curly-apostrophe possessive is the same spelling (0.279366ms)
✔ a phase named several words earlier does NOT capture the mention (0.1254ms)
✔ a D-NN inside a fenced block is still a mention (D-09) (0.108859ms)
✔ the number shape is the one parseContextDecisions accepts (0.085934ms)
✔ a D-NN glued to a preceding word is not a mention (0.079472ms)
✔ mentions are NOT deduplicated and stay in document order (0.076968ms)
✔ the look-back window is per mention, not per file (0.111935ms)
✔ a plan's own phase spelling is carried verbatim (0.158244ms)
✔ unusable input is an empty answer, never a throw (0.186728ms)
✔ own-phase rows are dropped and archived same-numbered rows are kept (D-04) (5.864776ms)
✔ own-phase exclusion is the caller's SPELLING, not the number (0.17171ms)
✔ a prefix and not a segment search: phases/2x/ is not phase 2 (0.128646ms)
✔ the set is the bounded `results`, never `total` (D-11) (0.185426ms)
✔ a CONTEXT row's id is read out of its own snippet head (D-02) (0.116043ms)
✔ a live and an archived D-09 stay separable ids (0.109139ms)
✔ the decimal D-NN shape parseContextDecisions accepts is accepted here (0.072799ms)
✔ CAPTURE, SUMMARY and UAT rows carry their kind and NO id (D-02) (0.127715ms)
✔ a decision whose snippet head is not a D-NN keeps its kind and gains no id (0.174054ms)
✔ a source naming none of the four artifacts is REPORTED, not counted into an arm (0.214362ms)
✔ a malformed row contributes nothing and is reported, never a throw (0.141602ms)
✔ an envelope with no usable `results` is an empty answer, never a throw (0.191778ms)
✔ an unusable phase spelling excludes nothing rather than excluding blindly (0.544815ms)
✔ the arms are exactly the four the corpus walk can produce (0.077809ms)
✔ reap: the derived name when it is present in the merged list (0.956476ms)
✔ reap: null derived + exactly one merged cadence/* -> that branch (fallback) (0.133226ms)
✔ reap: derived names an unmerged branch but one other cadence/* merged -> the merged one (0.080675ms)
✔ reap: zero merged cadence/* -> null (reap nothing) (0.080865ms)
✔ reap: two merged cadence/* -> null (ambiguous, never guess) (0.141241ms)
✔ reap: total on a non-array merged list (0.095995ms)
✔ cleanup on + merged: cleanup, reap true, return + pull (0.559544ms)
✔ cleanup on + not merged: cleanup, reap false (never reap an unmerged branch) (0.08886ms)
✔ cleanup on + merged but null branch -> reap false (never git branch -D a null) (0.08335ms)
✔ cleanup off: skip, every flag false (0.147613ms)
✔ cleanup is total: missing onLandCleanup -> skip, branch coerced to null (0.088389ms)
✔ gate: auto_close on + a blocker -> halt with that finding (0.874899ms)
✔ gate: auto_close on + a high -> halt (0.087108ms)
✔ gate: the halting list is DECIDED before it gets here - this reads no severity (0.139648ms)
✔ gate: auto_close off + a blocker -> proceed (chain not running unattended) (0.10403ms)
✔ gate: total on non-array findings -> proceed, no throw (0.06811ms)
✔ gate: auto_close on + unreadable "stdin-unreadable" -> halt naming it, no claim about survivors (0.154687ms)
✔ gate: auto_close off + unreadable "stdin-unreadable" -> proceed (no unattended chain) (0.113838ms)
✔ gate: auto_close on + unreadable "stdin-empty" -> halt naming it, no claim about survivors (0.052741ms)
✔ gate: auto_close off + unreadable "stdin-empty" -> proceed (no unattended chain) (0.028535ms)
✔ gate: auto_close on + unreadable "malformed-json" -> halt naming it, no claim about survivors (0.034927ms)
✔ gate: auto_close off + unreadable "malformed-json" -> proceed (no unattended chain) (0.03111ms)
✔ gate: auto_close on + unreadable "not-a-findings-payload" -> halt naming it, no claim about survivors (0.021211ms)
✔ gate: auto_close off + unreadable "not-a-findings-payload" -> proceed (no unattended chain) (0.013737ms)
✔ gate: an EXPLICIT empty findings array with no failure still proceeds (0.032613ms)
✔ gate: a surviving blocker still halts with the finding on the envelope (0.047841ms)
✔ gate: the halt names its PRODUCER, so a fed-by-nothing gate is visible (0.053743ms)
✔ gate: stays total - an unknown `unreadable` value cannot halt a close (0.04665ms)
✔ gate: auto_close on + a non-empty `unruled` -> halt naming unruled-review (0.124529ms)
✔ gate: the fifth state is its OWN arm, never folded into `unreadable` (D-13) (0.104651ms)
✔ gate: auto_close off + a non-empty `unruled` -> proceed (no unattended chain) (0.11489ms)
✔ gate: an unruled halt is bounded and never renders a caller's object (0.108628ms)
✔ gate: `overridden` rides every arm unchanged and never moves `action` (0.095904ms)
✔ gate: stays total on a non-array `unruled` or `overridden` (0.05731ms)
✔ route: the rung it routes on is what config.mjs get reports (global layer) (150.892864ms)
✔ git-branch: the integration_branch mode it DECIDES on is what get reports (154.970058ms)
✔ land-cleanup: the base branch it resolves is what get reports (194.555827ms)
✔ land-cleanup: with git.base_branch unset, get says null and the seam says main (184.888341ms)
✔ git-guard: the on_protected value it acts on is what get reports (130.286785ms)
✔ git-guard: a hostile repo layer cannot choose the value it acts on (CFG-01) (495.760119ms)
✔ git-guard: the two inert hostile spellings, as regression pins only (264.563435ms)
✔ git-publish + land-cleanup: one git.auto_close, two questions, two layer reads (286.634128ms)
✔ git-publish: the protected list it refuses on IS the merged one get reports (166.091165ms)
✔ route: a retired risk.override is named by both faces, and routes nothing (106.329336ms)
✔ planning recall: the memory.backend it gates on is what get reports (161.82105ms)
✔ review-provider: a GLOBAL-layer prompt cap is the one it refuses on (68.725942ms)
✔ merge precedence: the repo layer wins the same key, on both read faces (61.364444ms)
✔ review-provider: the prompt cap it refuses on is what get reports (cwd-relative) (62.220957ms)
✔ global-only keys: all THREE resolve to the user-global layer, never the repo one (299.264271ms)
✔ global-only keys: the template shape at null overrides nothing and says nothing (119.685585ms)
✔ git-publish: a repo layer setting a global-only key cannot stop a land (AC4) (140.640219ms)
✔ set --global auto-creates the global file (and parent dir) from empty (33.622787ms)
✔ set --global merges into an existing global file, not clobber (36.377613ms)
✔ set --global still validates: a bad value is rejected, nothing written (31.033487ms)
✔ set on a missing repo file refuses (only --global auto-creates) (27.52279ms)
✔ set --global refuses a repo-layer-only key and writes nothing (31.694456ms)
✔ the refusal follows the resolved target FILE, not the --global flag (69.226474ms)
✔ the same repo-layer-only pair aimed at a REPO config is written (34.476866ms)
✔ a multi-pair global set carrying one marked key leaves the file byte-identical (29.832883ms)
✔ a marked key that is ALSO type-invalid reports the type, not the layer (D-11) (34.546509ms)
✔ no "src": "repo" key is refused at the user-global layer (36.60501ms)
✔ validate --global reads the global file and reports the payload (62.053268ms)
✔ validate: unknown key and bad value both land in errors, one entry each (77.308544ms)
✔ validate: underscore-prefixed keys are annotations, never validated (37.950271ms)
✔ validate: corrupt JSON degrades to read, names the file (29.931021ms)
✔ set: an array top-level config is rejected, nothing written (write face) (34.295588ms)
✔ set: a scalar top-level config is rejected as invalid, never reason:internal (64.177573ms)
✔ set: a non-object parent container is refused, not overwritten (88.576869ms)
✔ set: an absent or null parent is still auto-created (28.212543ms)
✔ set: one bad path refuses the whole multi-pair write (all-or-nothing) (33.334413ms)
✔ validate: a scalar top-level config fails, never ok:true checked:0 (#45.3) (68.875611ms)
✔ check: speaks the same {ok,reason,detail} failure contract set does (60.465109ms)
✔ check: a retired KEY names its replacement, not the generic unknown key (31.63446ms)
✔ check: a bad VALUE on a LIVE key still reads as a value error (28.879864ms)
✔ check: the retired stakes key names the roles block and the interview (29.577884ms)
✔ set: a removed key is refused before anything is written (29.687233ms)
✔ get: a repo config still holding a retired key warns instead of resolving silently (28.735908ms)
✔ get: a repo config still carrying stakes warns with the migration pointer (30.295941ms)
✔ keys: dumps the live schema - pruned keys are really gone (33.07266ms)
✔ get: repo > global > schema defaults, with source named (33.361715ms)
✔ get: no layers at all falls back to schema defaults for every key (31.618369ms)
✔ git.integration_branch / git.auto_branch: defaults and enum enforcement (89.912783ms)
✔ get: unknown key is rejected, exit code mirrors ok (30.648949ms)
✔ get: arrays replace wholesale across layers, never concatenate (29.066462ms)
✔ get: a corrupt repo layer is skipped (values/source match no-repo-layer) AND warns naming the file (#39) (63.233252ms)
✔ get: a corrupt global layer is skipped (repo still wins) AND warns naming the file (#39) (31.541491ms)
✔ get: a scalar repo config falls back to defaults, never source:repo (#45.3) (64.249331ms)
✔ get: a falsy non-object repo layer warns like a truthy one (240.443293ms)
✔ get: a falsy non-object global layer warns too (32.676228ms)
✔ get: an absent layer stays silent and an unparseable layer warns exactly once (94.772367ms)
✔ check: an int key with a max rejects above it and accepts at it (190.836293ms)
✔ readLayer(""): an unresolvable layer path is a SILENT absence (0.247505ms)
✔ get: one file resolving as both layers warns once, not twice (93.431073ms)
✔ get: a SYMLINKED global layer is the same file, so one layer is reported (63.036583ms)
✔ get: a RELATIVE spelling of the repo file is the same file too (32.238439ms)
✔ get: a BROKEN file reached under two spellings warns exactly once (63.162244ms)
✔ ARG-06: every subcommand that ACCEPTS --global declares it, and reads it off the row (36.37112ms)
✔ check --global reports the scope refusal the write face gives (145.463877ms)
✔ get --global: the one file it reads by construction is the GLOBAL layer (54.576547ms)
✔ a valueless --file is a named usage failure on every subcommand (88.232625ms)
✔ a QUOTED empty --file is refused too, not answered about the global layer (88.26065ms)
✔ ARG-06: a FLAG-SHAPED --file value is refused too, not read as a path (147.260323ms)
✔ a path under a missing directory is a read failure naming it, never internal (61.169318ms)
✔ CADENCE_CONFIG_SCHEMA malformed degrades to ok:false, reason bad-schema, no stack (30.28532ms)
✔ CADENCE_CONFIG_SCHEMA nonexistent degrades to ok:false, reason bad-schema, no stack (28.208594ms)
✔ CADENCE_CONFIG_SCHEMA without the sentinel is ignored; `keys` is the shipped set (62.801891ms)
✔ SCP-01: a fixture schema marking a DIFFERENT key refuses that key (90.033752ms)
✔ SCP-01: the SHIPPED keys carrying the marker are the ones that authorize, and `src` never implies it (0.440656ms)
✔ check: a rung the role HAS is accepted (29.601618ms)
✔ check: a rung the role LACKS is refused by key, naming that role's set (27.099646ms)
✔ check: null renders as the literal, not as a dangling separator (56.80857ms)
✔ set: the WRITE face refuses the same value and writes nothing (31.785609ms)
✔ set: an accepted rung is written into the config layer, not the plugin (29.837641ms)
✔ validate: a whole config carrying a bad start rung names the key (31.274658ms)
✔ every model.effort enum is exactly that role's rung set from RUNG_FILES (0.387774ms)
✔ set git.forge_host with a port writes, and get reads it back byte for byte (58.713856ms)
✔ set: a git.forge_host the grammar refuses leaves the file untouched (153.526286ms)
✔ set: a git.forge_repo the slug grammar refuses is refused with its OWN sentence (177.63392ms)
✔ null still writes on both forge keys - the grammar is skipped, not failed (61.503449ms)
✔ a grammar marker the registry does not hold is an ERROR, never a silent pass (55.665185ms)
✔ validate: this repository own config layer passes the new grammars (31.879539ms)
✔ workflow.lint_command: get returns the schema default null (29.51456ms)
✔ workflow.lint_command: set writes a shell string and get reads it back (62.809295ms)
✔ workflow.lint_command: `=null` clears it; a bare `=` writes the empty string (64.337458ms)
✔ workflow.lint_command: validate accepts null and a string, refuses a number (87.875167ms)
✔ workflow.lint_command: the shipped template carries the key at null (0.253958ms)
✔ merge: a top-level __proto__ repo layer reparents nothing (no global layer) (44.9018ms)
✔ merge: a nested git.__proto__ repo layer reparents nothing (global layer defines git) (49.284279ms)
✔ merge: constructor and prototype repo layers stay inert (regression pins only) (98.002332ms)
✔ validate: a hostile __proto__ key is REPORTED, not skipped as an annotation (94.510461ms)
✔ get: the hostile file resolves git.on_protected to the value the guard acts on (66.541185ms)
✔ get: a repo layer setting workflow.test_command loses to the user-global one (32.13027ms)
✔ get: the same key in the repo layer ALONE resolves to the schema default (33.999787ms)
✔ get: all three keys at null - the shipped template shape - are silently dropped (28.82145ms)
✔ get: all three keys are stripped, not just the first one in the set (97.574609ms)
✔ get --global: the user-global layer sets these keys, and is never stripped (33.37051ms)
✔ get: an unrelated repo key still merges - the strip is exactly three keys (31.641631ms)
✔ get: every unset gate answers its schema default, with no warning at all (124.424656ms)
✔ get: a gate a layer PINNED reads back byte-identical, and still unwarned (130.348644ms)
✔ get: the round trip through `set` - blocking answers blocking, unwarned (95.152411ms)
✔ get: the KEYLESS full read answers the same defaults, and warns about none (35.909442ms)
✔ get: every unset tier and effort answers its schema default, unwarned (280.521962ms)
✔ get: a tier or effort a layer PINNED reads back byte-identical, unwarned (133.274897ms)
✔ get: the KEYLESS full read carries no panel warning either (32.861713ms)
✔ check: null is still refused at the write face for a tier and an effort (63.82974ms)
✔ check: null is still refused at the write face - a gate is a closed enum (29.249319ms)
✔ get: stakes is an unknown key at exit 1, not a value read out of the layer (33.49096ms)
✔ get: the KEYLESS full read answers no stakes value, and warns about the key once (31.14629ms)
✔ set: stakes is refused before anything is written, naming the migration (34.65815ms)
✔ unset is the seam that finishes the migration the refusals point at (98.368923ms)
✔ get: every Object.prototype member is refused as an unknown key at exit 1 (382.881077ms)
✔ get: a mix of a real key and a prototype member refuses, never answers for one (31.717797ms)
✔ get: the repair costs a live key nothing - one named and the keyless read both answer (95.372182ms)
✔ check: every Object.prototype member is an unknown key, never a retirement (381.383457ms)
✔ check: a genuinely retired key still reports its own milestone and remediation (30.062129ms)
✔ set: a prototype member is refused and nothing is written (106.829276ms)
✔ unset removes the named key from the file and leaves its siblings alone (34.680712ms)
✔ unset on a key the file does not hold writes NO bytes at all (AC3) (33.717835ms)
✔ unset --global edits the user-global file and nothing else (29.495973ms)
✔ unset --file at a path that does not exist creates nothing (34.406837ms)
✔ unset refuses a file it cannot parse, and one whose top level is not an object (72.153082ms)
✔ unset removes a key the schema does not carry - the whole reason it exists (101.418663ms)
✔ unset reports only the keys that were actually there (29.468159ms)
✔ unset walks OWN properties only, and still reaches a literal __proto__ key (441.232512ms)
✔ debtMarkersIn: a well-formed marker parses text, ceiling and trigger (5.216341ms)
✔ debtMarkersIn: the token WITHOUT a colon is not a marker (0.123638ms)
✔ debtMarkersIn: a marker missing trigger keeps the entry and NAMES the gap (0.14587ms)
✔ debtMarkersIn: a marker missing both named fields names both (0.109851ms)
✔ debtMarkersIn: two markers in one file keep their own line numbers (0.19299ms)
✔ debtMarkersIn: nothing to find is an empty array, never a throw (0.094322ms)
✔ renderDebtSection: no markers renders the placeholder, not an empty body (0.098199ms)
✔ renderDebtSection: bullets are ordered by path then line (0.650709ms)
✔ renderDebtSection: an unstated field is VISIBLE in the queue (0.352146ms)
✔ renderDebtSection: the same markers render byte-identically (0.227968ms)
✔ debtMarkersIn: TWO markers on one line are two entries, neither wearing the other's fields (0.237215ms)
✔ debtMarkersIn: a second marker on the line does not lend the first its fields (0.139878ms)
✔ the queue member and the record that supersedes it differ only in their stem (0.863417ms)
✔ a well-formed payload comes back ok with the findings VERBATIM (0.429044ms)
✔ an EMPTY findings array is a queue member, not a refusal (0.309284ms)
✔ a payload that is not a JSON object is refused, never coerced (0.139017ms)
✔ a key beside `findings` is refused - the payload IS the returned object (0.200835ms)
✔ a non-array `findings` is refused rather than read as one finding (0.137233ms)
✔ a finding is bounded by the SAME rule the adjudication record bounds it by (0.425045ms)
✔ the two seams give the SAME sentence for the same malformed finding (0.45831ms)
✔ isQueueName selects a member filename and nothing that merely sits beside one (0.14631ms)
✔ queueIdentity answers the fire a member belongs to, and COUNTS its findings (0.719541ms)
✔ a member whose fields spell ANOTHER filename is refused, never adopted (0.16647ms)
✔ every field the identity is built from is refused when it cannot bear one (0.3335ms)
✔ the finding BODIES are not re-validated on the way out (0.947629ms)
✔ the module emits nothing: not one byte on stdout or stderr (0.205575ms)
✔ the deferred re-arm cap is spent by a round-2 member, whatever corr the caller holds (0.32794ms)
✔ a SUPERSEDED round still spends the round it was fired on (0.214962ms)
✔ register: the surviving cut rows are byte-identical, and the register is exactly the rows the cuts made (1.025378ms)
✔ AC3: a contract skill anchor is clean while its Read sentence stands (2.608276ms)
✔ AC3: deleting that one sentence reports exactly one deferred-read-unread (0.574563ms)
✔ AC3: the sentence in the WRONG step of the contract does not answer for step 3 (0.37018ms)
✔ file: an absent PARENT directory is a partial fixture and reports nothing (0.226064ms)
✔ file: a present parent with the file absent is one deferred-read-missing-file (0.279967ms)
✔ grammar: every shipped row's Read line still carries that row's anchor (3.03761ms)
✔ AC1: a <step name="..."> anchor is clean while its Read sentence stands (0.617255ms)
✔ AC1: deleting that sentence reports exactly one deferred-read-unread (0.530829ms)
✔ AC4: a Read in item 1 of a named step does not satisfy item 3 of the same step (0.866764ms)
✔ AC4: the named step is not a PREFIX match for its own numbered items (0.550306ms)
✔ D-04: a <step name="..."> with NO <process> wrapper is still a region (0.845182ms)
✔ AC2: a heading-scoped walk step is clean while its Read sentence stands (0.678863ms)
✔ AC2: deleting it reports exactly one deferred-read-unread naming the walk step (0.53158ms)
✔ AC2: the same sentence in walk step 1 does not answer for walk step 2 (0.952118ms)
✔ AC2: the same sentence under another `##` heading does not answer either (0.709362ms)
✔ grammar: a heading path truncates, and a new heading ends the old numbering (0.086937ms)
✔ grammar: a heading INSIDE an open block does not compete with the frame (0.041119ms)
✔ D-07: a Read inside <worktree_mode> is anchorable at `worktree_mode` (0.333681ms)
✔ D-07: deleting it reports one deferred-read-unread naming worktree_mode (0.238237ms)
✔ D-07: label EXACTNESS, not null-ness, is what blocks a relocation (0.418564ms)
✔ grammar: a nested close does not switch the enclosing frame off (0.227417ms)
✔ grammar: a numbered item with an EMPTY frame stack stays regionless (0.053993ms)
✔ AC4: cad-context / templates/CONTEXT.md is unread without its one sentence (0.819523ms)
✔ AC4: cad-context / references/recall.md is unread without its one sentence (0.594932ms)
✔ AC4: cad-debug / references/recall.md is unread without its one sentence (0.456496ms)
✔ AC4: cad-execute / references/execute-parallel.md is unread without its one sentence (0.877484ms)
✔ AC4: cad-executor-contract / references/worktree-executor.md is unread without its one sentence (0.49466ms)
✔ AC4: cad-plan / references/plan-revision.md is unread without its one sentence (0.718308ms)
✔ AC4: cad-config / references/config-catalog.md is unread without its one sentence (1.229479ms)
✔ file: still-eager watches the SKILL.md even when the anchor is a workflow (0.590353ms)
✔ the exact sentence #88 filed is one issue, and the detail carries its line (1.950173ms)
✔ the batch-shaped rewrite that replaced it yields nothing (0.612335ms)
✔ a host hedge with no loop head still trips it (0.415377ms)
✔ a concurrency word only inside code spans or a fence is not prose (0.14576ms)
✔ prose that serializes on purpose is legal - no concurrency claim (0.087348ms)
✔ a compliant list item does not excuse the next one (block boundary) (0.154576ms)
✔ `in one batch` satisfies the phrasing as well as `in ONE message` (0.156089ms)
✔ a non-string input returns [] rather than throwing (0.159055ms)
✔ the eager arm: a bare concurrent set-dispatch with no loop head and no hedge (0.12488ms)
✔ the serialization arm: "one dispatch per message" is named, at its own line (0.45305ms)
✔ the batch-affirming vocabulary: the shipped rewrite of that item yields nothing (1.069823ms)
✔ a batch affirmation does not excuse a serialization in the same sentence (0.209372ms)
✔ a batch affirmation does not excuse a host hedge (0.122515ms)
✔ a batch affirmation opening a sentence does not excuse its serialization (0.082899ms)
✔ an `e.g.` inside a compliant sentence is not a sentence end (0.061158ms)
✔ a ``` shown inside a ```` container cannot close it early (0.081025ms)
✔ a `~~~ not a closing fence` line is content, not a boundary (0.058773ms)
✔ an indented ~~~ sample opens no fence, so the rest of the file is still read (0.08313ms)
✔ a compliant sentence no longer excuses a non-compliant one in the same block (0.070395ms)
✔ the line map: an offender on the third line of a block reports line 3 (0.058032ms)
✔ a table row is its own block, so two cells never glue into one sentence (0.695595ms)
✔ a ~~~ fence masks its example, and a nested ``` fence cannot close it early (0.101424ms)
✔ a rationale sentence beside a compliant mandate is not an instruction (0.069784ms)
✔ a negation forbidding the serial shape is not an instruction to use it (0.071547ms)
✔ an inflected dispatch verb describing the parallel path issues nothing (0.064684ms)
✔ a catalog table row naming the parallel path instructs nothing (0.064414ms)
✔ a table row that DOES issue the set concurrently is still named (0.069864ms)
✔ prose that serializes a non-dispatch thing is not this rule's business (0.062981ms)
✔ a semicolon inside a citation is not a sentence end (0.051949ms)
✔ an unclosed bracket swallows no sentence boundary (0.066437ms)
✔ stop-at-first-failure: the failing step is the last thing that runs (1.118165ms)
✔ continue-past-failure: every thunk is attempted and the failures keep loop order (0.138907ms)
✔ the error is carried AS THROWN, never stringified inside the module (0.10452ms)
✔ all three steps succeeding reports every key completed (stop-at-first-failure) (0.09398ms)
✔ all three steps succeeding reports every key completed (continue-past-failure) (0.254118ms)
✔ an empty step list succeeds with nothing completed (0.094812ms)
✔ an object key comes back by IDENTITY, never as a clone (0.108999ms)
✔ pre-flight: the first unsatisfied condition refuses, and no thunk runs (0.412582ms)
✔ pre-flight: a refusal creates no file anywhere under the planning root (0.379678ms)
✔ pre-flight: every condition satisfied runs the steps normally (stop-at-first-failure) (0.4274ms)
✔ pre-flight: every condition satisfied runs the steps normally (continue-past-failure) (0.213359ms)
✔ pre-flight: an empty condition list behaves exactly as no pre-flight at all (0.153003ms)
✔ a survived blocker stays behind; a downgraded high and a survived low are the set (2.088478ms)
✔ a survived high is the thing the gate halts over, so it is not in the set (0.147173ms)
✔ a refuted blocker IS in the set - the ruling, not the severity, decides that one (0.254979ms)
✔ a survived medium and a survived low are both the blocking arm remainder (0.160829ms)
✔ an OVERRIDDEN survived blocker is in the set - nobody is fixing that one (0.462908ms)
✔ an overridden survived HIGH is in the set too - the marker is not blocker-only (0.149346ms)
✔ a survived blocker WITHOUT the marker still stays behind (0.160788ms)
✔ the marker beside a real fix commit is in NO set - the commit wins (D-05) (0.103148ms)
✔ the marker on a medium changes nothing - that entry was already in the set (0.192179ms)
✔ an unreadable payload carrying the marker is still a REFUSAL, not an empty set (0.256042ms)
✔ a survived blocker naming a fix commit is FIXED, and is in none of the three (0.127034ms)
✔ an OVERRIDDEN survived blocker with no commit is filed and named, never halting (0.073631ms)
✔ D-05: both markers on one entry is FIXED - the commit beats the override (0.06284ms)
✔ a survived blocker with NEITHER marker is `halting` alone - the fail-closed rail (0.055526ms)
✔ a survived MEDIUM naming a fix commit is FIXED too - the exclusion is not severity-gated (0.047531ms)
✔ a survived medium with no commit is `filing` alone - confirmed and not fixed (0.197008ms)
✔ a BLANK fix_commit is not a usable one, so that entry still halts (0.102256ms)
✔ an unoverridden survived blocker citing a NON-COMMIT string still halts (0.064163ms)
✔ every unusable fix_commit shape leaves the fail-closed rail closed (0.147373ms)
✔ an abbreviated id through a full one reads as a landed fix (0.106775ms)
✔ usableFixCommit asks the SHAPE and never whether the object exists (0.046499ms)
✔ the payload and a prose fixture disagree, and the answer is the payload (0.222738ms)
✔ two findings differing only in LINE share one fingerprint (0.398053ms)
✔ two findings differing in CLAIM do not (0.086797ms)
✔ two findings differing in FILE do not (0.037412ms)
✔ severity is outside the fingerprint: a downgrade does not mint a new one (0.119118ms)
✔ the token is fixed-width lowercase hex (0.082729ms)
✔ the NUL join cannot be forged by moving the boundary (0.094341ms)
✔ a finding missing both fields fingerprints rather than throwing (0.073912ms)
✔ a payload buildEntries refuses comes back ok:false naming the entry (0.116924ms)
✔ an unruled finding refuses by index rather than being dropped from the set (0.221344ms)
✔ a non-object payload refuses with the grammar detail, not an empty answer (0.114329ms)
✔ the forgejo create and lookup vectors are exactly these (0.157001ms)
✔ the github create and lookup vectors are exactly these (0.089733ms)
✔ the gitlab create vector carries -y, and its lookup is exactly this (0.102828ms)
✔ every row supplies a body/description on create, on all three providers (0.096876ms)
✔ the three keys are PROVIDER_TABLE's own, so a persisted provider is the key (0.058312ms)
✔ no row names a binary: PROVIDER_TABLE already says which drives which (0.122375ms)
✔ a github chunk of six is five OR operators, and the query opens with in:title (0.116102ms)
✔ no provider's lookup vector carries DECLINE_LABEL - an ACCEPTED issue has none (0.090965ms)
✔ only the row whose lookup was RUN is marked measured (0.064764ms)
✔ the chunk constant is six, and it is what the builders are exercised with (0.051398ms)
✔ the decline label is one frozen literal with no separator a forge reads (0.102206ms)
✔ a response of exactly the page size is INCOMPLETE and carries no records (0.518505ms)
✔ one row under the page size is COMPLETE and carries its tokens (0.230423ms)
✔ a response that is not a JSON array reports incomplete rather than throwing (0.134278ms)
✔ an empty page is a COMPLETE read of nothing - the first fire on a tracker (0.056498ms)
✔ a row with no readable title fails the WHOLE read: the output shape moved (1.1361ms)
✔ a hand-labelled issue is SKIPPED, not a failure - a human can apply a label (0.098539ms)
✔ lookup: a page of exactly the limit is INCOMPLETE and carries no pairs (0.533134ms)
✔ lookup: one row under the page size is COMPLETE and every number is read (0.300537ms)
✔ lookup: the junk table answers incomplete without throwing (0.104601ms)
✔ lookup: a token-carrying row missing its number fails WHOLE, naming the shape (0.171238ms)
✔ lookup: a row whose title carries no token is SKIPPED, not a failure (0.092458ms)
✔ lookup: each provider's number key is read through its row's stated fact (0.261912ms)
✔ lookup: a CLOSED row is returned like any other - `state` is never read (D-05) (0.103659ms)
✔ a title round-trips to the fingerprint the finding digests to (0.063982ms)
✔ a claim long enough to clip the title still round-trips (0.118578ms)
✔ a claim with newlines becomes one line (0.053683ms)
✔ a title carrying no token, or a non-string, recovers null (0.06785ms)
✔ the body names the finding and never a CLI response (0.126923ms)
✔ the body is never empty, whatever the finding is missing (0.055046ms)
✔ the provider table names three providers, in a fixed order, and is frozen (1.269767ms)
✔ the provider names are HOST_TABLE's own keys, not a second spelling (1.211384ms)
✔ the provider names are exactly git.forge_provider's enum values (0.520308ms)
✔ installedProviders reports the resolving providers in TABLE order (0.180417ms)
✔ installedProviders on a machine with none of them is the empty list (0.159446ms)
✔ installedProviders with no predicate answers empty rather than throwing (0.091074ms)
✔ github and gitlab are complete on provider + slug, with no host (0.117756ms)
✔ forgejo is NOT complete until the instance host is named (0.079953ms)
✔ a missing provider or a missing slug is incomplete (0.113287ms)
✔ a provider spelling no row carries is incomplete, not honoured (0.133686ms)
✔ a non-string or blank persisted value reads as unasked, never as a value (0.149276ms)
✔ a complete record is `configured`, whatever is installed (0.166449ms)
✔ a partly answered forgejo record with a binary present is `ask` (0.070425ms)
✔ an unanswered record with a binary present is `ask`, naming what resolved (0.065265ms)
✔ an unanswered record with NO binary is `refuse`, naming all three and an install (0.167101ms)
✔ a PARTLY answered record with no binary refuses too (0.063231ms)
✔ decideForge is TOTAL: no arguments at all still answers (0.046129ms)
✔ a non-array `installed` is read as none rather than throwing (0.045487ms)
✔ every reason is ONE line, so the setup step prints one line (0.119229ms)
✔ lib/forge-decision.mjs does no I/O and touches no process state (0.187129ms)
✔ isForgeSlug accepts the two and three segment shapes forges serve (0.119159ms)
✔ isForgeSlug refuses a single segment - there is no repository selector (0.044635ms)
✔ isForgeSlug refuses a segment that reads as a FLAG once interpolated (0.039546ms)
✔ isForgeSlug refuses traversal segments in selector position (0.035448ms)
✔ isForgeSlug refuses every character that could end an argument (0.071878ms)
✔ isForgeSlug refuses a slug longer than any forge serves (0.047792ms)
✔ isForgeSlug refuses a non-string rather than throwing (0.089181ms)
✔ splitForgeHost accepts a hostname and splits a ported one into two halves (0.190155ms)
✔ a portless value splits to a NULL port rather than to a defaulted one (0.140139ms)
✔ splitForgeHost refuses every port spelling that is not the canonical one (0.088119ms)
✔ splitForgeHost refuses a value that reads as a FLAG once interpolated (0.054274ms)
✔ splitForgeHost refuses everything outside the hostname alphabet (0.255491ms)
✔ splitForgeHost refuses a value longer than DNS serves (0.088019ms)
✔ splitForgeHost refuses a bracketed IPv6 literal, as a decision (0.040208ms)
✔ splitForgeHost refuses a non-string rather than throwing (0.046249ms)
✔ originDefaults offers a provider for github and gitlab and for nothing else (0.081477ms)
✔ originDefaults offers the slug whenever one parsed, provider or not (0.043213ms)
✔ originDefaults offers NO host default under any verdict (0.079032ms)
✔ originDefaults drops a slug that fails the grammar rather than passing it through (0.041801ms)
✔ originDefaults is TOTAL over anything a caller hands it (0.066908ms)
✔ splitSlug takes the two halves apart at the LAST separator (0.061799ms)
✔ splitSlug refuses everything the slug grammar refuses, rather than re-deriving one (0.126412ms)
✔ the create table names the same three providers as the provider table (0.236374ms)
✔ the create table repeats no binary name - PROVIDER_TABLE is the one spelling (0.097066ms)
✔ each provider builds the ONE argv measured for it, element for element (0.118858ms)
✔ the tea row DROPS --owner when the owner is the login user (the personal case) (0.069633ms)
✔ the tea row NAMES the login it was asked about (0.108177ms)
✔ ownerIsLoginUser answers rather than throwing on anything it is handed (0.074123ms)
✔ the two positional grammars rejoin a nested owner, and tea keeps it split (0.05763ms)
✔ EVERY row pins --private, so a fourth provider cannot be added without one (0.97429ms)
✔ exactly one row says it cannot build an argv without a login, and it is tea (0.115431ms)
✔ the row flagged as wiring its own remote is exactly the one whose argv wires it (0.095994ms)
✔ detect: two stubs on PATH is `ask`, naming exactly those two (40.123723ms)
✔ detect: all three on PATH is `ask` naming all three (35.025949ms)
✔ detect: an EMPTY stub dir refuses, with a hint and no installed entries (34.394127ms)
✔ detect: a complete github record is `configured` even with NO binary (31.857379ms)
✔ detect: a forgejo record with a NULL host is `ask`, still carrying what is answered (38.510276ms)
✔ detect: a forgejo record WITH a host is `configured` (33.609641ms)
✔ detect: an unasked repository with a binary present is `ask`, carrying three nulls (34.800267ms)
✔ detect: the scaffolded template answers `ask` rather than defaulting a provider (36.74032ms)
✔ detect: an unparseable config layer surfaces a warning on the envelope (33.528015ms)
✔ detect: an ABSENT --dir reads the process cwd (32.170009ms)
✔ detect: an EMPTY --dir refuses, rather than answering about ./.planning (42.767376ms)
✔ detect: a VALUELESS --dir refuses the same way (87.350767ms)
✔ an unknown subcommand prints the usage line naming both it has (40.509883ms)
✔ no subcommand at all is the same usage refusal (32.897695ms)
✔ detect: a split SSH endpoint offers the slug and NO provider (38.55928ms)
✔ detect: a gitlab origin offers BOTH defaults, subgroup path intact (36.581845ms)
✔ detect: a github origin offers both defaults (33.475033ms)
✔ detect: NO host default is ever offered (32.290539ms)
✔ detect: a slug failing the grammar yields NO slug default, not raw text (31.707901ms)
✔ detect: a repository with NO origin offers no defaults and still asks (37.124136ms)
✔ detect: a directory that is not a repository at all still asks (33.022344ms)
✔ detect: the `configured` and `refuse` arms carry no defaults at all (67.167592ms)
✔ detect: NO forge CLI is spawned while the defaults are derived (AC1) (34.732045ms)
✔ create: the github arm records the pinned argv, then wires origin itself (34.793011ms)
✔ create: the gitlab arm records its own grammar, --remoteName and all (30.471318ms)
✔ create: the forgejo arm asks tea who it is, then records the org grammar (31.393477ms)
✔ create: a repository under the LOGIN USER is created with no --owner at all (32.981244ms)
✔ create: two logins on ONE hostname are told apart by the PORT the url names (144.617838ms)
✔ create: the scheme default port is the SAME endpoint, never a mismatch (40.308706ms)
✔ create: an SSH remote still resolves its login - its port is not an API port (38.207805ms)
✔ create: no tea login for the instance refuses, and creates NOTHING (34.319483ms)
✔ create: an UNREADABLE login list refuses the same way, leaking none of it (70.017482ms)
✔ create: a login NAME that would read as a flag is skipped, not sanitized (40.635113ms)
✔ create: the two arms that need no login never ask for one (73.040732ms)
✔ create: WITHOUT --confirmed nothing is spawned at all (29.907144ms)
✔ create: a CLI that fails leaks none of its own text and nulls detail (34.366041ms)
✔ create: a provider whose CLI is absent refuses, naming the install (31.976116ms)
✔ create: a provider outside the table refuses before any lookup (28.902236ms)
✔ create: a --repo failing the slug grammar refuses rather than reaching an argv (114.669392ms)
✔ create: --provider and --repo refuse a valueless spelling, before anything runs (62.288998ms)
✔ create: an ABSENT selector is answered by the seam, not by the argument door (64.282905ms)
✔ create: no --remote-url on an arm that wires none creates NOTHING (68.408142ms)
✔ create: a --remote-url the origin grammar cannot read refuses before the spawn (153.018658ms)
✔ create: a VALUELESS --remote-url refuses at the declared row (27.078717ms)
✔ create: a failed `git remote add` says the repository EXISTS (35.830422ms)
✔ create: the gitlab arm is never asked for a --remote-url (34.691596ms)
✔ create: an http(s) --remote-url on the WRONG port refuses, naming both (30.905822ms)
✔ create: an scp --remote-url refuses naming the 22 it implies (31.526352ms)
✔ create: a URL naming the configured port reaches the create (34.95434ms)
✔ create: an SSH port over a non-http scheme is ACCEPTED, never compared (42.643256ms)
✔ create: a --remote-url on a DIFFERENT host is not compared at all (37.226842ms)
✔ create: a MIXED-CASE persisted host still refuses the wrong port (32.198582ms)
✔ create: a PORTLESS or null git.forge_host fires nothing at all (72.147548ms)
✔ create: the gitlab arm REFUSES a --remote-url, naming the conflict (28.460017ms)
✔ gateTriggers reads the trigger names off the schema, in key order (1.07856ms)
✔ gateTriggers ignores tier/effort/surfaces keys and any non-gate leaf (0.127865ms)
✔ a fifth trigger is walked the day its key lands, with no edit here (1.033013ms)
✔ a schema with no gate rows at all yields nothing (0.10406ms)
✔ all THREE fields of a trigger are walked, not the gate alone (0.272763ms)
✔ AC1: every pre-patch purpose states no default, so each is reported (0.293613ms)
✔ AC1: the pre-patch defaults are all real gates, so none is invalid (0.125801ms)
✔ a real default with a purpose naming it yields no problem at all (0.137554ms)
✔ a purpose naming NO member is gate-prose-missing, naming the key (1.008876ms)
✔ a purpose naming a DIFFERENT member is gate-prose-drift, naming both values (0.226454ms)
✔ the prose half is MANDATORY - a correct default does not excuse silent prose (0.146591ms)
✔ a purpose that is not a string is gate-prose-missing, and says that is why (0.131151ms)
✔ the clause grammar is case-insensitive and takes an unwrapped value (0.10941ms)
✔ the clause grammar takes "default to" and a quoted value too (0.091235ms)
✔ naming a member OUTSIDE the clause is free prose, not a claim (0.105112ms)
✔ a member that only PREFIXES a word in the purpose does not count as a clause (0.095353ms)
✔ a NULL default is gate-default-invalid - the sentinel is gone (0.107697ms)
✔ a default OUTSIDE its own values is gate-default-invalid, naming the value (0.395469ms)
✔ a boolean default is gate-default-invalid too, not a silent pass (0.122605ms)
✔ an absent default reads as absent, never as null (0.101705ms)
✔ a default valid for ANOTHER field is still invalid here - each row has its own enum (0.087618ms)
✔ a row with two faults reports both, rather than short-circuiting (0.116304ms)
✔ an invalid default whose prose names a real member reports invalid AND drift (0.093069ms)
✔ a schema row that is not an object is gate-row-malformed, never a throw (0.095333ms)
✔ a non-object schema map yields nothing, never a throw (0.060315ms)
✔ a row with no values enum reports rather than passing green (0.146842ms)
✔ milestone + auto on a protected base: create the named integration branch (36.066777ms)
✔ milestone + ask on a protected base: ask, naming the integration branch (36.434262ms)
✔ milestone + off on a protected base: stay (34.348649ms)
✔ milestone already on a work branch: stay (lazy, once per cycle) (35.027622ms)
✔ trunk on a protected base: stay, no integration branch (branch null) (37.091032ms)
✔ defaults (no git block set): milestone + ask on a protected base -> ask (29.473173ms)
✔ a STRING protected_branches is honored here too, not dropped (#38, COR-01) (77.716799ms)
✔ published: a milestone the repo has ALREADY TAGGED asks, naming both numbers (AC8) (39.140426ms)
✔ published: an untagged maintenance milestone below a higher tag still creates (AC8) (83.133604ms)
✔ published: a milestone above every tag still creates - the guard refuses no new cycle (81.761409ms)
✔ published: a non-semver tag is skipped, not guessed at (82.797297ms)
✔ published: an enclosing repository's tags are not this project's (TAG-01) (36.744847ms)
✔ tags: the repository at --dir answers with its own tag list (38.032249ms)
✔ tags: a non-repository project inside a tagged repository has published nothing (TAG-01) (36.583608ms)
✔ tags: a directory that is no repository at all reads as no tags, not an error (35.434513ms)
✔ an unknown subcommand names BOTH arms, so the new one is reachable from the usage line (28.26839ms)
✔ warnings[] rides the envelope, and a torn layer puts the parse failure on it (59.185083ms)
✔ decide: an EMPTY --dir refuses by name, exit 1, no tree read (28.600878ms)
✔ decide: a VALUELESS --dir refuses by name, exit 1, no tree read (27.193748ms)
✔ tags: an EMPTY --dir refuses by name, exit 1, no tree read (28.56006ms)
✔ tags: a VALUELESS --dir refuses by name, exit 1, no tree read (26.513492ms)
✔ silent outside a Cadence project (27.766628ms)
✔ silent for non-git commands inside a project (31.239963ms)
✔ guard applies from a subdirectory of the project (walk-up) (32.265662ms)
✔ walk-up stops at a repo root without .planning (still not policed) (22.867416ms)
✔ git push always asks (publishing is /cad-land's call) (31.932623ms)
✔ auto_close true does not exempt any push - every push still asks (35.225001ms)
✔ compound command still catches the push half (32.657664ms)
✔ global git options are skipped when finding the subcommand (36.22469ms)
✔ git stash push is not a publish (the verb is stash) (30.252168ms)
✔ push as an argument or inside quotes never fires the rail (103.386422ms)
✔ commit on a protected branch asks by default, silent on a task branch (131.995565ms)
✔ git.on_protected=refuse denies; =allow stays silent (70.526469ms)
✔ on_protected "deny" is an alias of refuse, not a silent soft-ask (#38) (35.600261ms)
✔ a string protected_branches guards THAT branch, not the default list (#38) (68.371833ms)
✔ an EMPTY protected_branches list still means nothing is protected (D-09) (64.89994ms)
✔ a protected_branches naming NO branch guards the default list (GRD-01) (103.46422ms)
✔ custom protected_branches list is honored (66.486706ms)
✔ a commit message naming the push rail is a commit, not a push (34.536981ms)
✔ a mention or a read-only search is silent, so no deny gate is needed (147.807529ms)
✔ shapes the anchored reader declines to see (stated cost, not an oversight) (315.842818ms)
✔ malformed stdin exits 0 with no output (guard never blocks work) (21.814474ms)
✔ payload without a command stays silent inside a project (28.463975ms)
✔ commit guard degrades silently when .planning has no git repo (23.569903ms)
✔ detached HEAD is not a protected branch (rev-parse says HEAD) (33.561929ms)
✔ the payload size that OOMed the deleted reader still decides (49.441443ms)
✔ a torn config asks on a NON-protected branch, naming the parse failure (34.609418ms)
✔ a torn config asks ONCE on a protected branch, not twice (35.225721ms)
✔ on_protected: allow with a torn layer still asks - the value was not read (35.129346ms)
✔ a torn layer never DENIES - fail-open stands (31.305098ms)
✔ a well-formed config on a non-protected branch is still silent (68.154705ms)
✔ the push rail is unchanged by a torn layer (35.216474ms)
✔ a torn USER-GLOBAL layer asks too, naming that layer - it carries the same keys (37.852693ms)
✔ a torn global layer asks on `release` too - the list that would have named it is gone (33.810205ms)
✔ a torn GLOBAL layer whose path merely PREFIXES the repo layer asks as itself (38.965569ms)
✔ a torn repo layer never CANCELS a deny the global layer configured (37.979466ms)
✔ census: no gate value reaches the protected-branch guard (D-11) (0.965543ms)
✔ a deferred gate in the config layer changes no guard decision (107.904469ms)
✔ the checked-out branch, trimmed (20.025501ms)
✔ a SUBDIRECTORY of the repo answers the same (git -C discovers upward) (8.525542ms)
✔ a directory that is NOT a git repo is "" - never a throw (3.648803ms)
✔ an absent path and a repo with NO COMMITS are both "" (6.005115ms)
✔ a detached HEAD answers git's own "HEAD", not a reinterpretation (9.269199ms)
✔ publish: auto_close true on a non-protected branch pushes exactly that ref (70.544183ms)
✔ refuse: auto_close false -> auto-close-off, bare gains no branch (43.706959ms)
✔ refuse: HEAD on a protected branch -> protected-branch, no push (46.170167ms)
✔ refuse: a STRING protected_branches protects that branch too (#38, COR-01) (47.534465ms)
✔ refuse: no origin remote configured -> remote-not-configured (46.14058ms)
✔ refuse: detached HEAD -> no-branch, no push (50.857612ms)
✔ refuse: auto_close ONLY in the global layer (repo omits) -> auto-close-off (D-08) (84.560984ms)
✔ usage: an unknown subcommand -> ok:false reason usage (71.002292ms)
✔ reap: a merged integration branch is actually deleted (53.388058ms)
✔ reap: an UNMERGED branch is deleted too - land-cleanup owns the merged verdict (57.16171ms)
✔ reap: an already-absent branch SKIPS with ok:true and exit 0 (idempotent close) (41.809267ms)
✔ reap refuse: a protected branch, and it is still there afterwards (43.257876ms)
✔ reap refuse: the CHECKED-OUT branch, named rather than left to a git error (43.40019ms)
✔ reap refuse: an option-shaped branch name never reaches git (44.014779ms)
✔ reap refuse: no --branch at all -> no-branch, and no git ran (43.280781ms)
✔ reap needs no auto_close: a close-off repo still reaps its local branch (41.806321ms)
✔ usage: the detail names all three subcommands (27.102723ms)
✔ publish refuse: off-everywhere and requested-globally read DIFFERENTLY (77.373258ms)
✔ authorized: a user-global true is refused - the repository never opted in (42.944685ms)
✔ authorized: the repository's own opt-in answers ok:true, and needs no git (69.038332ms)
✔ authorized: the GitLab arm refuses with NO forge CLI spawned at all (43.855324ms)
✔ authorized: off in BOTH layers refuses with the other sentence (43.220535ms)
✔ publish refuse: a TORN layer that could carry protected_branches pushes NOTHING (49.00687ms)
✔ reap refuse: a TORN layer leaves the branch it would have protected in place (46.585903ms)
✔ warnings[] rides the git-publish envelope on the acting AND the skip arms (78.825295ms)
✔ publish: a git:// remote carrying userinfo fails without leaking it (45.645839ms)
✔ publish: a PATH-shaped remote carrying userinfo fails without leaking it (39.744494ms)
✔ source: every git-publish failure detail goes through redactUrl (0.403845ms)
✔ publish: an EMPTY --dir refuses by name, exit 1, nothing run (29.888119ms)
✔ publish: a VALUELESS --dir refuses by name, exit 1, nothing run (28.579266ms)
✔ reap: an EMPTY --dir refuses by name, exit 1, nothing run (31.192862ms)
✔ reap: a VALUELESS --dir refuses by name, exit 1, nothing run (30.575547ms)
✔ authorized: an EMPTY --dir refuses by name, exit 1, nothing run (27.321763ms)
✔ authorized: a VALUELESS --dir refuses by name, exit 1, nothing run (26.567545ms)
✔ a segment whose command word is git reports its verb (4.945421ms)
✔ the verb is the first NON-FLAG word (0.163814ms)
✔ a global option taking a separate argument is skipped WITH its argument (0.108057ms)
✔ an =-glued global option needs no entry of its own - it is one flag word (0.085354ms)
✔ a segment whose command word is not git is SILENT (the accepted cost) (0.143816ms)
✔ the anchor is the command word, so a git word mid-segment does not count (0.0731ms)
✔ only the VERB is read, so an operand naming another verb is not one (0.081486ms)
✔ TOTAL: any input at all returns an array and never throws (0.148696ms)
✔ LINEAR: the input size that OOMed the deleted reader is answered instantly (6.041314ms)
✔ LINEAR: many separated invocations are all reported, in order (6.753641ms)
✔ a separator run does not manufacture a verb (0.167281ms)
✔ the set is exactly the three keys CFG-02 names, and is frozen (4.805783ms)
✔ a non-null value is removed from the layer the merge consumes (0.304314ms)
✔ a non-null value warns, naming BOTH the key and the file it came from (0.176249ms)
✔ all three keys are stripped, one warning each - not just the first (0.191237ms)
✔ a null value is stripped too - the strip is value-agnostic (D-13) (0.120351ms)
✔ a null value warns about NOTHING - presence is not setting (D-13) (0.105372ms)
✔ an empty string IS a set value: stripped and warned about (0.337919ms)
✔ a layer setting none of them is returned untouched and silent (0.097146ms)
✔ sibling keys under the same parent survive the strip (0.10948ms)
✔ the input object is never mutated - the strip returns a COPY (0.138326ms)
✔ a non-object layer is handed back as-is, never a throw (0.102587ms)
✔ a scalar PARENT is stripped: it would replace the global section wholesale (0.09397ms)
✔ a scalar parent warns, naming the section, the file and the keys it hid (0.081186ms)
✔ a scalar parent warns ONCE, not once per key beneath it (0.052851ms)
✔ a null parent is stripped silently - presence is not setting (D-13) (0.061678ms)
✔ a section with no global-only key beneath it is left alone whatever its type (0.06269ms)
✔ the census walks the whole bin tree, lib/ and test files included (0.828841ms)
✔ exactly one definition of the defaulting disposition (fallback) (1.65179ms)
✔ exactly one definition of the throwing flag-value reader (flagValue) (1.102426ms)
✔ exactly one definition of the ''-on-failure file reader (readText) (4.268222ms)
✔ exactly one definition of the current-branch reader (readCurrentBranch) (2.534264ms)
✔ exactly one definition of the lease-grammar containment predicate (covers) (1.09412ms)
✔ exactly one definition of the executable-resolution predicate (onPath / executableIn) (2.741651ms)
✔ exactly one definition of the rotated-report name grammar (rotatedSource / isReportName) (1.216445ms)
✔ exactly one definition of the worker-key grammar (requirePlanKey) (1.070164ms)
✔ exactly one definition of the multi-file transition step loop (runTransition) (3.776337ms)
✔ exactly one definition of the genuinely-unfixed test (unfixedFromEntries) (4.10586ms)
✔ every register row states an event name and a reason for it (4.106992ms)
✔ the shipped register covers the shipped hooks.json - the tree agrees with itself (0.374909ms)
✔ an unregistered event is reported by name; the registered ones beside it are not (0.407833ms)
✔ SubagentStop is registered TODAY, so a rename of it is what the check catches (0.23463ms)
✔ ONE DIRECTION: a register row no hooks.json carries is not a problem (0.194373ms)
✔ the register is a PARAMETER, so a test never asserts it against itself (0.186658ms)
✔ an absent file is lenient on a partial root and missing-input on a full install (0.167992ms)
✔ an unreadable or shapeless file is ONE issue, never a throw (0.377184ms)
✔ AC5: the live cad-verify bytes report exactly one unnamed include (2.635938ms)
✔ AC5: the same bytes report nothing under a one-row WAIVED (1.480872ms)
✔ AC5: cad-help passes under both, because its objective names the include (0.579342ms)
✔ AC6: an include named ONLY by its own `@`-include line still reports (0.384288ms)
✔ a self-citing INCLUDED file does not answer for the command that includes it (0.6774ms)
✔ a workflows/ include is exempt even when nothing names it anywhere (0.313271ms)
✔ naming is the <branch>/<file> path form, never the basename (0.678142ms)
✔ an included surface named by the command WORKFLOW satisfies the check (0.332719ms)
✔ WAIVED ships EMPTY, and is frozen (0.112666ms)
✔ DOWNWARD bound: the waiver cannot outlive its `@`-include line (0.448771ms)
✔ UPWARD bound: a checked-off removeInPhase expires the waiver (0.448901ms)
✔ UPWARD bound: an UNCHECKED phase, or no ROADMAP at all, reports nothing (0.707568ms)
✔ a waiver row whose skill is absent from the root reports nothing (0.206737ms)
✔ an absent skills/ directory contributes nothing at all (0.496313ms)
✔ github: the report names each referenced issue with its state, plus the open list (84.266839ms)
✔ gitlab: the report names each referenced issue with its state, plus the open list (70.141521ms)
✔ forgejo: the report names each referenced issue with its state, plus the open list (67.053745ms)
✔ forgejo: an SSH host that differs from the login host still reports (86.579838ms)
✔ a branch referencing NO issue still reports the open list as the fallback (113.170868ms)
✔ a protected_branches naming NO branch still names the referenced issues (GRD-01, D-02) (68.710103ms)
✔ the forge call names the --dir repo, not the one the process cwd sits in (79.501372ms)
✔ the github and gitlab argv are byte-identical to what they were (132.832431ms)
✔ a forge CLI that never returns is killed at the bound and the land continues (560.510203ms)
✔ unknown subcommand: usage (33.302361ms)
✔ degrades in ONE line: the key is off (61.099757ms)
✔ degrades in ONE line: no forge configured (62.16507ms)
✔ degrades in ONE line: no tea login (61.617831ms)
✔ degrades in ONE line: the resolved binary is absent (70.010927ms)
✔ degrades in ONE line: the CLI exits nonzero (68.176507ms)
✔ degrades in ONE line: a response truncated at the page limit (67.475051ms)
✔ degrades in ONE line: a response with a renamed field (71.415503ms)
✔ degrades in ONE line: the ref scan fails (65.707689ms)
✔ an EMPTY tea login list skips on the existing line, and queries nothing (67.604319ms)
✔ an origin NO login names skips, and asks tea nothing about it (61.302816ms)
✔ a persisted host a login NAMES is bound with --login <that login's name> (68.384116ms)
✔ forgejo: every call names the login the persisted host resolves, and no other (68.779694ms)
✔ forgejo: a number the open list missed resolves, or is named unresolved (72.484425ms)
✔ forgejo: the resolve stops at its cap, and the remainder are unresolved (85.001146ms)
✔ the per-issue resolves share ONE wall-clock budget, not one bound each (2076.830329ms)
✔ a FAST nonzero resolve does not stop the loop: the numbers behind it still resolve (67.8042ms)
✔ a budget spent mid-loop is still a report: real states behind it, unresolved ahead (2095.313265ms)
✔ the key-off arm spawns NO forge CLI at all, not merely an empty report (149.3742ms)
✔ a token-carrying CLI stderr never reaches the envelope, in ANY shape (75.74254ms)
✔ check: an EMPTY --dir refuses by name, exit 1, no forge CLI spawned (36.849574ms)
✔ check: a VALUELESS --dir refuses by name, exit 1, no forge CLI spawned (32.143434ms)
✔ check: a malformed --timeout-ms still runs on the default, unlike --dir (67.647546ms)
✔ AC4: with the forge keys set and NO origin, forgejo still reports, bound by --login (76.066872ms)
✔ AC4: the same repository whose host NO login serves skips, and asks tea nothing (73.6423ms)
✔ AC4: a repository with a WORKING origin but no forge keys names the keys to set (65.635865ms)
✔ AC4: a github record with NO origin reports too, and never touches tea (70.401441ms)
✔ classifyOrigin reads BOTH url shapes for github and gitlab (1.218509ms)
✔ classifyOrigin: any other host is `unrecognized` and STILL carries its slug (0.182511ms)
✔ classifyOrigin takes ONE argument: a second is ignored, not consulted (0.168664ms)
✔ classifyOrigin: an absent origin is no-remote, and garbage is unrecognized (0.103829ms)
✔ a hostname carrying a control character is REJECTED, never cleaned (0.289205ms)
✔ classifyOrigin says whether the URL SPELLED a port, which httpPort cannot (0.146241ms)
✔ a classification with no URL to read spells no port either (0.086125ms)
✔ teaLoginNameForHost answers the login NAME, by any of the three fields (0.323ms)
✔ teaLoginNameForHost matches on EQUALITY, never on a shared suffix (0.233569ms)
✔ teaLoginNameForHost takes the FIRST match in tea's own list order (0.157191ms)
✔ teaLoginNameForHost is TOTAL over every unreadable input (0.125451ms)
✔ a persisted host naming a port picks the login serving THAT port (0.109901ms)
✔ a persisted `:443` matches a login whose url spells no port at all (0.061167ms)
✔ a port no login serves resolves to NO login rather than to a neighbour (0.038303ms)
✔ a PORTLESS persisted host resolves exactly as it does today (0.113007ms)
✔ a host the grammar REFUSES answers null rather than throwing (0.09349ms)
✔ scanIssueRefs finds the three forms, dedupes, sorts, and mints no near-miss (0.559544ms)
✔ scanIssueRefs is total on non-text and empty input (0.088259ms)
✔ scanIssueRefs excludes a reference outside the safe-integer range (ARG-04) (0.094792ms)
✔ partitionIssues answers open / closed / not-found, and not-found is never closed (0.178322ms)
✔ partitionIssues answers NOTHING over a fetch that is not complete (0.080895ms)
✔ every row carries its own paging flag with the limit it states (0.151961ms)
✔ the gitlab row is proved against a CAPTURED glab sample, with no glab spawned (0.193672ms)
✔ the github and forgejo normalizers read their CLIs own captured shapes (0.128687ms)
✔ the forgejo row resolves ONE issue, and reads both shapes tea prints (0.162131ms)
✔ only the forgejo row carries a resolve; the other two still list every state (0.108187ms)
✔ a response TRUNCATED at the limit is unreadable, never an issue list (0.253386ms)
✔ a RENAMED field is unreadable, not an empty record set (0.126693ms)
✔ a number OUTSIDE the safe-integer range is unreadable, never a neighbour (ARG-04) (0.124559ms)
✔ all eight reasons are distinct strings, and only `query` proceeds (0.3283ms)
✔ the not-configured line names the keys that are unset, and only those (0.198611ms)
✔ a persisted host carrying a control character never reaches the ONE-line reason (0.148886ms)
✔ decideIssueCheck is total: no arguments at all still answers (0.056087ms)
✔ a five-finding fire spawns NO forge child at all (40.490186ms)
✔ the decline set is read even where no forge CLI resolves (34.656831ms)
✔ a finding DECLINED.md already carries is absent from the answer (39.962303ms)
✔ a decline recognized by (file, claim) survives the file shifting by a line (37.907921ms)
✔ a survived blocker never reaches the ask, so the fire has nothing to file (37.666137ms)
✔ a survived medium whose fix is already committed is never put to the user (40.317946ms)
✔ each returned finding carries its fingerprint BESIDE it, never inside it (36.236663ms)
✔ a decline set far past any old page size is read whole (109.563646ms)
✔ a missing DECLINED.md is an empty decline set, not a refusal (53.836608ms)
✔ an unreadable DECLINED.md refuses rather than re-asking what was declined (39.616298ms)
✔ three accepts and two declines make exactly THREE creates, none labelled (49.075392ms)
✔ a declined finding lands in DECLINED.md and never in FILED.md (42.818453ms)
✔ a decline written by `file` is what the next `unfixed` reads back (77.293084ms)
✔ every create supplies a body, on every entry (43.886302ms)
✔ a create exiting nonzero refuses and NAMES the findings that were not filed (49.446754ms)
✔ a fire with accepts asks the tracker ONCE, and the ask precedes every create (52.887747ms)
✔ the list call is TITLE-SCOPED and names every accepted fingerprint (47.938659ms)
✔ a fingerprint the tracker already holds gets no create and is reported by NUMBER (39.05982ms)
✔ a CLOSED issue suppresses exactly as an open one does (D-05) (41.26891ms)
✔ a lookup that FILLED ITS PAGE refuses the fire before any create (36.653562ms)
✔ a lookup child that could NOT RUN does not refuse - the creates still run (47.365169ms)
✔ a fire of DECLINES alone spawns no child at all - no list and no create (37.484166ms)
✔ the forgejo arm's ISSUE list call carries --login, like its create (47.65708ms)
✔ the forgejo arm carries --login on both calls, resolved off the persisted host (51.38307ms)
✔ no login naming the persisted host refuses BEFORE any create (42.979582ms)
✔ an unconfigured forge refuses by naming the unset keys, spawning nothing (35.79751ms)
✔ a configured forge whose CLI does not resolve refuses without spawning (37.013883ms)
✔ warnings from the config merge ride every envelope (36.681526ms)
✔ an absent payload file refuses before the forge is touched (39.790653ms)
✔ a payload that is not JSON refuses naming the file (37.065011ms)
✔ BOTH payload arms redact a credential out of the path they name (74.902244ms)
✔ a payload buildEntries refuses names the entry, and no forge call is made (35.596403ms)
✔ a dispositions payload with an unknown disposition refuses before any create (36.145657ms)
✔ a dispositions entry whose finding has no claim refuses: it is half the fingerprint (37.050253ms)
✔ a bare --payload refuses at the declared door, naming the flag (34.543943ms)
✔ an unknown subcommand reports usage naming both faces (37.472614ms)
✔ a CLI that prints a URL on create leaks none of it onto the envelope (45.058262ms)
✔ three accepts and two declines leave exactly THREE bullets in FILED.md (55.517814ms)
✔ a fire of declines ALONE writes no FILED.md, and two DECLINED.md rows (41.950357ms)
✔ the bullet is a POINTER: the title and no finding body (48.295313ms)
✔ a second fire appends rather than replacing the first run's rows (90.247905ms)
✔ a create that fails part way mirrors what landed AND marks the ambiguous one (46.114318ms)
✔ a create failure whose mirror ALSO failed says so, and the hint stops the retry losing it (2056.937454ms)
✔ the create-failed hint is honest that the failed create may have LANDED (106.452809ms)
✔ a fingerprint FILED.md already carries gets no SECOND row, even when it is re-filed (42.923503ms)
✔ an UNCONFIRMED write over a CONFIRMED row rewrites that row rather than adding one (45.697265ms)
✔ a payload carrying the same fingerprint TWICE spawns one create (42.765049ms)
✔ an accept followed by a DECLINE of the same finding creates once and declines nothing (46.485328ms)
✔ a lookup that could not run falls through to FILED.md, per fingerprint (49.538777ms)
✔ a lookup that could not run with NO ledger creates every accept (44.367854ms)
✔ on a forge whose lookup is UNMEASURED, a complete miss cannot overrule a confirmed row (47.462252ms)
✔ an unmeasured forge still honours a lookup HIT, which is the arm that was measured true (41.698952ms)
✔ AC4 end to end: an ambiguous create is not re-filed on the next fire (92.37463ms)
✔ an unreadable FILED.md refuses BEFORE any create, like the decline record (40.043585ms)
✔ a DECLINED.md row never stops `file` creating what the user just accepted (44.820352ms)
✔ `unfixed` writes nothing at all - the ask is not a filing (35.604196ms)
✔ an unreadable EXISTING DECLINED.md is never replaced by this batch alone (38.053577ms)
✔ a row the grammar rejects refuses rather than reporting the batch recorded (38.524731ms)
✔ a DANGLING SYMLINK at DECLINED.md refuses; it is an entry, not an absence (37.358222ms)
✔ a conflicted DECLINED.md refuses rather than reading past the damage (35.931154ms)
✔ a create failure AFTER a decline still lands that decline row (46.10632ms)
✔ cleanup on a repo with the branch merged into base: reap true, return to base (71.522ms)
✔ cleanup --merged true forced but branch not in merged list (deleted at merge): reap false, branch null (37.615599ms)
✔ cleanup --merged false: cleanup but reap false (never reap an unmerged branch) (39.721902ms)
✔ a STRING protected_branches resolves base to that branch (#38, COR-01, D-07) (78.427823ms)
✔ a protected_branches naming NO branch resolves base to main (GRD-01, D-02) (52.385034ms)
✔ cleanup with git.on_land_cleanup=false: skip, all flags false (84.625767ms)
✔ gate with a blocker on stdin + git.auto_close=true: halt (46.430696ms)
✔ gate with only a medium finding: proceed (40.032116ms)
✔ gate with git.auto_close=false + a blocker: proceed (chain not running) (35.175656ms)
✔ gate: auto_close ONLY in the global layer (repo omits) -> halt (34.027342ms)
✔ gate: the repo layer wins the merge over a global auto_close:false -> halt (33.465224ms)
✔ gate: global auto_close:true beaten by repo false -> proceed (repo wins) (33.841316ms)
✔ gate under auto_close: stdin-empty halts with a reason naming it, never "no surviving finding" (36.948649ms)
✔ gate with auto_close absent: stdin-empty still proceeds (no unattended chain) (35.619849ms)
✔ gate under auto_close: malformed-json halts with a reason naming it, never "no surviving finding" (34.22918ms)
✔ gate with auto_close absent: malformed-json still proceeds (no unattended chain) (33.528695ms)
✔ gate under auto_close: not-a-findings-payload halts with a reason naming it, never "no surviving finding" (28.234665ms)
✔ gate with auto_close absent: not-a-findings-payload still proceeds (no unattended chain) (30.481006ms)
✔ gate under auto_close: an EXPLICIT {"findings":[]} is the one spelling that proceeds (30.183335ms)
✔ gate: a bare JSON array on stdin still reads as the findings list (64.847289ms)
✔ gate: a usable fix_commit on the same entry flips halt to proceed (LND-02) (66.597368ms)
✔ gate: a refuted or downgraded ruling stops no close, at any severity (62.037176ms)
✔ gate: `unruled` is read off the same stdin object, and a malformed one fails CLOSED (202.528375ms)
✔ gate: no stdin piped at all halts under auto_close, whatever the platform calls it (30.894861ms)
✔ gate: a genuinely unreadable stdin is the fourth halting state, named (32.127045ms)
✔ v3.7.7 (a): the ruled record PROCEEDS - the regression LND-02 closes (34.872304ms)
✔ v3.7.7 (b): delete that ONE key and the same set halts, on that entry alone (37.203467ms)
✔ v3.7.7 (c): the same review with nothing ruling it halts as unruled-review (67.193992ms)
✔ v3.7.7 (d): the same high, overridden - named on `overridden`, `action` unmoved (65.92208ms)
✔ warnings[] rides BOTH land-cleanup envelopes, empty and torn (138.594767ms)
✔ unknown subcommand: usage, ok false (37.652148ms)
✔ cleanup: an EMPTY --dir refuses by name, exit 1 - no stdin (30.639871ms)
✔ cleanup: a VALUELESS --dir refuses by name, exit 1 - no stdin (36.906146ms)
✔ gate: an EMPTY --dir refuses by name, exit 1 - a blocking findings payload on stdin (33.705394ms)
✔ gate: a VALUELESS --dir refuses by name, exit 1 - a blocking findings payload on stdin (36.491861ms)
✔ gate: an EMPTY --dir refuses by name, exit 1 - unparseable stdin (39.584086ms)
✔ gate: a VALUELESS --dir refuses by name, exit 1 - unparseable stdin (33.478909ms)
✔ covers: the declaration/path table (0.629949ms)
✔ intersects: symmetric on every row of the table (0.163183ms)
✔ a non-path string answers, it never throws (0.115813ms)
✔ isRefusedSpelling: exactly three forms, and nothing else (1.02111ms)
✔ completedPhases reads only the checked boxes (2.492854ms)
✔ pruneRoadmap removes checked lines and their detail sections, nothing else (0.373387ms)
✔ a decimal phase is matched exactly - 2.1 never consumes 21 or 291 (0.587938ms)
✔ a phase with no detail section is reported, not invented (0.128767ms)
✔ archiveRequirements moves shipped rows to a created ## Shipped and cleans both sources (0.725302ms)
✔ an existing ## Shipped table is appended to, never duplicated (0.326136ms)
✔ no shipped rows means no text change at all (0.126774ms)
✔ archiveRequirements never ships a Deferred row, whatever phase it names (0.214782ms)
✔ the Active-bullet scan is bounded to ## Active, not the whole file (## Deferred) (0.180377ms)
✔ the Active-bullet scan is bounded to ## Active, not the whole file (## v2 Requirements) (0.175587ms)
✔ no ## Active heading: no bullet removed, no summary captured, the row still ships (0.133296ms)
✔ a wrapped bullet is removed whole - no orphaned continuation line survives (0.337708ms)
✔ a wrapped-bullet prune leaves the section's trailing paragraph and the unshipped bullet (0.197108ms)
✔ the archived parenthetical is the whole span joined, first letter as authored (0.223549ms)
✔ a `|` inside a bullet is escaped before it reaches the Shipped cell (0.233368ms)
✔ a `## Active` heading inside a code fence is not the section (0.145599ms)
✔ a fenced `## Shipped` is not the section - the row lands under the real one (0.219752ms)
✔ a document whose only `## Shipped` is fenced gets a REAL section created (0.115833ms)
✔ a fenced `## ` inside ## Shipped does not cut the append scan short (0.104581ms)
✔ corpus: pruning this repository's own REQUIREMENTS.md needs no hand repair (2.208809ms)
✔ seam: archive mode prunes docs and moves completed dirs, leaves the open phase (61.252813ms)
✔ seam: delete mode removes the dirs and a second run is a clean skip (118.279484ms)
✔ seam: a missing phase dir is reported in dirs.missing, never a failure (105.57412ms)
✔ seam: missing REQUIREMENTS.md degrades to a warning, roadmap half still lands (84.152288ms)
✔ seam: a REQUIREMENTS.md whose sections are only fenced comes back byte-identical (59.732653ms)
✔ seam: with real sections below the fence, the row lands under the REAL ## Shipped (53.474904ms)
✔ seam: a phase whose directory move fails is refused, and keeps its docs (53.47796ms)
✔ seam: when every phase fails, neither document is written at all (56.870902ms)
✔ seam: an _archive-<label> that is a symlink is refused before anything moves (50.8413ms)
✔ seam: a regular file squatting _archive-<label> is refused the same way (50.129014ms)
✔ seam: delete mode builds no archive root, so the type check does not apply (49.264243ms)
✔ seam: bad args are refused - label required, mode must be delete|archive (141.799339ms)
✔ seam: a label from a file archives exactly where the inline label does (98.088142ms)
✔ seam: both label terms still run on a label that arrived in a FILE (104.358506ms)
✔ seam: every --label-file refusal is bad-args and leaves the tree untouched (260.500698ms)
✔ seam: a delete-mode close writes its residue before the directories go (55.540969ms)
✔ seam: the archive arm writes the same rows the delete arm does (53.189456ms)
✔ seam: a second identical run adds no row and leaves ARCHIVE.md byte-identical (105.978783ms)
✔ seam: an interrupted close keeps its rows, and the re-run neither duplicates nor drops them (110.133396ms)
✔ seam: phases holding no readable artifact write no ARCHIVE.md at all (57.81891ms)
✔ falsifier: a close in `delete` mode leaves its phase recallable (RCL-07) (209.617246ms)
✔ falsifier: a close in `archive` mode leaves its phase recallable (RCL-07) (206.052444ms)
✔ seam: a foreign heading that prefixes this label does not suppress the write (57.268092ms)
✔ seam: a partial section re-runs the artifacts it is missing, not the phase whole (53.157324ms)
✔ seam: a held ARCHIVE.md lock refuses the close before any directory moves (2052.967662ms)
✔ a bullet carrying its tracker suffix is removed WHOLE, and keeps the ref (0.398174ms)
✔ onPath: a name made reachable by a stub directory prepended to PATH (4.857602ms)
✔ onPath: a name nothing on PATH provides is false, never a throw (0.226465ms)
✔ onPath: an EMPTY PATH entry is skipped, not read as the cwd (0.161059ms)
✔ onPath: a PATH entry that does not exist is skipped, not a throw (0.134017ms)
✔ onPath: a same-named file with no execute bit does not resolve (0.191537ms)
✔ onPath: an unset PATH answers false rather than throwing (0.07783ms)
✔ executableIn: answers about ONE named directory, ignoring PATH (0.160438ms)
✔ executableIn: a non-string or empty side is false, never a throw (0.13004ms)
✔ cursorPhase returns the cursor phase (1.225151ms)
✔ cursorPhase returns a decimal phase as a Number (0.248076ms)
✔ a missing STATE.md is null, silently - the ordinary pre-project state (0.572108ms)
✔ a garbled STATE.md is null, never a throw (0.163022ms)
✔ two conforming plans both parse: the union, found 2, clean 2 (1.481994ms)
✔ a plan out of grammar contributes NO path, warns, and leaves clean below found (0.419355ms)
✔ an unreadable plan does the same: no path, one warning, clean below found (0.783123ms)
✔ an absent phase directory is zero found and NO warning - the pre-plan state (0.214492ms)
✔ a phase directory holding no PLAN file is zero found, no warning, no throw (0.275929ms)
✔ a plan whose `files:` list is empty counts found and clean, and is named undeclared (0.305687ms)
✔ a plan with no `files:` key at all takes the same arm as an empty list (0.280017ms)
✔ a plan declaring one path is NOT undeclared, even when a sibling declared it first (0.410688ms)
✔ the named-plan face reports undeclared for the plan its key names (0.28686ms)
✔ a plan that could not be read is NOT undeclared - it is unclean (0.205084ms)
✔ a `- **Files:**` task line contributes nothing to either face (D-05) (0.203621ms)
✔ the named-plan face reads ONLY the file its key names (0.274576ms)
✔ key `1` reads PLAN.md when PLAN-1.md is absent, and PLAN-1.md when it is not (0.29139ms)
✔ a key naming no plan file is found 0 with a warning - a wrong dispatch, not a pre-plan state (0.210514ms)
✔ the named face carries the same two failure arms as the union (0.144206ms)
✔ the by-path reader answers exactly what the phase-keyed face does (0.282272ms)
✔ the by-path reader carries the out-of-grammar and unreadable arms too (0.222817ms)
✔ an unreadable directory is silent for the union face and warns for a named plan (0.15629ms)
✔ the locator finds live and archived phase directories, in a stable order (0.482395ms)
✔ an unreadable archive directory is skipped, never a throw (0.240271ms)
✔ an absent planning root is an empty list - the ordinary pre-project state (0.158515ms)
✔ the locator does not leave the planning root through a symlink (0.280468ms)
✔ a symlink that stays INSIDE the planning root is still a phase (0.559804ms)
✔ adjudication: --phase 1.10 refuses against a tree holding phases/1.1/ (55.414778ms)
✔ adjudication: --phase 1.10 gets past the phase check when only phases/1.10/ exists (55.642706ms)
✔ adjudication: the token rails still fire after a clean spelling (56.42662ms)
✔ deferred record: --phase 1.10 refuses against a tree holding phases/1.1/ (104.423291ms)
✔ deferred record: --phase 1.10 gets past the phase check when only phases/1.10/ exists (62.128903ms)
✔ deferred record: the token rails still fire after a clean spelling (51.7273ms)
✔ the collision refusal is TREE-aware, not the unconditional one: 08 with no phases/8/ (51.406625ms)
✔ a canonical spelling is never refused, whatever else is on the tree (57.074823ms)
✔ criteria-size: --phase 1.10 acts on phases/1.10/ when no phases/1.1 exists (51.944367ms)
✔ criteria-size: --phase 1.10 refuses against a tree holding phases/1.1/ (51.511026ms)
✔ criteria-size: --phase 08 refuses against a tree holding phases/8/ (50.709988ms)
✔ plan-size: --phase 1.10 acts on phases/1.10/ when no phases/1.1 exists (48.845931ms)
✔ plan-size: --phase 1.10 refuses against a tree holding phases/1.1/ (47.590722ms)
✔ plan-size: --phase 08 refuses against a tree holding phases/8/ (48.99647ms)
✔ plan-overlap: --phase 1.10 acts on phases/1.10/ when no phases/1.1 exists (51.377689ms)
✔ plan-overlap: --phase 1.10 refuses against a tree holding phases/1.1/ (50.031897ms)
✔ plan-overlap: --phase 08 refuses against a tree holding phases/8/ (51.730297ms)
✔ cite-count: --phase 1.10 acts on phases/1.10/ when no phases/1.1 exists (54.459254ms)
✔ cite-count: --phase 1.10 refuses against a tree holding phases/1.1/ (54.714423ms)
✔ cite-count: --phase 08 refuses against a tree holding phases/8/ (54.826738ms)
✔ uat: --phase 1.10 acts on phases/1.10/ when no phases/1.1 exists (53.395552ms)
✔ uat: --phase 1.10 refuses against a tree holding phases/1.1/ (52.687393ms)
✔ uat: --phase 08 refuses against a tree holding phases/8/ (52.36338ms)
✔ lease-check: --phase 1.10 acts on phases/1.10/ when no phases/1.1 exists (65.196128ms)
✔ lease-check: --phase 1.10 refuses against a tree holding phases/1.1/ (62.381235ms)
✔ lease-check: --phase 08 refuses against a tree holding phases/8/ (60.203627ms)
✔ deferred carry: --phase 1.10 carries out of phases/1.10/ when no phases/1.1 exists (52.228621ms)
✔ deferred carry: --phase 1.10 refuses against a tree holding phases/1.1/, moving nothing (51.085318ms)
✔ deferred carry: --phase 08 refuses against a tree holding phases/8/ (52.609322ms)
✔ deferred list: --phase 1.10 lists phases/1.10/ when no phases/1.1 exists (52.387226ms)
✔ deferred list: --phase 1.10 refuses against a tree holding phases/1.1/ (54.06216ms)
✔ deferred list: --phase 08 refuses against a tree holding phases/8/ (51.765153ms)
✔ trace append: --phase 1.10 appends when no phases/1.1 exists (52.820347ms)
✔ trace append: --phase 1.10 refuses against a tree holding phases/1.1/, appending nothing (47.254235ms)
✔ trace close: the same body, so it refuses on the same tree (48.961853ms)
✔ capture: --phase 1.10 still writes the tag (phase 1.10) on a tree holding phases/1.1/ (48.952955ms)
✔ trace render: --phase 1.10 still renders on a tree holding phases/1.1/ (97.993789ms)
✔ census: every phase-argument callsite under planning/ carries a disposition (3.325632ms)
✔ census: every path-resolving callsite actually calls its check (2.590562ms)
✔ requirePlanKey: the stated table (4.405595ms)
✔ an accepted key comes back VERBATIM, never normalized (0.137424ms)
✔ a refusal carries no value at all (0.643806ms)
✔ risk-check run: a fix-pass key is RECORDED, where it answered bad-args (85.545724ms)
✔ risk-check status: a 1-fix bracket is satisfiable - record, then fire receipt (377.608045ms)
✔ risk-check status: a bracketed key the grammar REFUSES is malformed, not missing (63.47721ms)
✔ risk-check status: a bracket with NO plan at all is still required (59.015177ms)
✔ every spelling in the table is accepted by BOTH faces or refused by BOTH (1324.097861ms)
✔ adjudication: the record lands beside the sibling REVIEW discriminator (AC1) (180.886792ms)
✔ adjudication: every entry carries full 40-char ids from a 7-char base and a literal HEAD (AC2) (111.524378ms)
✔ adjudication: a payload whose ruling paraphrases the claim is refused, no file written (AC2) (105.45524ms)
✔ adjudication: a --discriminator spelled "../escaped" is refused with NO file created (97.037375ms)
✔ adjudication: a --discriminator spelled "sub/plan-1" is refused with NO file created (94.138422ms)
✔ adjudication: a --discriminator spelled "plan-1.json" is refused with NO file created (97.257639ms)
✔ adjudication: a --discriminator spelled "." is refused with NO file created (104.682969ms)
✔ adjudication: a --discriminator spelled "-plan-1" is refused with NO file created (105.524152ms)
✔ adjudication: a --trigger carrying a path separator is refused the same way (103.690764ms)
✔ adjudication: an unresolvable --head is refused with no file created (114.124576ms)
✔ adjudication: a re-arm passes --round 2 and round one survives byte for byte (176.978077ms)
✔ adjudication: a second fire that forgot --round is REFUSED, not merged and not overwritten (177.123818ms)
✔ adjudication: a phase directory that does not exist is refused rather than minted (114.154634ms)
✔ adjudication: --task lands the record in the task's own home (GH-227) (116.003702ms)
✔ adjudication: a task fire's record NAMES its slug in the body (D-07) (111.486132ms)
✔ adjudication: a phase fire's record carries NO task key - absent, never empty (D-07) (108.530641ms)
✔ adjudication: --task naming no directory is refused by that name, not as a phase (104.641727ms)
✔ adjudication: --task never falls back to a phase home that does exist (101.651928ms)
✔ adjudication: a --task that could reach outside its own home is refused (298.608332ms)
✔ adjudication: --phase 0 without --task is refused, even where phases/0 exists (102.572855ms)
✔ adjudication: --task beside a REAL phase is refused, the converse of the guard above (D-08) (96.422482ms)
✔ adjudication: both legitimate directions still pass on that same tree (D-08) (164.043933ms)
✔ adjudication: a SYMLINKED tasks/ is refused, not followed out of the tree (98.217247ms)
✔ adjudication: a SYMLINKED phases/ is refused the same way (101.803078ms)
✔ adjudication: without --task the two phase homes resolve exactly as before (105.356966ms)
✔ adjudication: an absent --payload is bad-args, never a read of stdin (98.630036ms)
✔ adjudication: a payload file that was never written is no-payload, not a record (99.809149ms)
✔ adjudication: --round 0 and a non-numeric round are refused (149.092477ms)
✔ adjudication: a citation absent at head is MARKED and still stored, the present one is not (AC5) (103.741997ms)
✔ adjudication: a citation pointing outside the repository is marked, never a crash (AC5) (110.529914ms)
✔ risk-check status: a `deferral` receipt settles the range it names (285.525259ms)
✔ risk-check status: the acceptance is FIRE_RECEIPTS membership, not any outcome event (248.891324ms)
✔ GH-159: a blocking fire whose highest finding is a survived MEDIUM settles end to end (359.261517ms)
✔ RSK-08: both refusals land where they are stated, over a mixed-ruling fixture end to end (419.570142ms)
✔ RSK-08: a REASONLESS receipt over a record holding a cleared halt is refused (294.332852ms)
✔ LND-02: a cleared halt that ALSO names a fix commit takes a reasonless receipt (321.375898ms)
✔ RSK-08: a FIGURELESS receipt cannot settle the range at all (419.077599ms)
✔ RSK-08: the guard cannot be discharged by dropping one settled figure (257.381477ms)
✔ RSK-08: an UNREADABLE record over a partial settle line is refused, never passed (267.238522ms)
✔ RSK-08: a record holding NO cleared halt takes a reasonless receipt unchanged (315.031726ms)
✔ an OVERRIDDEN blocking fire settles end to end, with the record present rather than absent (315.186311ms)
✔ D-04: a WRONG count on a task settlement is refused, exactly as under a phase (176.742275ms)
✔ D-04: the figures the seam returned settle the same task fire (175.851576ms)
✔ D-04: the recount does NOT widen to deferred/<N>/, which keeps its stated posture (155.029068ms)
✔ D-01: a receipt naming the earlier window settles the fire that ran in it (379.696742ms)
✔ D-01: the IDENTICAL receipt without --anchor leaves that range unfired (322.503274ms)
✔ D-03: one authorization id does NOT let a receipt settle a second range (486.218367ms)
✔ audit: traces every break kind, orphans, and deferred (55.802542ms)
✔ audit: a colon-aligned separator row is not a requirement (#41.1) (104.101283ms)
✔ audit: rows under a ## section AFTER Traceability are not requirements (#41.2) (111.23372ms)
✔ audit: a block-YAML requirements list reads as ids, not zero (#48.1) (53.107179ms)
✔ audit: the inline requirements form with a bracketed trailing comment still reads exactly two ids (56.295136ms)
✔ audit: a comment-only requirements: value falls through to a block list surviving a heading comment, a splitting comment, and a blank line (51.286164ms)
✔ audit: a no-space `#TODO` comment on the key line still falls through to the block list (51.961199ms)
✔ audit: a quoted scalar requirements: value reads as the single id (52.358792ms)
✔ audit: an unpicked ## Active id BREAKS at zero rows - the additive shape is reversed (54.24424ms)
✔ audit: unseeded reports no_active_section: true when the ## Active heading itself is absent (51.830277ms)
✔ audit: a tree with rows and no ## Active heading gains no unpicked break (56.235121ms)
✔ audit: the partially-planned state - a row for AUD-01, none for AUD-02, so AUD-02 breaks and the verdict FAILs (56.061658ms)
✔ audit: a ## Deferred id is excluded by SECTION PLACEMENT, and a Deferred-status row is never unpicked (54.67142ms)
✔ audit: an ## Active id that is not id-shaped can never reach the arithmetic, at zero rows either (53.631644ms)
✔ audit: a digit-leading category with a letter in it reaches the arithmetic (PRS-02) (59.951943ms)
✔ audit: a category with NO letter at all is still a phantom, reported and never counted (49.84111ms)
✔ audit: a v1.3.1-shaped ## Active table is reported in active_issues - and its ids stay invisible to the break (53.899879ms)
✔ audit: a prose bold bullet in ## Active is REPORTED, never a break - the phantom-id upgrade pin (51.746256ms)
✔ audit: a colon INSIDE the bold span reports, and is never normalized into the id it resembles (52.263709ms)
✔ audit: a doc version a tag already carries, with the cycle still open, emits version_drift (54.731755ms)
✔ audit: the SAME tagged version with every phase complete is the interrupted close, not drift (59.238164ms)
✔ audit: a phase whose checklist holds only a blocked item does not hold the cycle open (61.702613ms)
✔ audit: one still-answerable item beside a blocked one keeps the cycle open (61.944697ms)
✔ audit: a doc version that merely SORTS BELOW the newest tag is not drift - membership, not order (61.575699ms)
✔ audit: no git repo at all leaves the envelope unchanged - no tags is no evidence, never a failure (49.085378ms)
✔ audit: with no ### Active version, the ROADMAP title supplies the comparand (55.883204ms)
✔ audit: the v2.4.0 state of this repo (issue #87) fires - the regression pin FRI-03 exists for (54.979219ms)
✔ audit: a phase rolled forward - every row Deferred - does not hold the cycle open (59.090459ms)
✔ audit: the same phase with its rows still Pending keeps the gate armed (56.776028ms)
✔ audit: an enclosing repository's tags are not this project's (TAG-01) (56.342706ms)
✔ audit: a LINKED WORKTREE still reads its own repository's tags (TAG-01) (61.23283ms)
✔ seed-reqs: a v1.3.1-shaped ## Active table leaves its envelope unchanged - the delegation did not leak into the writer (52.220294ms)
✔ audit + plan-overlap: a PLAN-gaps.md is reported as nonconforming_plans; PLAN-2.md is not, overlaps unchanged (96.7809ms)
✔ plan-overlap: a phase with no directory still returns no-phase-dir, exit 1 (regression pin across the listPlanFiles refactor) (50.683095ms)
✔ audit: a roadmap phase with no directory is still treated as unplanned, ok:true (regression pin across the listPlanFiles refactor) (55.032532ms)
✔ audit: missing REQUIREMENTS or ROADMAP degrades with named reasons (95.518127ms)
✔ capture-check: a freshly created queue is zero, unannotated and archive-free (50.985916ms)
✔ capture-check: the annotated bullets and the archived section are all named (54.156431ms)
✔ capture-check: an absent CAPTURE.md is an EMPTY queue, never a failure (55.47365ms)
✔ capture-check: a PRESENT but unreadable queue refuses, and says what it is not claiming (57.082838ms)
✔ capture-check: a VALUELESS --file is bad-args, never silently the --dir default (53.710335ms)
✔ capture-check: a queue over its bound is REPORTED, with both numbers, and refuses nothing (51.987328ms)
✔ capture-check: the same tree under a bound of 4 reports no crossing (55.725452ms)
✔ capture-check: a torn config layer rides the envelope rather than silently defaulting (54.96828ms)
✔ capture-sections: every section is named with its count and its walk membership (49.673909ms)
✔ capture-sections: a bullet appended to an out-of-walk section raises THAT count and no other (AC4) (95.281434ms)
✔ capture-sections: an absent CAPTURE.md is ok:true with no sections, never a failure (50.231219ms)
✔ capture-sections: a VALUELESS --file is bad-args, never silently the --dir default (51.86822ms)
✔ cite-count: the envelope names both sides per item, with the unjoinable arms marked (53.779939ms)
✔ cite-count: the queried phase's own rows are dropped and archived same-numbered ones are kept (54.262635ms)
✔ cite-count: two runs over an unchanged plan and payload are byte-identical (104.51323ms)
✔ cite-count: the run records no lifecycle/dispatch - it is a reader, not a subagent (50.78455ms)
✔ cite-count: memory.backend none is a third state, and needs no payload (145.211372ms)
✔ cite-count: the count records itself, under the phase's own correlation id (46.399584ms)
✔ cite-count: a record that refuses the write moves no figure (98.847707ms)
✔ cite-count: three runs are told apart by their records alone (148.339926ms)
✔ criteria-coverage: phase 6 shipped fieldless beside declared ids - ONE break, no exemption (52.869471ms)
✔ criteria-coverage: the synthesized fixture breaks on exactly the two dropped ids (49.469186ms)
✔ criteria-coverage: the same fixture with all 14 items returns zero breaks (52.74878ms)
✔ criteria-coverage: an item with neither criterion nor origin is untraced, never a break (49.503963ms)
✔ criteria-coverage: origin verifier and smoke exempt an item from untraced entirely (53.58772ms)
✔ criteria-coverage: origin criterion with no id is STILL untraced - it names nothing (50.590567ms)
✔ criteria-coverage: a fieldless checklist beside declared ids breaks, it does not exempt (50.083965ms)
✔ criteria-coverage: an UNCHECKED box does not suppress the fieldless-checklist break (44.871591ms)
✔ criteria-coverage: fields_version present and NO criterion, NO origin is NOT legacy (48.106ms)
✔ criteria-coverage: the phase-3 shape (marker, 7 criterion, 0 origin) is not legacy and does not break (47.805994ms)
✔ criteria-coverage: a marked checklist whose links are intact is unaffected by the marker (52.290719ms)
✔ criteria-coverage: legacy still applies when the CONTEXT declares no AC ids (47.975719ms)
✔ criteria-coverage: legacy applies with no acceptance-criteria heading at all (48.281506ms)
✔ criteria-coverage: a near-miss criteria heading takes the break arm, not the exemption (47.606511ms)
✔ criteria-coverage: a missing colon is a DECLARED id - the fieldless checklist beside it breaks, it does not exempt (49.666303ms)
✔ criteria-coverage: emphasis around the id is a DECLARED id - the fieldless checklist beside it breaks, it does not exempt (45.611081ms)
✔ criteria-coverage: an indented criterion bullet is a DECLARED id - the fieldless checklist beside it breaks, it does not exempt (47.991981ms)
✔ criteria-coverage: an unboxed bullet is a DECLARED id - the fieldless checklist beside it breaks, it does not exempt (49.400503ms)
✔ criteria-coverage: a non-dash marker is a DECLARED id - the fieldless checklist beside it breaks, it does not exempt (53.164016ms)
✔ criteria-coverage: a criterion written as a heading is a DECLARED id - the fieldless checklist beside it breaks, it does not exempt (51.528027ms)
✔ criteria-coverage: an ordered list item is a DECLARED id - the fieldless checklist beside it breaks, it does not exempt (51.123881ms)
✔ criteria-coverage: a bullet whose PROSE names an id declares nothing - still legacy (47.499284ms)
✔ criteria-coverage: no criterion but at least one origin is NOT legacy - every criterion breaks (45.260078ms)
✔ criteria-coverage: an EMPTY checklist is not legacy - the drop itself, every criterion breaks (48.170914ms)
✔ criteria-coverage: an unchecked roadmap box counts uncovered but contributes no break (46.863434ms)
✔ criteria-coverage: an absent CONTEXT.md leaves the phase out of the envelope, ok:true (49.383521ms)
✔ criteria-coverage: a CHECKED phase with criteria and no UAT.md breaks as missing-uat (49.51894ms)
✔ criteria-coverage: an UNCHECKED phase with no UAT.md counts uncovered but never breaks (47.924079ms)
✔ criteria-coverage: a phase with no CONTEXT and no UAT is still exempt - the pruned case (47.881337ms)
✔ criteria-coverage: a CONTEXT.md at chmod 000 breaks instead of being exempted (48.578044ms)
✔ criteria-coverage: a CONTEXT.md that is a DIRECTORY takes the same break (49.686221ms)
✔ criteria-coverage: an UNCHECKED phase with an unreadable CONTEXT still breaks (46.28823ms)
✔ criteria-coverage: a near-miss criteria heading is reported, not silent (52.074414ms)
✔ criteria-coverage: a CONTEXT of bare bullets surfaces criterion-unidded, additively (46.916676ms)
✔ criteria-coverage: a criterion value naming no declared id reports unknown_criterion (52.799685ms)
✔ criteria-coverage: the counts identity holds across a mixed tree (48.49778ms)
✔ criteria-coverage: every run states the plugin version and the UAT fields version (50.289819ms)
✔ criteria-coverage: CADENCE_PLUGIN_MANIFEST pins the version the run reports (48.635314ms)
✔ criteria-coverage: an unreadable manifest reports version.plugin null, never a throw (49.548166ms)
✔ criteria-coverage: CADENCE_PLUGIN_MANIFEST without the sentinel is ignored (99.744425ms)
✔ criteria-coverage: an absent ROADMAP.md degrades with no-roadmap (53.646611ms)
✔ criteria-size: under the floor and over the ceiling are both named, heading `**Success Criteria:**` (56.319482ms)
✔ criteria-size: under the floor and over the ceiling are both named, heading `Success criteria:` (52.428134ms)
✔ criteria-size: an absent CONTEXT.md is not-found, never compared, and never a pass (54.913544ms)
✔ criteria-size: a CONTEXT that declared its criteria IS compared, both bounds (53.297804ms)
✔ criteria-size: no ceiling flags compares nothing and reports within: null (52.336178ms)
✔ criteria-size: a phase with no criteria heading is not-found, and a floor never fires on it (46.137201ms)
✔ criteria-size: a non-integer bound is bad-args, never a coerced comparison (94.220467ms)
✔ plan-overlap: block-form files: lists intersect like inline ones (#48.1) (45.312238ms)
✔ plan-overlap: a comment line inside each files: block list does not truncate it - both share src/shared.rs (D-04 acceptance criterion) (49.190641ms)
✔ audit + plan-overlap: a stray line BETWEEN two block ids is reported and skipped, not a terminator (152.609649ms)
✔ audit + plan-overlap: the frontmatter_issues diagnostic is not key-scoped (144.984005ms)
✔ cursor get: parses the canonical schema; missing file is no-cursor (100.108268ms)
✔ cursor get: malformed STATE.md degrades to unparseable-cursor (45.623234ms)
✔ cursor set: falls back to the existing cursor when ROADMAP is absent (45.200022ms)
✔ cursor set: a --phase spelling that cannot round-trip is refused, STATE.md untouched (D-07) (240.223397ms)
✔ cursor set: derives name/total from ROADMAP, stamps today, writes 4 lines (50.176192ms)
✔ cursor set: derives `of 0 (no active cycle)` from a pruned roadmap, with no --name/--total (48.454448ms)
✔ cursor set: the closed cursor it writes round-trips through cursor get, never unparseable-cursor (94.193725ms)
✔ cursor set: the closed arm beats the prior cursor, so a stale total is not inherited (51.7542ms)
✔ cursor set: --status paused preserves a non-zero prior total, so a pause cannot erase the interrupted-close evidence (102.034251ms)
✔ cursor set: paused preserves nothing when the prior cursor names a different phase (50.86799ms)
✔ cursor set: every non-paused status still derives of 0 against a stale prior cursor (196.259336ms)
✔ cursor set: an out-of-grammar roadmap is broken, not closed - still cannot-derive (47.893521ms)
✔ cursor set: rejects a status outside the lifecycle (54.382043ms)
✔ cursor set: a non-integer --total is bad-args and writes nothing (#42) (92.891865ms)
✔ cursor set: --total -2 is bad-args and leaves a readable cursor (148.210785ms)
✔ cursor set: --total 1e21 is bad-args and leaves a readable cursor (145.927663ms)
✔ cursor set: --total 1.5 is bad-args and leaves a readable cursor (144.669881ms)
✔ cursor set: --phase -1 is bad-args and leaves a readable cursor (148.845113ms)
✔ cursor set: --phase 1e21 is bad-args and leaves a readable cursor (156.719403ms)
✔ cursor set: a decimal phase insertion (2.1) is still accepted (105.043926ms)
✔ cursor set: no ROADMAP and no flags cannot derive (50.380653ms)
✔ cursor set: --next-file writes the STATE.md the inline value writes (159.11608ms)
✔ cursor set: a --next-file value no shell could expand lands verbatim (103.644688ms)
✔ cursor set: a TWO-LINE --next-file is bad-args - the cursor is four lines (167.088139ms)
✔ cursor set: every --next-file refusal is bad-args, STATE.md byte-unchanged (322.720183ms)
✔ usage: unknown subcommand degrades, never crashes (52.122035ms)
✔ debt-harvest: a planted marker is collected with its ceiling and trigger (64.171071ms)
✔ debt-harvest: the 19 conventional markers contribute NOTHING (AC5) (54.820975ms)
✔ debt-harvest: an untracked file and an ignored node_modules contribute nothing (AC5) (58.836392ms)
✔ debt-harvest: a FORCE-ADDED node_modules file is enumerated and still skipped (55.772912ms)
✔ debt-harvest: running twice leaves CAPTURE.md byte-identical (AC6) (106.595625ms)
✔ debt-harvest: ## Todos is never touched, and a deleted marker disappears (AC6) (108.83888ms)
✔ debt-harvest: a fenced ## line in someone else's bullet is never touched (D-12) (56.164173ms)
✔ debt-harvest: the section bound reads a fence, so stale debris cannot survive (D-12) (53.148376ms)
✔ debt-harvest: a FENCED example of the owned heading is not mistaken for it (56.007362ms)
✔ debt-harvest: a TRACKED CAPTURE.md already holding a section stays idempotent (112.974377ms)
✔ debt-harvest: a malformed marker is reported, never dropped (54.983317ms)
✔ debt-harvest: a tracked SYMLINK out of the tree contributes nothing (56.836013ms)
✔ debt-harvest: a non-git root is ok:false, never a zero-marker answer (51.97271ms)
✔ debt-harvest: a --root present with nothing usable is refused, never the cwd (93.135834ms)
✔ debt-harvest: an absent CAPTURE.md is created with the /cad-capture headings (54.639408ms)
✔ debt-harvest: a planning doc QUOTING a literal marker is not harvested (57.547498ms)
✔ deferred record: the member lands beside the sibling REVIEW discriminator (106.355615ms)
✔ deferred record: a second call refuses instead of overwriting the queue member (212.282807ms)
✔ deferred record: --trigger and --discriminator are refused by the FILENAME rule (267.614322ms)
✔ deferred record: a malformed finding is refused in buildEntries own words (151.073051ms)
✔ deferred record: an absent phase directory is refused, never minted (96.52014ms)
✔ deferred list: a member is queued until its ADJUDICATION sibling is beside it (254.881403ms)
✔ deferred list: a round 2 member is superseded by round 2 and by nothing else (268.969838ms)
✔ deferred list: both homes are read, and --phase narrows to one (209.393368ms)
✔ deferred list: an unreadable directory refuses instead of reporting an empty queue (102.7378ms)
✔ deferred list: a member that cannot be read lands on the same refusing list (108.922969ms)
✔ deferred list: an ADJUDICATION symlink does not settle a member (163.904752ms)
✔ status: the deferred block is on EVERY envelope, off the same derivation (220.837646ms)
✔ status: an unreadable queue rides the envelope without failing the status (54.331274ms)
✔ deferred carry: the unadjudicated members move, the settled ones are pruned with the phase (157.362435ms)
✔ deferred carry: a destination that already exists refuses, and moves NOTHING (230.897131ms)
✔ deferred carry: an unreadable phase refuses BEFORE the prune deletes it (107.875537ms)
✔ deferred carry: a symlink squatting the destination is refused, never followed (109.607411ms)
✔ deferred carry: a symlink squatting the PARENT is refused too (103.274507ms)
✔ deferred carry: a phase with nothing queued is an answer, not a refusal (104.185294ms)
✔ adjudication + deferred record: a carried fire resolves its home in deferred/<N>/ (332.47683ms)
✔ adjudication + deferred record: the live phase directory still wins (185.826906ms)
✔ adjudication + deferred record: with NEITHER home present the refusal names both (175.741001ms)
✔ adjudication + deferred record: a symlink at the carried home is refused, never followed (109.587982ms)
✔ detect-commands: a package.json lint script is the command (49.72689ms)
✔ detect-commands: both package.json typecheck spellings (98.164104ms)
✔ detect-commands: Cargo.toml answers both slots (50.659649ms)
✔ detect-commands: pyproject.toml answers per TABLE, not per file (151.517494ms)
✔ detect-commands: go.mod answers both slots (50.636405ms)
✔ detect-commands: an eslint config, flat or legacy, is the last lint arm (93.815639ms)
✔ detect-commands: the project's own script beats a tool config in the same tree (51.944886ms)
✔ detect-commands: two EXACT tsconfig names, each with the form that points at it (94.866434ms)
✔ detect-commands: a tree carrying BOTH tsconfigs answers with the project's own (54.847445ms)
✔ detect-commands: a NEAR-miss tsconfig name still matches nothing (47.148811ms)
✔ detect-commands: nothing detected is ok:true with both null (48.283308ms)
✔ detect-commands: a malformed package.json warns and contributes nothing (45.655045ms)
✔ detect-commands: a malformed package.json does not block a later arm (49.945739ms)
✔ detect-commands: a scripts block that is not an object is not read as one (48.358894ms)
✔ detect-commands: the root is read one directory deep, never recursively (48.191713ms)
✔ detect-commands: an unlistable root is ok:false, never a silent nothing (51.597278ms)
✔ detect-commands: an unreachable winning arm nulls its slot and never falls through (51.438964ms)
✔ detect-commands: an npx arm probes the DELEGATED tool, not the driver alone (96.521119ms)
✔ detect-commands: the LIVE probe resolves a delegated tool out of node_modules/.bin (49.302775ms)
✔ detect-commands: an EMPTY reachable set means nothing is reachable (52.419947ms)
✔ detect-commands: the reachable set WITHOUT the sentinel is ignored (50.865905ms)
✔ detect-commands: --root with nothing after it is bad-args, not answered about cwd (51.480003ms)
✔ detect-commands: an empty --root "" is bad-args, not answered about cwd (51.3843ms)
✔ detect-commands: a whitespace-only --root is bad-args, not answered about cwd (55.260368ms)
✔ detect-surfaces: --root with nothing after it is bad-args, not answered about cwd (54.900978ms)
✔ detect-surfaces: an empty --root "" is bad-args, not answered about cwd (53.228678ms)
✔ detect-surfaces: a whitespace-only --root is bad-args, not answered about cwd (55.556726ms)
✔ detect-commands: a real --root still answers about THAT tree (51.569895ms)
✔ detect-surfaces: a real --root still answers about THAT tree (53.956305ms)
✔ grammar: template requirements: [] with its trailing comment (3.165385ms)
✔ grammar: template files: [] with its trailing comment (0.160869ms)
✔ grammar: inline quoted (0.205815ms)
✔ grammar: inline unquoted (0.146792ms)
✔ grammar: inline with a bracketed trailing comment (0.103508ms)
✔ grammar: inline mixing a quoted #-shaped id with an unquoted one (0.089592ms)
✔ grammar: unterminated inline list (no closing bracket) (0.097467ms)
✔ grammar: trailing content after the closing bracket (0.067199ms)
✔ grammar: a two-space block list (0.146762ms)
✔ grammar: a block list with a comment heading it (0.187349ms)
✔ grammar: a comment splitting a block list (0.116734ms)
✔ grammar: a blank line inside a block list (0.062319ms)
✔ grammar: termination at the next key line (0.034526ms)
✔ grammar: termination at the closing fence (0.031801ms)
✔ grammar: a block item that is entirely a comment (0.028074ms)
✔ grammar: a block item `- "#41"` (0.022053ms)
✔ grammar: a bare `-` item (0.021361ms)
✔ grammar: a quoted scalar (0.020279ms)
✔ grammar: an unquoted scalar (0.017433ms)
✔ grammar: a key line whose remainder is entirely a `# ` comment (0.016302ms)
✔ grammar: the #TODO no-space comment form (0.016011ms)
✔ grammar: a whole-file CRLF variant (0.034236ms)
✔ grammar: a leading blank line before the fence (0.018315ms)
✔ grammar: a BOM before the fence (0.094381ms)
✔ grammar: an unterminated fence (0.031842ms)
✔ grammar: a missing key (0.02596ms)
✔ grammar: a file with no frontmatter at all (0.038934ms)
✔ grammar: a prose requirements: line below the closing fence contributes nothing (0.042321ms)
✔ grammar: unterminated quote INLINE (an apostrophe with no closing quote) (0.043854ms)
✔ grammar: unterminated quote as a SCALAR (0.034546ms)
✔ grammar: unterminated quote as a BLOCK ITEM (0.039496ms)
✔ grammar: a stray line BETWEEN two block items - both survive, plus one issue (0.068081ms)
✔ grammar: a stray line between two inline keys - items unaffected, issue still reported (0.051789ms)
✔ grammar: a quoted block item with a trailing annotation (0.046429ms)
✔ grammar: an unquoted block item with a trailing annotation (D-18 symmetry) (0.589401ms)
✔ grammar: a quoted #-shaped block item with stray trailing content (0.043954ms)
✔ grammar: a quoted #-shaped scalar with stray trailing content (0.027032ms)
✔ grammar: an inline list element with stray trailing content dedupes to one issue (0.039566ms)
✔ grammar: an apostrophe inside a double-quoted value is in the grammar - no residual-quote (0.027222ms)
✔ grammar: a one-element backslash escape is detected, not silently fabricated (D-20) (0.02584ms)
✔ grammar: an unquoted value containing either quote character (D-20) (0.02586ms)
✔ grammar: the D-20 two-element escape case reports both codes on the one fabricated fragment (0.029486ms)
✔ grammar: a backtick-WRAPPED value is reported, payload kept byte-exact (UAT-21) (0.027723ms)
✔ grammar: a backtick INSIDE a value is a legal path character - no diagnostic (UAT-21 over-fire guard) (0.028044ms)
✔ grammar: a half-wrapped value (leading backtick only) is reported (UAT-21) (0.0363ms)
✔ grammar: a half-wrapped value (trailing backtick only) is reported (UAT-21) (0.029367ms)
✔ grammar: a backtick wrap followed by punctuation is reported (UAT-21) (0.025018ms)
✔ grammar: a backtick-wrapped id survives the # rule as a lone backtick and is reported, not minted silently (UAT-21) (0.035829ms)
✔ grammar: a backtick-wrapped path containing a space reports both its codes (UAT-21) (0.033424ms)
✔ grammar: a bare `-` with no trailing whitespace is not an item - unknown-line (UAT-12) (0.025879ms)
✔ grammar: a `- ` with a trailing space is an empty item - contributes nothing, no issue (UAT-12) (0.024547ms)
✔ grammar: a `-` followed by a TAB is an empty item too - any whitespace serves (UAT-12) (0.027563ms)
✔ grammar: a dash followed directly by non-whitespace is not an item either - unknown-line (UAT-12) (0.035678ms)
✔ grammar: items under an inline [] key report item-without-key, one per line (0.042832ms)
✔ grammar: a block item with no key at all (0.030338ms)
✔ grammar: a non-empty inline list key followed by a block item still opens no block (0.036941ms)
✔ grammar: a no-space key line is malformed-key-line, not silently parsed or unknown-line (0.027012ms)
✔ grammar: a commented-out key line folds the next key's items into the previous key (D-14 accepted cost), pinned exactly (0.032512ms)
✔ grammar: an ordinary prose comment that happens to be key-shaped reports commented-key-line too, accepted noise (0.03098ms)
✔ grammar: a column-0 bare URL is malformed-key-line, never parsed as key http value //example.com (0.024376ms)
✔ grammar: a comment-only line that is NOT key-shaped does not over-fire commented-key-line (0.028254ms)
✔ grammar: a backtick-wrapped goal: scalar raises nothing on a files: read (0.052701ms)
✔ grammar: the same defect under files: itself still reports, on the same read (0.034687ms)
✔ grammar: a value-level defect owned by requirements: still reaches a files: read (0.029496ms)
✔ grammar: a structural unknown-line inside requirements: still appears on a files: read (0.03153ms)
✔ grammar: an unterminated quote under goal: is scoped away, not reported to a files: read (0.029667ms)
✔ grammar: the two bracket-level codes are not gated: goal: keeps reporting them (0.029016ms)
✔ grammar: an item with no block key open reports item-without-key even when its value-level code is scoped away (0.042231ms)
✔ planning-files: unknown-line issue carries the correct line number and text (0.109801ms)
✔ planning-files: malformed-key-line issue carries the correct line number and text (0.071097ms)
✔ planning-files: unterminated-frontmatter issue carries the opening fence line number (0.048523ms)
✔ planning-files: the shipped templates/PLAN.md frontmatter reads empty and clean (0.1512ms)
✔ planning-files: a path added under the template's bare files: block key is read, not dropped (0.175677ms)
✔ parsePlanFiles: bold reports markdown-decorated-path (0.407372ms)
✔ parsePlanFiles: underscore bold reports markdown-decorated-path (0.099521ms)
✔ parsePlanFiles: asterisk italic reports markdown-decorated-path (0.065035ms)
✔ parsePlanFiles: underscore italic reports markdown-decorated-path (0.058623ms)
✔ parsePlanFiles: autolink reports markdown-decorated-path (0.053562ms)
✔ parsePlanFiles: bare bracket wrap reports markdown-decorated-path (0.053703ms)
✔ parsePlanFiles: link form reports markdown-decorated-path (0.063752ms)
✔ parsePlanFiles: matched interior backtick pair reports markdown-decorated-path (0.063732ms)
✔ parsePlanFiles: plain path does not report markdown-decorated-path (0.045107ms)
✔ parsePlanFiles: one interior backtick does not report markdown-decorated-path (0.043183ms)
✔ parsePlanFiles: leading underscore only does not report markdown-decorated-path (0.044144ms)
✔ parsePlanFiles: trailing underscore only does not report markdown-decorated-path (0.028124ms)
✔ parsePlanFiles: interior underscores does not report markdown-decorated-path (0.037061ms)
✔ parsePlanFiles: unmatched bracket does not report markdown-decorated-path (0.034947ms)
✔ parsePlanFiles: every decorated shape survives in files byte-exact beside its diagnostic (0.157502ms)
✔ parsePlanFiles: a backtick-WRAPPED path reports the boundary code alone, not decoration too (0.129629ms)
✔ parsePlanFiles: the decoration rule does not reach the - **Files:** task arm (D-06) (0.163915ms)
✔ normalize: CRLF to LF (0.076066ms)
✔ normalize: a lone CR to LF (0.024337ms)
✔ normalize: a BOM is stripped (0.024427ms)
✔ normalize: plain LF text is returned unchanged (0.021522ms)
✔ phase-list: a single canonical entry (0.610832ms)
✔ phase-list: several canonical entries mixing checked and unchecked boxes (0.089311ms)
✔ phase-list: a decimal insertion sorts between its neighbours (0.086656ms)
✔ phase-list: a CRLF checkout parses live, not as a near-miss scan (0.059073ms)
✔ phase-list: canonical entries plus their ### Phase N: details report no issues (the checkbox list is the phase set) (0.05212ms)
✔ phase-list: an empty ## Phases section is a closed milestone (0.101935ms)
✔ phase-list: ordinary prose carrying no phase token is still closed (0.049655ms)
✔ phase-list: a stray `- [ ] decide scope` bullet carries no number, so it is not a near miss (0.044495ms)
✔ phase-list: a bolded **Phase word with no number is prose, not a near miss (0.040698ms)
✔ phase-list: a fully pruned template-shaped roadmap - empty ## Phases and a bare ## Phase Details heading - is closed (0.032132ms)
✔ phase-list: a roadmap with no ## Phases heading at all (0.029026ms)
✔ phase-list: phase-bullet: `- Phase 1: Ship auth` (no checkbox, no bold) (0.078851ms)
✔ phase-list: phase-bullet: `- ✓ Phase 1: Auth` (a tick instead of a checkbox) (0.267012ms)
✔ phase-list: phase-bullet: `- [ ] Phase 1: Auth` (checkbox, unbolded) (0.060226ms)
✔ phase-list: phase-bullet: `- [ ] **Phase 1 Auth**` (bolded, no colon) (0.038073ms)
✔ phase-list: phase-heading: a ### Phase 1: detail surviving a wiped checkbox list (0.025769ms)
✔ phase-list: phase-heading: `## Phase 12: Auth` written as a section heading (0.032583ms)
✔ phase-list: phase-ordered-item: `1. Phase 1: Auth` (0.056659ms)
✔ phase-list: phase-ordered-item: `1) Phase 1: Auth` (0.046209ms)
✔ phase-list: phase-table-row: `| Phase 1 | Auth |` (0.049736ms)
✔ phase-list: phase-prose-line: the catch-all, so a shape outside the grammar is never silent (0.044004ms)
✔ phase-list: phase-outside-section: a canonical entry under a LATER ## heading (0.033675ms)
✔ phase-list: phase-outside-section beats phase-bullet: the shape tests cannot tell them apart (0.0313ms)
✔ phase-list: a canonical entry INSIDE ## Phases is live, never phase-outside-section (0.038043ms)
✔ phase-list: one issue per line, in line order, across mixed shapes (0.035127ms)
✔ classifyPhaseList: the surviving-detail issue carries its exact line, code and text (0.073051ms)
✔ classifyPhaseList: the shipped templates/ROADMAP.md is no-section, not two phantom phases (0.14568ms)
✔ classifyPhaseList: a fenced example above a real section reads the REAL phases (0.125942ms)
✔ classifyPhaseList: a fenced phase token inside the section raises no issue (0.071457ms)
✔ cutPhaseDetail: a bare `### Phase N:` heading and its body are cut on a CRLF checkout (0.200485ms)
✔ cutPhaseDetail: a named `### Phase N: Name` heading and its body are cut on a CRLF checkout (0.12524ms)
✔ parseRoadmapPhases: a CRLF checkout parses to real phases (0.084573ms)
✔ parseRoadmapPhases: a lone-CR file stays unparseable, so write paths never see it (0.055927ms)
✔ classifyPhaseList: a lone-CR file is no-section, not live (0.042231ms)
✔ setPhaseBox: a CRLF line is flipped in place with its `\r` intact (0.137724ms)
✔ setPhaseBox: a lone-CR file matches nothing - the parse path must not have let it here (0.066608ms)
✔ phaseCriteria: the template spelling `**Success Criteria:**` is counted (0.29205ms)
✔ phaseCriteria: the bare `Success criteria:` spelling reads the same count (0.076147ms)
✔ phaseCriteria: a block with no criteria heading is not-found, never zero (0.053182ms)
✔ phaseCriteria: a phase's block ends at the next heading, so the next phase's criteria are not its own (0.08837ms)
✔ phaseCriteria: a fenced example inside the block does not inflate the count (0.052651ms)
✔ phaseCriteria: a heading that exists only inside a fence is not-found (0.042902ms)
✔ parseActiveIds: a plain bullet (0.28647ms)
✔ parseActiveIds: a checkbox bullet (0.045076ms)
✔ parseActiveIds: an unbolded bullet is ignored, no fallback guess (0.11992ms)
✔ parseActiveIds: a duplicate id is de-duplicated first-occurrence-wins (0.069884ms)
✔ parseActiveIds: an absent ## Active heading returns null, not [] (0.043974ms)
✔ parseActiveIds: a present-but-empty ## Active heading returns [] (0.0987ms)
✔ parseActiveIds: a ## Active-shaped list under a later heading is not read (0.075665ms)
✔ active-section: a plain bold bullet declares its id (0.074243ms)
✔ active-section: an unchecked `- [ ]` bullet declares its id (0.033063ms)
✔ active-section: a checked `- [x]` bullet declares its id (0.05219ms)
✔ active-section: a duplicate id is de-duplicated first-occurrence-wins (0.023765ms)
✔ active-section: an absent ## Active heading is ids null, NOT [] and NOT an issue (0.018375ms)
✔ active-section: a present-but-empty ## Active heading is [] with no issues (0.021721ms)
✔ active-section: an ## Active-shaped list under a LATER ## heading is not read (0.019848ms)
✔ active-section: a CRLF checkout parses its bold bullet with no issue (0.021381ms)
✔ active-section: an indented continuation line naming another id is not an issue (0.080023ms)
✔ active-section: active-non-id-bullet: a prose bold bullet is STILL an id - the sharp edge, reported (0.040488ms)
✔ active-section: active-non-id-bullet: a prose bold bullet naming NO id token at all still reports (0.022693ms)
✔ active-section: active-non-id-bullet: a colon INSIDE the bold span - the id is not normalized, it is reported (0.025228ms)
✔ active-section: active-multi-id-bullet: a second id-shaped bold span is reported, not dropped silently (0.046499ms)
✔ active-section: active-multi-id-bullet: three ids report ONCE for the line, not once per extra span (0.024327ms)
✔ active-section: active-multi-id-bullet: ordinary emphasis is NOT an extra id - nothing is dropped, nothing reported (0.026671ms)
✔ active-section: active-multi-id-bullet: the issue-form `#41` counts as an extra id too (0.024076ms)
✔ active-section: active-non-id-bullet: a bold span carrying the id plus prose (0.029126ms)
✔ active-section: the `#41` issue spelling IS id-shaped in a bold span - no issue (0.018946ms)
✔ active-section: a digit-leading category with a letter in it IS an id - reports nothing (PRS-02) (0.018305ms)
✔ active-section: a category with NO letter at all is still held out and reported (0.020109ms)
✔ active-section: a digit-leading id UNBOLDED is SILENT - REQ_ID_TOKEN keeps its letter head (0.017193ms)
✔ active-section: a non-id bold bullet BESIDE real ones: the real ids parse, only the phantom reports (0.032853ms)
✔ active-section: active-table-row: the v1.3.1 milestone-ask table parses to NO ids and reports every row (0.024487ms)
✔ active-section: active-table-row: that same table BESIDE a real bullet - the id parses AND both rows still report (0.032954ms)
✔ active-section: active-table-row: the `#41` issue-id spelling is an id token too (0.02604ms)
✔ active-section: active-unbolded-bullet: `- AUD-01: text` declares nothing and says so (0.033915ms)
✔ active-section: an unbolded bullet carrying NO id token is ordinary prose, no issue (0.027864ms)
✔ active-section: active-indented-bullet: a BOLDED sub-bullet is unread for its indent, not its bolding (0.031951ms)
✔ active-section: active-indented-bullet: an unbolded indented bullet reports the indent too (0.033594ms)
✔ active-section: active-nondash-bullet: a column-0 `*` bullet is legal GFM the grammar does not read (0.022624ms)
✔ active-section: active-nondash-bullet: a `+` marker reports the same way (0.024837ms)
✔ active-section: active-ordered-item: `1. AUD-01: text` (0.019026ms)
✔ active-section: active-heading: a `### AUTH-01` sub-heading inside the section (0.018716ms)
✔ active-section: active-prose-line: a section authored entirely as prose is never silent (0.039426ms)
✔ active-section: active-prose-line: a CLOSED milestone naming its shipped ids reports NOTHING (0.028184ms)
✔ active-section: active-prose-line: prose naming ONE id the file records nowhere else still reports (0.023164ms)
✔ active-section: active-prose-line: a bullet declaring NO ADMISSIBLE id does not silence the prose line (0.028063ms)
✔ active-section: the SAME prose line beside real bullets reports NOTHING - the intro-paragraph guard (0.035658ms)
✔ active-section: one issue per line, in line order, across mixed shapes (0.039696ms)
✔ classifyActiveSection: the shipped templates/REQUIREMENTS.md declares nothing (0.118427ms)
✔ classifyActiveSection: a fenced example above a real section reads the REAL ids (0.057411ms)
✔ classifyActiveSection: a fenced `## ` inside the section neither ends it nor declares an id (0.051529ms)
✔ acceptance-criteria: the canonical bullet parses to {id, text} (0.288945ms)
✔ acceptance-criteria: a checked `- [x]` bullet is still a criterion (0.053824ms)
✔ acceptance-criteria: a capital `- [X]` checkbox is still a criterion (0.138466ms)
✔ acceptance-criteria: a two-digit id parses as itself (0.057942ms)
✔ acceptance-criteria: several criteria keep presentation order (0.029627ms)
✔ acceptance-criteria: a wrapped criterion joins its continuation lines with one space (0.075565ms)
✔ acceptance-criteria: a continuation line naming another AC<N> reports NOTHING - the silence the rule buys (0.019477ms)
✔ acceptance-criteria: a trailing (human-verify: ...) suffix stays in the text verbatim (D-11) (0.018045ms)
✔ acceptance-criteria: a CRLF checkout parses exactly as its LF twin (0.019588ms)
✔ acceptance-criteria: a lone-CR file parses too - this is a pure reader, so `normalize` applies (D-03) (0.019577ms)
✔ acceptance-criteria: an absent heading is criteria null, NOT [] and NOT an issue (0.053202ms)
✔ acceptance-criteria: criteria-heading-near-miss: a capital C drops the whole section, so it is reported (0.054715ms)
✔ acceptance-criteria: criteria-heading-near-miss: a trailing colon (0.77613ms)
✔ acceptance-criteria: criteria-heading-near-miss: the wrong heading level (0.018655ms)
✔ acceptance-criteria: criteria-heading-near-miss is reported ONCE - the section is singular (0.014678ms)
✔ acceptance-criteria: the exact heading wins over a near-miss elsewhere in the file (0.028435ms)
✔ acceptance-criteria: a present-but-empty heading is [] with no issues (0.015079ms)
✔ acceptance-criteria: a criterion-shaped bullet under a LATER ## heading is not read (0.019166ms)
✔ acceptance-criteria: a criterion-shaped bullet inside a fence is an EXAMPLE, not a criterion (0.031059ms)
✔ acceptance-criteria: an out-of-grammar shape inside a fence reports nothing either (0.019267ms)
✔ acceptance-criteria: a ## line inside a fence does not bound the section (0.028855ms)
✔ acceptance-criteria: a tilde fence closes only on tildes at least as long (0.024297ms)
✔ acceptance-criteria: a fenced heading is not the section heading (0.031761ms)
✔ acceptance-criteria: ordinary prose naming no AC<N> token is silent (0.024768ms)
✔ acceptance-criteria: criterion-unidded: a bare checkbox bullet - the legacy shape, the central diagnostic (0.129208ms)
✔ acceptance-criteria: criterion-unidded fires on a bullet naming NO id token at all (checked before the token gate) (0.04661ms)
✔ acceptance-criteria: criterion-unidded: a bullet whose PROSE names an id is still unidded, not malformed (0.043363ms)
✔ acceptance-criteria: criterion-malformed-id: a second space after the checkbox (a list re-indent) (0.024377ms)
✔ acceptance-criteria: criterion-malformed-id: emphasis around the id token (0.025349ms)
✔ acceptance-criteria: criterion-malformed-id: a lowercase ac1 - the token is case-sensitive (0.024417ms)
✔ acceptance-criteria: criterion-malformed-id: the colon is missing (0.025288ms)
✔ acceptance-criteria: criterion-duplicate-id: the second bullet reusing an id is reported and NOT pushed (0.032994ms)
✔ acceptance-criteria: criterion-empty-text: reported AND still pushed with an empty text (parse-then-diagnose) (0.032442ms)
✔ acceptance-criteria: criterion-unboxed-bullet: no checkbox, so not a criterion (0.030218ms)
✔ acceptance-criteria: criterion-nondash-bullet: legal GFM, but the grammar reads `-` only (0.017734ms)
✔ acceptance-criteria: criterion-indented-bullet: an indented criterion with nothing open (0.014016ms)
✔ acceptance-criteria: criterion-indented-bullet: the continuation exception - an indented AC bullet UNDER an open criterion (0.0153ms)
✔ acceptance-criteria: criterion-ordered-item: a numbered list item (0.015009ms)
✔ acceptance-criteria: criterion-heading: a criterion written as a heading (0.016151ms)
✔ acceptance-criteria: criterion-prose-line: the catch-all - phase 5s own CONTEXT footer (0.014498ms)
✔ acceptance-criteria: one issue per line, in line order, across mixed shapes beside a real criterion (0.014648ms)
✔ classifyAcceptanceCriteria: an issue carries its exact line, code and truncated text (0.040638ms)
✔ acceptance-criteria declaresIds: a parsed criterion declares its id (0.024477ms)
✔ acceptance-criteria declaresIds: a missing colon is still a declaration (0.013215ms)
✔ acceptance-criteria declaresIds: emphasis around the token is still a declaration (0.011462ms)
✔ acceptance-criteria declaresIds: a backticked token is still a declaration, though its code is unidded (0.011863ms)
✔ acceptance-criteria declaresIds: a lowercase ac1 is still a declaration (0.011282ms)
✔ acceptance-criteria declaresIds: a second space after the checkbox is still a declaration (0.011181ms)
✔ acceptance-criteria declaresIds: an indented criterion bullet is still a declaration (0.011452ms)
✔ acceptance-criteria declaresIds: an unboxed bullet is still a declaration (0.011613ms)
✔ acceptance-criteria declaresIds: a non-dash marker is still a declaration (0.012093ms)
✔ acceptance-criteria declaresIds: a criterion written as a heading is still a declaration (0.013586ms)
✔ acceptance-criteria declaresIds: an ordered list item is still a declaration (0.011993ms)
✔ acceptance-criteria declaresIds: a bare `AC1: text` prose line is still a declaration (0.012273ms)
✔ acceptance-criteria declaresIds: bare checkbox bullets declare nothing - the pre-id shape (0.012774ms)
✔ acceptance-criteria declaresIds: a bullet whose PROSE names an id declares nothing - the head is empty (0.011862ms)
✔ acceptance-criteria declaresIds: a prose line mentioning an id mid-sentence declares nothing (0.012474ms)
✔ acceptance-criteria declaresIds: a criterion inside a fence is an EXAMPLE and declares nothing (0.013706ms)
✔ acceptance-criteria declaresIds: a present-but-empty section declares nothing (0.025309ms)
✔ acceptance-criteria declaresIds: an absent heading declares nothing (0.023706ms)
✔ acceptance-criteria declaresIds: a near-miss heading is unknown, never none - its section is never walked (0.020068ms)
✔ acceptance-criteria declaresIds: a near-miss heading is unknown even when nothing under it names an id (0.014558ms)
✔ classifyAcceptanceCriteria: phases 1-4 of this repo read AC1-AC7 with no issues (0.10409ms)
✔ isRequirementId: the whole string and nothing else, in both shipped spellings (0.038163ms)
✔ classifyActiveSection: the v1.3.1 table issues carry their exact line, code and text (0.079232ms)
✔ insertReqRows: insertion into an empty table lands directly under the separator, prose byte-identical after (0.260329ms)
✔ insertReqRows: insertion after existing rows appends below the last one (0.084943ms)
✔ insertReqRows: a re-insert of the same id reports skipped and returns byte-identical text (0.09409ms)
✔ insertReqRows: a differing phase is reported in mismatched, and the row is still skipped (0.065125ms)
✔ insertReqRows: a CRLF fixture gets a CRLF row (0.078952ms)
✔ insertReqRows: a table with no separator returns no-traceability-table, text unchanged (0.089351ms)
✔ traceability: a fenced-only heading is not the section - no rows are parsed (0.052601ms)
✔ traceability: a fenced-only heading is not written to - setReqStatus returns byte-identical text (0.090003ms)
✔ traceability: a fenced-only heading is no-traceability-table - the table is never fabricated (0.044916ms)
✔ traceability: with a real section below the fence, only the real rows parse (0.048303ms)
✔ traceability: setReqStatus writes the real row and leaves the fenced example alone (0.118418ms)
✔ traceability: insertReqRows lands under the REAL separator, below the real last row (0.078741ms)
✔ traceability: a fenced `## ` inside the section does not end it (0.077689ms)
✔ atomicWrite: a DIRECTORY squatting <file>.tmp does not stop the write (0.300086ms)
✔ atomicWrite: two concurrent writers of one target land one payload whole (92.258762ms)
✔ atomicWrite: a symlink at every candidate temp path is refused, nothing written through it (1.031229ms)
✔ atomicWrite: the audit's <file>.tmp reproduction writes nothing outside the tree (0.176148ms)
✔ capture-tag: (phase N) (0.351705ms)
✔ capture-tag: (phase N) behind an unchecked box (0.150729ms)
✔ capture-tag: (phase N) behind a checked box (0.063592ms)
✔ capture-tag: (phase N.M) (0.066728ms)
✔ capture-tag: (phase N.M) behind an unchecked box (0.047751ms)
✔ capture-tag: (phase N.M) behind a checked box (0.039516ms)
✔ capture-tag: (vX.Y.Z phase N) (0.03634ms)
✔ capture-tag: (vX.Y.Z phase N) behind an unchecked box (0.03637ms)
✔ capture-tag: (vX.Y.Z phase N) behind a checked box (0.037572ms)
✔ capture-tag: (phase N, label) (0.040638ms)
✔ capture-tag: (phase N, label) behind an unchecked box (0.034657ms)
✔ capture-tag: (phase N, label) behind a checked box (0.029386ms)
✔ capture-tag: (vX.Y.Z phase N, label) (0.027152ms)
✔ capture-tag: (vX.Y.Z phase N, label) behind an unchecked box (0.029546ms)
✔ capture-tag: (vX.Y.Z phase N, label) behind a checked box (0.184274ms)
✔ capture-tag: (cadence-wide) is a scope marker, not a tag (0.053021ms)
✔ capture-tag: (tooling) is a scope marker, not a tag (0.03113ms)
✔ capture-tag: (vX.Y.Z close) names a milestone, not a phase (0.029767ms)
✔ capture-tag: (Phase N) capitalized is not the tag (0.028315ms)
✔ capture-tag: (phase) with no number (0.026952ms)
✔ capture-tag: (phase two) with a non-numeric phase (0.025399ms)
✔ capture-tag: a tag-shaped parenthetical that is not at the head (0.023285ms)
✔ capture-tag: an unclosed (phase 2 (0.024878ms)
✔ capture-tag: (phase <400 digits>) is Infinity, not a phase (0.042231ms)
✔ capture-tag: (phase 9007199254740993) reads back as a DIFFERENT number (0.040878ms)
✔ capture-tag: (phase 9007199254740990.1) rounds to a different phase under a magnitude bound (0.026591ms)
✔ capture-tag: (phase 1.10) is phases/1.10, never phases/1.1 (D-07) (0.02604ms)
✔ captureSections: every section is counted, with its walk membership (0.192629ms)
✔ captureSections: a FENCED ## line inside a body does not mint a section (0.066939ms)
✔ captureSections: a CRLF checkout counts exactly as its plain-LF twin (0.06255ms)
✔ archive: a written row round-trips its snippet byte-identically (0.358739ms)
✔ archive: each origin filename keeps its own source (0.099371ms)
✔ archive: a decimal phase number parses to the decimal, never to 21 (0.054163ms)
✔ archive: a snippet carrying a colon, a backtick and a pipe survives whole (0.048693ms)
✔ archive: a non-matching line under a section mints no row (0.045246ms)
✔ archive: a phase number that does not round-trip names no directory (ARG-04) (0.107606ms)
✔ archive: a row above the first heading belongs to no milestone and is skipped (0.060596ms)
✔ archive: a second append under the same label extends the existing section (0.163684ms)
✔ archive: an append into empty text writes a preamble with no column-0 ## heading (0.133316ms)
✔ archive: an empty row set changes nothing; a newline is flattened on write (0.052711ms)
✔ archive: a CRLF residue parses exactly as its plain-LF twin (0.042752ms)
✔ archive: label and origin ride beside source, never recovered by splitting it (0.054565ms)
✔ parseTaskRecordSnippets: the `## What shipped` bullets come back (0.107356ms)
✔ parseTaskRecordSnippets: a `None yet` placeholder is the template's prose, not content (0.043353ms)
✔ parseTaskRecordSnippets: an angle-bracket placeholder is skipped too (0.043964ms)
✔ parseTaskRecordSnippets: an absent section is DATA - [] and never a throw (0.030899ms)
✔ parseTaskRecordSnippets: it stops at the next `## ` heading (0.043333ms)
✔ filed: a row written by the appender reads back through the parser (0.210484ms)
✔ filed: an empty file gets the preamble, which carries no `## ` heading (0.082167ms)
✔ filed: a second row appends and the first is byte-preserved (0.0624ms)
✔ filed: a title carrying a colon, a backtick and a pipe survives whole (0.031311ms)
✔ filed: a newline in any field is flattened on write (0.050076ms)
✔ filed: a row whose fixed fields are out of grammar is REFUSED, not written (0.101545ms)
✔ filed: a line that is not a row is skipped, so a human note mints nothing (0.060106ms)
✔ filed: a row with an empty title is dropped rather than indexed (0.029327ms)
✔ filed: a CRLF checkout indexes as its plain-LF twin (0.04144ms)
✔ filed: the parser is total over junk (0.034005ms)
✔ filed: an unconfirmed row reads back as ONE row, title-only, state readable (0.075204ms)
✔ filed: a confirmed row is byte-identical to what it was before the marker (0.044927ms)
✔ filed: a title that itself begins with the word is not misread as a marker (0.054064ms)
✔ filed: a hand-written unconfirmed row parses on the stated grammar line (0.04686ms)
✔ declined: a row written by the appender reads back through the parser (0.062661ms)
✔ declined: an empty file is created with the DECLINED preamble, not the FILED one (0.037993ms)
✔ declined: a row whose fields break the grammar returns the text unchanged (0.05245ms)
✔ declined: an existing file is byte-preserved and the row lands at the end (0.060817ms)
✔ declined: a line that is not a row is skipped, so a human note mints nothing (0.052771ms)
✔ declined: the parser is total over junk (0.047822ms)
✔ filed: the preamble no longer sends a reader to the forge for a decline (0.040638ms)
✔ planning-files: CURSOR_STATUSES holds exactly its six values (0.094812ms)
✔ lease-check: a clean lease is ok:true (64.507234ms)
✔ lease-check: an undeclared staged path is refused and NAMED (61.66029ms)
✔ lease-check: the plan's OWN report file is the one exemption (111.768272ms)
✔ lease-check: the ROTATED report is exempt too, beside the canonical one (108.587989ms)
✔ lease-check: the widened exemption is still THIS plan's, not the directory's (351.364921ms)
✔ lease-check: a declared directory ends in / and matches by PREFIX (119.684842ms)
✔ lease-check: a two-file clean lease still reports staged: 2, declared: 2 through the shared predicate (60.463883ms)
✔ lease-check: a plan whose files: list is empty is still refused as undeclared-files, exit 1 (58.75258ms)
✔ lease-check: PLAN-<k>.md is selected by --plan (108.669703ms)
✔ lease-check: widening the plan's files: is what clears the fix commit (115.391974ms)
✔ lease-check: a sole declaration of ./a.txt licenses nothing - the spelling reached neither reader (62.555347ms)
✔ lease-check: a missing plan is ok:false, never an empty-lease pass (58.8725ms)
✔ lease-check: an unreadable staged set is ok:false, never a pass (54.187168ms)
✔ lease-check: the no-staged-set detail names the failure without a credential (51.073924ms)
✔ source: planning.mjs's no-staged-set detail goes through redactUrl (1.288643ms)
✔ lease-check: nothing staged is a clean lease, not a refusal (59.333043ms)
✔ lease-check: a plan declaring nothing licenses nothing (61.952359ms)
✔ lease-check: bad flags are refused before any read (163.663537ms)
✔ lease-check: a rename is checked on BOTH sides, so another plan's file is not renamed away (72.657793ms)
✔ lease-check: a declared non-ASCII path is admitted, not refused for its bytes (71.887084ms)
✔ lease-check: a rename between two un-decodable paths is never a clean lease (74.271851ms)
✔ lease-check: a staged path that is not valid UTF-8 is refused BY NAME, never guessed at (64.916046ms)
✔ lease-check: a staged census FILE is refused by a reason of its own, and leaves a record (71.541351ms)
✔ lease-check: an undeclared path holding no count keeps the old reason, and writes nothing (67.668708ms)
✔ lease-check --plan-time: phase 5's own lease names every census its work would move (55.086614ms)
✔ lease-check --plan-time: the answer needs no repository, and spawns no git (55.327566ms)
✔ lease-check --plan-time: the arm reads declared PATHS, never the plan's instructions (106.047529ms)
✔ lease-check --plan-time: a lease declaring the holding files is a PASS, not a silence (54.598156ms)
✔ lease-check --plan-time: a phase with no plan file is still no-plan on this arm (55.4188ms)
✔ lease-check --plan-time and plan-overlap read ONE two-plan fixture the same way (159.766455ms)
✔ lease-check --plan-time: two plans that declare real paths are a PASS on both (112.82352ms)
✔ lease-check --plan-time: no registry entry refuses more than half of this repository's own plans (19.587308ms)
✔ milestone-prune --mode archive: a --label escaping the tree is refused before any mkdir or rename (53.199023ms)
✔ milestone-prune --mode delete: a --label escaping the tree is refused before any mkdir or rename (47.9344ms)
✔ milestone-prune: a --label containing a pipe is refused (49.508761ms)
✔ milestone-prune: a --label containing a newline is refused (47.085901ms)
✔ milestone-prune: a --label containing a carriage return is refused (44.543893ms)
✔ milestone-prune: a spaced milestone-name label still prunes normally (47.452205ms)
✔ phase-done: flips the box and the phase rows; Deferred untouched; --undo reverses (102.236329ms)
✔ phase-done: decimal phase flips its own box and rows only (52.21732ms)
✔ phase-done --reqs: explicit ids override the phase filter (even Deferred) (48.807615ms)
✔ phase-done: valueless --reqs is bad-args, not internal (#45.1) (48.334829ms)
✔ phase-done: --reqs "" refuses instead of flipping the phase (49.861056ms)
✔ phase-done: --reqs "   " refuses instead of flipping the phase (52.199043ms)
✔ phase-done: --reqs "," refuses instead of flipping the phase (48.035412ms)
✔ phase-done: --reqs ",," refuses instead of flipping the phase (45.995568ms)
✔ phase-done: --reqs names exactly the rows it flips; omitting it closes the phase (96.305315ms)
✔ phase-done: unknown phase refuses; nothing written (48.691622ms)
✔ phase-done: a valueless --n refuses; neither doc is written (47.814479ms)
✔ phase-done: a abc --n refuses; neither doc is written (50.409218ms)
✔ phase-done: a empty string --n refuses; neither doc is written (48.89386ms)
✔ phase-done: --n 02 still boxes phase 2 (49.812303ms)
✔ phase-done: an unreadable REQUIREMENTS.md refuses whole; ROADMAP.md is byte-identical (47.017209ms)
✔ phase-done: an ABSENT REQUIREMENTS.md still boxes the phase, ok:true (47.175713ms)
✔ phase-done: a non-regular REQUIREMENTS.md that reads CLEANLY still refuses (51.224723ms)
✔ phase-done: `wrote` names the documents that moved, on both shapes (103.710196ms)
✔ phase-done: a non-empty queue is NAMED at close, and the phase still closes (51.936189ms)
✔ phase-done: a queue holding only the placeholders names nothing (51.157574ms)
✔ phase-done: an absent CAPTURE.md is an EMPTY queue, and closes cleanly (52.509228ms)
✔ phase-done: a queue that cannot be READ closes anyway, reported unread (53.231144ms)
✔ phase-done --undo: reopening a phase makes NO assertion about the queue (107.662929ms)
✔ plan-size: counts the requirements a ROADMAP detail block names, deduped (52.687321ms)
✔ plan-size: a phase over --max-reqs is phase-too-big, naming both numbers (44.782772ms)
✔ plan-size: NO detail block is unmeasured, never zero - it is not compared (45.719209ms)
✔ plan-size: the task ceiling is PER PLAN - 4+4+4 against a ceiling of 4 is within (46.512742ms)
✔ plan-size: ONE plan over the ceiling is flagged, naming the plan file (54.822729ms)
✔ plan-size: an unwritten plan is never over its ceiling (51.456989ms)
✔ plan-size: no ceiling flags nothing but still reports the counts (47.586892ms)
✔ plan-size: a missing --phase is bad-args, never the cursor (100.12187ms)
✔ plan-size: a plan reports the summed on-disk bytes its files: frontmatter declares (51.138087ms)
✔ plan-size: a declared path that is not on disk counts zero bytes and one absent (49.952572ms)
✔ plan-size: a declared DIRECTORY and a path climbing out both land on absent, unread (51.284989ms)
✔ plan-size: a plan over --max-bytes is plan-too-many-bytes, naming the plan and both numbers (49.989533ms)
✔ plan-size: the same plan under a higher --max-bytes yields no byte entry and within: true (48.106519ms)
✔ plan-size: an out-of-grammar files: list is never compared against --max-bytes (47.79913ms)
✔ plan-size: a bare or non-integer --max-bytes is bad-args naming the flag (93.852278ms)
✔ plan-size: a files: list out of grammar reports null bytes, never 0 (51.873588ms)
✔ audit + plan-overlap: a CRLF-checked-out PLAN.md reads identically to its LF twin (210.792323ms)
✔ audit: a BOM + leading blank line PLAN.md reads identically to its plain twin (104.496034ms)
✔ audit + plan-overlap: an unterminated frontmatter fence reports on both envelopes, audit stays ok:true (104.930716ms)
✔ audit: the per-code payload table is falsifiable - each dropping code moves counts.broken, each preserving code does not (752.672739ms)
✔ plan-overlap: a trailing-annotated block item still overlaps, with the diagnostic naming which plan (UAT-9) (50.744932ms)
✔ plan-overlap: a backtick-wrapped path does not silently miss a real collision (UAT-21) (59.845015ms)
✔ plan-overlap: a markdown-decorated path does not silently miss a real collision (FRM-02) (54.880478ms)
✔ plan-overlap: a block item under an inline files: key is diagnosed and dropped on both plans, not overlapped (D-13) (110.752637ms)
✔ plan-overlap: disjoint declared lists come back clean (54.4028ms)
✔ plan-overlap: a shared file is reported with both plan names (52.139638ms)
✔ plan-overlap: a directory lease src/ overlaps the file src/auth.js the other plan declares (54.867973ms)
✔ plan-overlap: a directory lease src/ overlaps the nested directory lease src/auth/ (51.867535ms)
✔ plan-overlap: task **Files:** lines count even when frontmatter omits them (57.206391ms)
✔ plan-overlap: a task **Files:** annotation still normalizes to the bare path - the frontmatter narrowing is scoped to one arm (D-19) (55.232402ms)
✔ plan-overlap: frontmatter-declared paths with parens or a backtick overlap byte-exact, unmangled by add() (acceptance criterion 5) (52.968818ms)
✔ plan-overlap: a frontmatter path with parens overlaps its raw twin declared only on a task line (the cross-arm bridge) (65.645024ms)
✔ plan-overlap: a frontmatter backtick-bearing path overlaps its raw twin declared only on a task line (the cross-arm bridge, other direction) (52.395077ms)
✔ plan-overlap: ./a.txt declared on the frontmatter is refused as redundant-path-segment and reaches neither reader (51.838198ms)
✔ plan-overlap: ./a.txt declared on the task line is refused as redundant-path-segment and reaches neither reader (48.854984ms)
✔ plan-overlap: src//a.txt declared on the frontmatter is refused as redundant-path-segment and reaches neither reader (55.780143ms)
✔ plan-overlap: src//a.txt declared on the task line is refused as redundant-path-segment and reaches neither reader (49.449224ms)
✔ plan-overlap: the same refused spelling twice in one files: list reports two issues on their OWN lines (52.405157ms)
✔ plan-overlap: a plan with no declared files is flagged undeclared (55.144594ms)
✔ plan-overlap: single plan and missing phase degrade predictably (156.298769ms)
✔ fold fixture: every corpus document comes back under the source its row states (297.203551ms)
✔ fold fixture: every committed query returns its named hits in the top 5 (827.258095ms)
✔ fold rules: step 1a, and `es` is NOT a rule of its own (0.424745ms)
✔ fold rules: step 1b strips ed and ing only over a stem with a vowel (0.210944ms)
✔ fold rules: the eed guard turns on the measure of the stem before it (0.130851ms)
✔ fold rules: each of the three cleanup branches after a strip (0.14084ms)
✔ fold rules: a base form is a fixed point, and a short token is untouched (0.228459ms)
✔ fold at the seam: each inflected group returns one and the same document set (941.704828ms)
✔ fold ordering: a word whose fold is a stopword is still in the index (0.36483ms)
✔ fold ordering: `noted` reaches `note`, not the stopword `not` (0.188772ms)
✔ fold ordering: a document of raw stopwords alone still contributes nothing (0.118888ms)
✔ fold ordering: at the seam, `notes` and `being` both still return results (106.989665ms)
✔ recall: a matching SUMMARY deviation ranks first, with source and phase (54.014336ms)
✔ recall: empty and absent corpus both return ok:true with no results (102.464846ms)
✔ recall: two runs on the same corpus are byte-identical (101.535452ms)
✔ recall: durable decisions resurface; phase-local ## Decisions do not (101.202303ms)
✔ recall: legacy CONTEXT.md with only ## Decisions (no durable heading) still resurfaces (49.854193ms)
✔ recall: a present-but-empty ## Durable decisions does NOT fall back to ## Decisions (51.88504ms)
✔ recall: two runs over a corpus with ## Durable decisions are byte-identical (100.576272ms)
✔ recall: bare words after the query are joined, not truncated (#47.2) (101.797566ms)
✔ recall: a completed capture keeps its phase and gains a closed marker (#47.1) (55.013544ms)
✔ capture -> recall: a bullet written through the seam comes back, with its phase (AC1) (98.670445ms)
✔ capture -> recall: a seed and a note come back too, unphased (157.011975ms)
✔ capture -> recall: a bullet under ## Archive is NOT returned (the falsifier) (166.114571ms)
✔ recall: memory.backend none reports off with empty results, exit 0 (52.764066ms)
✔ recall: an archived row comes back with its milestone label and its origin (53.735671ms)
✔ recall: a tree with no ARCHIVE.md answers byte-identically to one that never had it (167.437709ms)
✔ recall: two runs over a corpus holding live AND archived rows are byte-identical (116.873956ms)
✔ recall: memory.backend none reads no ARCHIVE.md either (58.583544ms)
✔ recall: a task record comes back, sourced by slug and with NO phase field (59.969584ms)
✔ recall: a tree with no tasks/ answers byte-identically to one with an empty tasks/ (170.700611ms)
✔ recall: two runs over a corpus holding a task record are byte-identical (110.948755ms)
✔ recall: a RECORD.md symlinked OUT of the planning root is never indexed (53.152261ms)
✔ task-record -> recall: a record written by the seam is found by what it says (132.833701ms)
✔ recall: a filed issue comes back by its title, sourced FILED.md (54.264174ms)
✔ recall: a tree with no FILED.md answers byte-identically to one that never had it (164.065205ms)
✔ recall: a note in FILED.md that is not a row mints no corpus entry (52.824481ms)
✔ recall: two runs over a corpus holding a filed row are byte-identical (117.890224ms)
✔ recall: a zero-padded phase directory is not corpus, and 1.10 still is (53.759436ms)
✔ renumber insert --dry-run: full op plan, nothing touched (55.81442ms)
✔ renumber insert: shifts dirs, tokens, traceability, and cursor (105.366123ms)
✔ renumber remove: cuts line + detail, orphans reqs, shifts down, reports prose refs (119.774111ms)
✔ renumber insert at total+1 appends: nothing shifts, only the slot opens (116.206886ms)
✔ renumber insert: an existing phase CONTEXT keeps its AC ids byte-identical (D-02) (59.669698ms)
✔ renumber remove: the shift DOWN leaves an existing phase CONTEXT byte-identical too (60.912995ms)
✔ renumber insert: integer dirs shift even when a decimal phase is highest (#36) (59.480495ms)
✔ renumber remove: dirs shift DOWN low-to-high (collision-safe order) (120.421223ms)
✔ renumber remove of the LAST phase cuts the final detail section cleanly (67.067024ms)
✔ renumber remove: a detail heading as the last line (no trailing newline) still cuts (57.128772ms)
✔ renumber remove: a name-less `### Phase N:` detail heading still cuts (#48.2) (53.889947ms)
✔ renumber: prose phase refs are reported, never rewritten; key absent when none (128.463727ms)
✔ renumber: out-of-range and unknown phase refuse (110.203786ms)
✔ renumber: refuses a colliding destination before any write (#49.2) (102.014859ms)
✔ renumber: a dangling symlink at the destination still collides (#49.2) (59.114983ms)
✔ renumber remove: a dangling symlink at phases/<at> collides instead of dying mid-apply (#49.2) (53.52194ms)
✔ renumber remove: uncommitted work in phases/<at> is refused before any write (186.867703ms)
✔ PHS-01: an unreadable git state refuses the remove, a non-repo still removes (190.810549ms)
✔ renumber remove: a partial apply reports which ops completed (#49.2) (66.401345ms)
✔ renumber remove: a failure before ANY step says so, rather than claiming a half-renumbered tree (60.974672ms)
✔ PHS-01: a repository rooted INSIDE phases/<at> is not deleted out from under itself (64.427528ms)
✔ PHS-01: a GIT_DIR-selected repository counts as present when its state cannot be read (66.344316ms)
✔ source: the nested-repository probe reads the filesystem, not entry names (0.260219ms)
✔ source: the renumber rm fallback's recursive delete is gated by the .git probe (0.212407ms)
✔ renumber: decimal phase tokens are never shifted, and are reported (58.168166ms)
✔ AC1: every plan reporting PLAN COMPLETE is a replay, and nothing is dispatched (55.579048ms)
✔ AC1: a multi-plan phase is a replay only when EVERY plan reports complete (52.294816ms)
✔ AC2: no reports directory at all is not a replay (51.583862ms)
✔ AC2: PLAN PARTIAL is a continuation, not a replay (57.065811ms)
✔ AC2: PLAN CHECKPOINT is a continuation, not a replay (51.277674ms)
✔ AC2: the status word is the FIRST LINE ONLY - a quoted one in the body cannot fire it (47.938997ms)
✔ AC2: the first line must match EXACTLY - a suffixed status is not complete (54.800274ms)
✔ AC3: plan 1 complete and plan 2 unreported dispatches ONLY plan 2 (55.806585ms)
✔ AC3: a partially reported phase skips only the plans that finished (57.041655ms)
✔ AC4: --rerun clears the replay and widens the dispatch set to every plan (55.388413ms)
✔ a bare PLAN.md is keyed k=1 and PLAN-<k>.md by its own number (52.441928ms)
✔ a rotated sibling plan-<k>.<n>.md never decides the answer (52.875591ms)
✔ a phase with no plan files is not a replay - that is the unplanned state (53.295246ms)
✔ a missing phase directory refuses by name and exits non-zero (55.60561ms)
✔ no --phase refuses by name rather than guessing a phase (51.345144ms)
✔ risk-carry: the risk_surface artifacts arrive and every other record stays put (55.000037ms)
✔ risk-carry: a COPY - the originals are still where they were (53.187229ms)
✔ risk-carry: EVERY round arrives, not the highest one alone (53.397041ms)
✔ risk-carry: a re-run finishes the job instead of refusing it (114.925236ms)
✔ risk-carry: a DIFFERING destination file refuses, and copies nothing (50.524638ms)
✔ risk-carry: a symlink squatting the destination is refused, never followed (57.79947ms)
✔ risk-carry: a symlink squatting the PARENT is refused too (51.857306ms)
✔ risk-carry: a symlink at a carried NAME is refused, never read as already carried (52.452889ms)
✔ risk-carry: a mistyped phase spelling refuses before anything is copied (52.150149ms)
✔ risk-carry: a phase with no risk_surface fire is an answer, not a refusal (52.308072ms)
✔ risk-carry: a symlinked source artifact is refused, and its target never lands (55.275025ms)
✔ risk-carry: a symlinked phases/<N> is refused before it is listed (58.272307ms)
✔ risk-carry: a symlinked phases/ is refused too (54.406077ms)
✔ risk-carry + milestone-prune --mode delete: the same verdict, off the carried records (217.514367ms)
✔ seed-reqs: a declared id with an ## Active bullet is seeded at Pending; a second run reports it skipped, file byte-identical (109.894792ms)
✔ seed-reqs: an id with no ## Active bullet is reported under orphan_ids, no row written, and audit still lists it under orphans.plan_ids (107.1684ms)
✔ seed-reqs: a missing ## Active heading returns no_active_section: true (59.03509ms)
✔ seed-reqs: --phase absent/non-numeric/negative all return bad-args, nothing written (158.319792ms)
✔ seed-reqs: a --phase spelling that cannot round-trip is refused before any read (D-07) (324.303451ms)
✔ seed-reqs: a malformed requirements: line surfaces frontmatter_issues (55.427667ms)
✔ seed-reqs: absent REQUIREMENTS.md / absent phase dir / no conforming plan file degrade with named reasons (155.933069ms)
✔ seed-reqs: a seeded row survives renumber insert, reading Phase 2 (112.410428ms)
✔ status: missing .planning degrades with a recovery hint (55.3712ms)
✔ status: missing ROADMAP.md is no-roadmap (51.986454ms)
✔ status: a ## Phases section holding no phase token is a closed milestone, not a parse failure (52.785417ms)
✔ status: a non-canonical phase-shaped line is unparseable-roadmap with a per-line diagnostic (53.758665ms)
✔ status: a wiped checkbox list whose ### Phase N: details survive is NOT a closed milestone (56.250717ms)
✔ status: no ## Phases section at all is still unparseable-roadmap (56.780824ms)
✔ status: an interrupted close reports the closed state AND a phase-dir drift entry (58.533428ms)
✔ status: a tagged close that never ran cursor set reports cursor drift on the stale total, while still agreeing (56.030283ms)
✔ status: a finished close (cursor of 0) reports no drift at all (52.651259ms)
✔ status: closed milestone, cursor "phase complete" agrees=true (54.268252ms)
✔ status: closed milestone, cursor "ready to plan" agrees=true (53.124507ms)
✔ status: closed milestone, cursor "paused" agrees=true (50.972397ms)
✔ status: closed milestone, cursor "planned" agrees=false (51.386863ms)
✔ status: closed milestone, cursor "executed" agrees=false (50.424045ms)
✔ status: closed milestone, cursor "context gathered" agrees=false (60.168554ms)
✔ status: derives unplanned/planned/executed/complete from artifacts (49.88467ms)
✔ status: SUMMARY without UAT is executed, not complete (62.140128ms)
✔ status: all complete -> current null; multi-plan files listed (54.829389ms)
✔ status: skipped without a reason blocks completeness (52.936136ms)
✔ status: roadmap-box drift both directions (54.32451ms)
✔ status: req-status drift; Deferred and unmapped rows exempt (55.067896ms)
✔ status: cursor agreement and disagreement (106.960549ms)
✔ status: decimal insertion phases sort and derive like integers (53.961574ms)
✔ status: paused cursor always agrees (legal at any point) (55.063288ms)
✔ status: named and zero-padded phase dirs are reported, grouped by prefix (54.45516ms)
✔ status: a tree of legal phase dirs reports no drift at all (52.268714ms)
✔ status: a stray FILE under phases/ is not a phase directory and is not reported (53.432227ms)
✔ status: 08 beside a legal 8 names the phase it collides with (64.156155ms)
✔ status: a zero-padded fraction is reported and 1.10 is not (64.368753ms)
✔ status: 08 beside 8 survives the close as ONE phase-dir entry, on the legal name (60.985342ms)
✔ status: a legal sub-phase directory still survives the close (56.582222ms)
✔ status: two legal sub-phases that parse to one number are reported (58.610193ms)
✔ status: distinct sub-phase numbers report no collision (56.499403ms)
✔ status: an unexecuted gap plan beside a SUMMARY is executed AND outstanding (54.192285ms)
✔ status: every plan reporting complete lists the phase nowhere, and the key is still there (55.425201ms)
✔ status: the outstanding plan list IS replay-check's dispatch_set, from one definition (120.112286ms)
✔ status: a planned phase that has run nothing is outstanding in full (56.686993ms)
✔ status: an unplanned phase has no plans and so takes no entry (63.256079ms)
✔ task-record: writes the record, with the range's own commits and files (82.183915ms)
✔ task-record: a second identical run leaves the file byte-identical (141.409419ms)
✔ task-record: no planning root means nothing is created and written:false says why (76.880074ms)
✔ treeless run: every seam /cad-task calls answers written:false, and nothing is created (404.824778ms)
✔ task-record: a slug that is not one path segment is refused, nothing written (271.351189ms)
✔ task-record: a tasks/<slug> that is a symlink OUT is refused, nothing written (73.411228ms)
✔ task-record: a --base that does not resolve is ok:false with nothing written (70.607497ms)
✔ task-record: --text and --text-file together are refused, and neither is guessed (121.468368ms)
✔ trace ignore: a fresh repo with no .gitignore gets the line written (85.679722ms)
✔ trace ignore: a re-run adds no second line and touches no byte (159.626857ms)
✔ trace ignore: a brownfield .gitignore keeps every line it had (78.884811ms)
✔ trace ignore: a project ignoring .planning/ wholesale is already correct (157.642459ms)
✔ trace ignore: a non-git root falls back to the literal scan and still writes (144.183101ms)
✔ trace ignore: a tracked run record is REPORTED, never quietly ignored (84.833667ms)
✔ trace ignore: a TRACKED record whose line is present reports ignored and writes nothing (229.213155ms)
✔ trace ignore: a .git/info/exclude match does NOT satisfy the line (151.8174ms)
✔ trace ignore: a project covered for the record alone is REPORTED, then upgraded (241.733578ms)
✔ trace ignore: the sibling rule names the file the writer actually creates (91.566987ms)
✔ trace ignore: a project covered for the trace AND the live reads line gains only the rest (250.260691ms)
✔ trace ignore: the reads rules name the files the writer actually produces (91.809563ms)
✔ trace ignore: git itself answers for the reads record and its sibling, from the repo's own .gitignore (85.709106ms)
✔ trace ignore: THIS repository already covers the reads sibling (D-11) (3.691334ms)
✔ trace ignore: a --root present with nothing usable is refused, never the cwd (197.408998ms)
✔ uat init: writes all-pending checklist and returns the first item (108.45117ms)
✔ uat init: refuses a malformed payload, writes nothing (162.034848ms)
✔ uat record: unknown item and bad result refuse without writing (168.161625ms)
✔ uat record: a valueless --item refuses; UAT.md is byte-unchanged (105.038682ms)
✔ uat record: a abc --item refuses; UAT.md is byte-unchanged (103.960272ms)
✔ uat record: a empty string --item refuses; UAT.md is byte-unchanged (104.611632ms)
✔ uat record: a clean integer naming no item still answers unknown-item (106.508462ms)
✔ uat record: a normal --item still records, with counts and first_pass (101.934272ms)
✔ uat record: --fields-file writes the SAME UAT.md the five inline flags write (231.825193ms)
✔ uat record: a --fields-file value no shell could expand lands verbatim (112.437649ms)
✔ uat record: every --fields-file refusal is bad-args, UAT.md byte-unchanged (573.34493ms)
✔ uat merge: matches by k, and a verifier pass never rewrites first_pass (224.57208ms)
✔ uat record: sets status, first_pass once, returns next pending (zero re-reads) (224.6914ms)
✔ uat record: fixed failure resets to pending, first_pass survives (141.8406ms)
✔ uat record: verifier source cannot overwrite a recorded result (148.948039ms)
✔ uat record --source model: stores the provenance and it survives a later record (140.83976ms)
✔ uat record: an out-of-enum --source is refused with the file byte-unchanged (82.761127ms)
✔ uat record --source user: writes no source line - user stays implicit (83.152988ms)
✔ uat merge: a human_checks why_human is carried onto the appended item and survives (136.112105ms)
✔ uat refresh: appends only new names, never touches recorded results (140.485787ms)
✔ uat merge: fills pending only, appends unmatched gaps and human checks (149.494435ms)
✔ uat: a criterion written by init is byte-present after a refresh AND after a record (129.181755ms)
✔ uat init: writes fields_version unconditionally, and it survives refresh and record (127.222326ms)
✔ uat init: a payload with no criterion and no origin still gets the marker (41.266659ms)
✔ uat: an origin written by init survives refresh and record the same way (118.1311ms)
✔ uat refresh: carries source, criterion and origin onto an appended item, in lockstep with init (77.42221ms)
✔ uat record --origin: sets provenance after the fact on an existing item (76.224501ms)
✔ uat record: an out-of-enum --origin is refused with the file byte-unchanged (79.850579ms)
✔ uat record --criterion: restores a dropped link in the registered field position (77.430616ms)
✔ uat record: an out-of-shape --criterion is refused by name, file byte-unchanged (155.182998ms)
✔ uat init: an out-of-shape criterion or origin is bad-payload, nothing written (74.915929ms)
✔ uat merge: both append paths write origin verifier - the item-level provenance source cannot carry (77.396801ms)
✔ uat merge: a MATCHED pending item gets source verifier and no origin - it was not verifier-added (77.801818ms)
✔ uat merge: an entry with no usable name is rejected, never written (#46.2) (79.124807ms)
✔ uat merge: an untrimmed name fills the pending item, never appends a duplicate (80.373021ms)
✔ uat merge: a finding conflicting with a recorded result is skipped and counted (#46.3) (114.705624ms)
✔ uat merge: FINDINGS.json holds the five counters plus every discarded entry (113.145059ms)
✔ uat merge: a human_check matching an existing item is recorded while its counter stays deferred (73.344693ms)
✔ uat merge: a clean payload still writes FINDINGS.json, both arrays empty (75.891281ms)
✔ uat merge: a later uat record leaves FINDINGS.json byte-identical (119.857258ms)
✔ uat merge: a second merge replaces the file with the second merge envelope (116.35123ms)
✔ uat merge: a newline in verifier text cannot inject a status line (#35) (120.883538ms)
✔ uat merge: a --payload path that does not exist is no-payload (78.81461ms)
✔ uat merge: an empty --payload file is no-payload (80.830708ms)
✔ uat merge: a whitespace-only --payload file is no-payload (79.108484ms)
✔ uat merge: a --payload file holding null is bad-payload, not silence (72.000564ms)
✔ uat merge: a --payload file holding a bare string is bad-payload (77.451815ms)
✔ uat merge: a --payload file holding {} is bad-payload, not an all-zero success (75.382604ms)
✔ uat merge: a --payload file holding a JSON array is bad-payload (79.36241ms)
✔ uat merge: gaps present but not an array is bad-payload (76.362754ms)
✔ uat merge: passes present but not an array is bad-payload (73.202138ms)
✔ uat merge: human_checks present but not an array is bad-payload (76.447486ms)
✔ uat merge: an omitted list is not a malformed one (75.672969ms)
✔ uat merge: --payload with no path refuses, never a read of fd 1 (75.363937ms)
✔ uat merge: --payload <file> and stdin merge identically (151.166626ms)
✔ uat merge: a payload carrying ONLY passes merges (72.256865ms)
✔ uat merge: a payload carrying ONLY gaps merges (74.852476ms)
✔ uat merge: a payload carrying ONLY human_checks merges (78.064189ms)
✔ uat init: a literal null on stdin is bad-payload, not silence (35.558533ms)
✔ uat refresh: a literal null on stdin is bad-payload, not silence (74.246602ms)
✔ uat: a hand-added ### section mints no item and survives rewrites (#46.1) (151.263109ms)
✔ uat: a `## ` inside a fenced block does not truncate a preserved section (115.646824ms)
✔ uat status: complete only when every item passes or is skipped-with-reason (178.838533ms)
✔ uat: missing checklist degrades to no-uat (35.701497ms)
✔ renumber remove: a CRLF roadmap renumbers correctly and stays CRLF (53.749065ms)
✔ renumber remove: a lone-CR roadmap is refused, not silently corrupted (52.084962ms)
✔ status: a lone-CR roadmap refuses rather than reporting a closed milestone (51.280418ms)
✔ renumber: refuses to operate ON a decimal phase (98.855997ms)
✔ renumber: the decimal refusal names decimals, not a missing flag (111.063122ms)
✔ renumber remove: a valueless --n refuses; roadmap and dirs untouched (54.917278ms)
✔ renumber remove: a non-numeric --n refuses the same way (48.62354ms)
✔ renumber insert: a valueless --at refuses; roadmap and dirs untouched (48.216659ms)
✔ renumber insert: a non-numeric --at refuses the same way (57.228803ms)
✔ renumber: a decimal cursor is warned about, never shifted (#37) (326.132473ms)
✔ phase-done: a decimal phase flips its own line, dot not a wildcard (49.040629ms)
✔ status: --dir with nothing after it is bad-args naming the flag, and stderr stays empty (58.389359ms)
✔ status: an empty --dir "" is bad-args naming the flag, and stderr stays empty (55.64868ms)
✔ status: a whitespace-only --dir is bad-args naming the flag, and stderr stays empty (52.967715ms)
✔ status: a flag-shaped --dir value is bad-args naming the flag, and stderr stays empty (50.814884ms)
✔ status: a genuinely ABSENT --dir still defaults to ./.planning (53.307588ms)
✔ lease-check: --phase 1.10 leases against phases/1.10 when no phases/1.1 exists (64.698798ms)
✔ lease-check: --phase 1.10 refuses when phases/1.1 is also on the tree (126.157978ms)
✔ lease-check: --phase 08 names phases/08 when no phases/8 exists (64.32507ms)
✔ lease-check: --phase 08 beside a legal phases/8 is refused, naming both (61.592917ms)
✔ plan-overlap: --phase 08 reports no-phase-dir naming phases/08 when no phases/8 exists (59.127626ms)
✔ plan-overlap: --phase 08 beside a legal phases/8 is refused, naming both (125.330279ms)
✔ plan-overlap: --phase 1.10 intersects phases/1.10's plans when no phases/1.1 exists (57.192853ms)
✔ plan-overlap: --phase 1.10 is refused once phases/1.1 is on the tree too (53.697916ms)
✔ uat: --phase 1.10 reads phases/1.10/UAT.md when no phase 1.1 directory exists (102.398822ms)
✔ uat: --phase 1.10 is refused on a tree holding phase 1.1, leaving its checklist alone (109.988877ms)
✔ uat: a malformed --phase is refused in the shared wording, before any read (161.613383ms)
✔ seed-reqs: --phase 08 is refused outright, never answering about phases/8 (102.642429ms)
✔ cad-plan-checker-contract states one dimension count in all three places (1.238807ms)
✔ phase_diff: the schema purpose names the gate a no-gate resolve really answers (32.520638ms)
✔ risk_surface row: its shape (c) clause names no producer, and task.md still holds its rails (1.054263ms)
✔ risk-surface categories: the schema enum, the detector and the detection list are one list (0.381552ms)
✔ plan authority: Action never invents, Verify decides, in all five documents (0.561848ms)
✔ risk_surface fires on a completed range, and both fire sites carry the transient-file rails (0.299164ms)
✔ every deferred-read row states its consult-site count at each anchor (6.118632ms)
✔ the lockfile lease: both contracts name the same lockfiles and the reason lease-check emits (0.349961ms)
✔ the analyzer spend gate precedes the resolve, and four surfaces state two questions (0.57873ms)
✔ the reviewer brief carries the same bar the reviewer contract states (0.35464ms)
✔ the reviewer brief costs under 1% of the default review.max_prompt_tokens (2.131571ms)
✔ the turn bound: every rung file and the spawn-agent seam name one maxTurns value (0.612946ms)
✔ WIR-01: the recovery arm names its producers in both documents, and the default reviewer names its bound (0.701125ms)
✔ #195: execute.md locates unconditionally and refuses an already-executed phase (0.264006ms)
✔ EXP-03: execute.md asks the replay seam and obeys its answer (0.184474ms)
✔ EXP-03: only the plans without a completed report reach a dispatch (0.270158ms)
✔ README's "Today it is N skills and M agent roles across K rung files" matches the tree (0.890298ms)
✔ PROJECT.md's `### Active` declares its milestone as the section's first version token (0.661359ms)
✔ the executor dispatch hands over the resolve's answered surfaces, and the contract says what to do with them (0.347015ms)
✔ both fire sites invoke the risk-check seam rather than reading a prose list (0.115481ms)
✔ cad-land step 3: the auto_close branch takes its value from `config.mjs get` (0.286791ms)
✔ cad-land 3(b): the GitLab arm consults the authorization seam BEFORE it creates (0.244098ms)
✔ cad-land step 3: the deferred queue refuses ahead of BOTH publish arms (0.328891ms)
✔ LND-02: milestone.md carries the rulings BEFORE the prune, and stops on ok:false (0.3646ms)
✔ LND-02: cad-land 3(b) unions the RULINGS from both roots, not the review findings (0.507745ms)
✔ progress.md: the deferred count is read off the envelope at both its sites (0.375922ms)
✔ progress.md: an executed phase with outstanding dispatches routes to /cad-execute (0.283153ms)
✔ execute.md state: a deferring run points the cursor at its queue and commits it (0.359701ms)
✔ ENFORCEMENT, execute.md: the plan is not reported done while risk-check status refuses (0.454923ms)
✔ ENFORCEMENT, task.md: the completion rule decides `written: false`, in ONE place (0.404807ms)
✔ RSK-11, task.md: the surfaces-unanswered refusal is answered in the run, not stopped at (0.151521ms)
✔ ENFORCEMENT, execute.md: the blocking FAIL arm dispatches a continuation cad-executor (0.394037ms)
✔ ENFORCEMENT, execute.md: the guardrail still forbids a coordinator Edit/Write outside .planning/ (0.274748ms)
✔ PAR-01: the parallel path REACHES execute.md's risk sequence instead of copying it (0.147944ms)
✔ ENFORCEMENT, execute-parallel.md: a plan is not reported done while risk-check status refuses (0.061468ms)
✔ PAR-01: both parallel risk-check calls name that plan's OWN merge range (0.264137ms)
✔ GAT-04: every fenced outcome receipt names its trigger, plan and both range ends (0.270098ms)
✔ RSK-07: all four surfaces state the SEVERITY-GATED meaning of `survived` (1.176247ms)
✔ MSR-01: the spawn seam's close-half rule states the turn count, its omission and its own counter (0.253667ms)
✔ MSR-02: report.md names every excluded source the seam exports, where it prints the spend figure (0.144898ms)
✔ TRN-02: the bulk-output rule is stated once, and every converted site performs it (5.444589ms)
✔ PLN-01: the max_plan_tasks decision reads the same off the schema and the catalog (0.537812ms)
✔ SGT-01: the suggest seam's unset-layer defaults are config.schema.json's own (0.343449ms)
✔ REL-01: git.create_tag is read at one prose site, and its purpose names that site (0.987184ms)
✔ AC6: report.md renders its Gates line from the record, states the unrecorded arm, and leaves Refuted on SUMMARY (0.293994ms)
✔ IVW-01: the prose and scanTree state one `recommended`, and only the reason moves (2.074371ms)
✔ IVW-01: both risk-surface interview sites carry the ask-user rules, and the builder holds the cap (0.931969ms)
✔ triage-gate.md: the corr-keyed re-arm read-back survives the deferred arm beside it (0.189263ms)
✔ triage-gate.md: the re-arm read-back, RUN, answers per PLAN and not per corr alone (269.727754ms)
✔ RDX-01: report.md prints the in-dispatch figure with its coverage, its exclusion and the null rule (0.309594ms)
✔ TRC-10: suggest.md's scope step names what shortens the reads record (0.209903ms)
✔ RDX-01: suggest.md qualifies its no-tweak line to CONFIG KEYS and states the info exception (0.205044ms)
✔ every decideManifestBump verdict code is named in BOTH documents (D-07) (0.578089ms)
✔ every frontmatter grammar code has a row in plan-frontmatter.md (D-12) (0.756953ms)
✔ setup: a declined provider question stops both entry points before any write (0.195405ms)
✔ setup: the none-of-these check FAILS when the arm is deleted (0.293373ms)
✔ setup: the create confirmation is put BEFORE the create runs (0.135801ms)
✔ setup: the confirmation-order check FAILS when the create is moved above it (0.306067ms)
✔ EXP-05: the executor verifies a task with the run that task names (0.24474ms)
✔ EXP-05: the targeted-run check FAILS when the sentence is deleted (0.174976ms)
✔ EXP-05: the full suite has one site, after the last task and before the digest (0.232817ms)
✔ EXP-05: the suite-site check FAILS when the site is deleted (0.149768ms)
✔ EXP-05: the executor and the verifier state one rule in one vocabulary (0.316017ms)
✔ PHS-02 (1): the too-big arm names /cad-phase add before the commands that need a phase (0.492615ms)
✔ PHS-02 (2): the arm resolves the phase number rather than printing a placeholder (58.687844ms)
✔ PHS-02 (3): the first stop carries the task's own description, and /cad-phase advertises it (0.323891ms)
✔ PHS-02 (4): no /cad-task surface sends phase-sized work to /cad-context first (0.141201ms)
✔ PHS-02 (5): the /cad-context off-roadmap stop names the command that creates the phase (0.079793ms)
✔ PHS-03: task.md classifies before it guards, with one guard step (0.160979ms)
✔ PHS-03: the phase-sized arm names both doors where there is no planning tree (0.105282ms)
✔ TRC-13: report.md prints ran beside rung, off the bracket row, and names the disagreement (0.222678ms)
✔ RSK-10: every risk-check run invocation names --base and exactly one scope end (2.409975ms)
✔ RSK-10: a plan that landed no commits records the skip rather than a clean check (0.246203ms)
✔ an array passes through unchanged (0.992224ms)
✔ an EMPTY array still means nothing is protected (D-09) (3.600279ms)
✔ a lone string names the branch the user means to protect (#38) (0.124229ms)
✔ a string that names no branch falls to the default (GRD-01, D-02) (0.11421ms)
✔ an array whose entries all name no branch falls to the default (GRD-01, D-01) (0.113287ms)
✔ an array keeps the entries that DO name a branch (GRD-01, D-01) (0.090524ms)
✔ a surviving entry is kept as the user spelled it, never rewritten (0.086406ms)
✔ no returned list ever carries an empty or whitespace-only entry (AC1) (0.210594ms)
✔ every other shape falls back to the default list (0.141983ms)
✔ a missing git block is the default, never a throw (0.151731ms)
✔ publish: byte-exact argv with the branch only inside the one refspec token (1.58447ms)
✔ publish: a valid non-origin remote that IS configured publishes to it (0.161109ms)
✔ refuse: auto_close off wins even when everything else is valid (0.137664ms)
✔ refuse: auto_close undefined -> auto-close-off (only literal true publishes) (0.099531ms)
✔ detail: off everywhere and requested-globally are DIFFERENT sentences (0.180607ms)
✔ detail: the requested-globally sentence says a user-global setting cannot authorize here (0.136341ms)
✔ detail: the off-everywhere sentence still names where the opt-in belongs (0.105383ms)
✔ detail: an authorized call publishes and carries no detail at all (0.086816ms)
✔ detail: gate 1 is the ONLY refusal that carries one (0.1771ms)
✔ detail total: a bare call and non-boolean inputs coerce rather than throw (0.194494ms)
✔ refuse: no branch / detached HEAD -> no-branch (0.523144ms)
✔ refuse: a leading-dash branch -rf -> bad-branch (never read as an option) (0.874469ms)
✔ refuse: a colon/metachar branch -> bad-branch (never a src:dst refspec) (0.090203ms)
✔ refuse: a protected branch -> protected-branch (0.050998ms)
✔ refuse: a path/URL remote -> bad-remote (0.167421ms)
✔ refuse: a dash-prefixed remote never reaches the argv (bad-remote), even if configured (0.087087ms)
✔ refuse: a remote not in configuredRemotes -> remote-not-configured (0.053683ms)
✔ refuse: gate order - bad-remote is reached before remote-not-configured (0.045417ms)
✔ total: non-array protectedBranches/configuredRemotes coerce, never throw (0.046269ms)
✔ total: non-string currentBranch/remote refuse rather than throw (0.040858ms)
✔ total: a bare call with no args refuses (auto-close-off), no throw (0.044365ms)
✔ reap: byte-exact argv with the branch behind a -- end-of-options marker (0.110111ms)
✔ reap: an absent branch is a SKIP, not a failure (idempotent close) (0.057581ms)
✔ reap: an UNKNOWN exists (undefined) still reaps - only false skips (0.034126ms)
✔ refuse: no branch at all -> no-branch (0.086146ms)
✔ refuse: an unsafe branch name -> bad-branch, and the argv stays empty (0.099631ms)
✔ refuse: a protected branch is never reaped (0.05754ms)
✔ refuse: the checked-out branch -> current-branch, a name for what git errors on (0.054705ms)
✔ reap gate order: bad-branch beats protected, protected beats current, current beats absent (0.066478ms)
✔ reap total: a bare call and non-array protectedBranches never throw (0.068231ms)
✔ reap authorizes nothing: no auto_close input exists to pass it (0.056809ms)
✔ torn gate: no torn layer is no refusal, whatever else is on warnings[] (0.092448ms)
✔ torn gate: a torn layer refuses, with the merge's own wording (0.099982ms)
✔ torn gate: TOTAL - a missing or non-array input is no refusal, never a throw (0.064233ms)
✔ a tool outside the recorded set is not a read (1.264326ms)
✔ every recorded tool produces a record (0.46373ms)
✔ Read carries its path and window (0.126343ms)
✔ a main-thread call bills the coordinator; a subagent call bills its type (0.084612ms)
✔ an agent_id with no agent_type is still not the coordinator (0.052912ms)
✔ Bash records the program and NEVER the command line (0.173914ms)
✔ an inline env assignment is stripped, so an inline secret is never the token (0.085464ms)
✔ excerpt_read is billed like Read, with its path as the target (0.055125ms)
✔ excerpt_search records its SCOPE and never its pattern (0.08856ms)
✔ a failed call records is_error and the first line of its cause (3.712564ms)
✔ a successful call records is_error false and no cause (0.134237ms)
✔ a response that says nothing about failure records no is_error at all (0.064714ms)
✔ a cause line masks a credential VALUE and keeps its name (0.069263ms)
✔ an error line is capped rather than storing a payload (0.058162ms)
✔ Grep records its SCOPE and never its pattern (0.058702ms)
✔ tool_response sizes the record when present, and is absent otherwise (0.058653ms)
✔ an unserializable response leaves bytes absent rather than throwing (6.010784ms)
✔ the first write creates the file and round-trips (0.435476ms)
✔ appends accumulate rather than replacing (0.240572ms)
✔ a symlinked reads file is refused, appending nothing (0.116413ms)
✔ a record at the bound ROTATES and the append lands, rather than reporting a cap (7.666993ms)
✔ the marker SEALS the generation it carried away, in bytes (5.397167ms)
✔ the SECOND rotation evicts the generation the first one left (7.907495ms)
✔ a record that only reached the generation SURVIVES the second rotation (AC1) (7.844825ms)
✔ a rescue that cannot READ states the bytes it did not carry, rather than nothing (2.812297ms)
✔ a generation whose marker carries NO seal states an UNKNOWN shortfall, not silence (2.554492ms)
✔ a leftover sibling beside a record UNDER the bound is left exactly where it is (0.256442ms)
✔ writers racing at the bound leave ONE generation, no claim and no record lost (62.629397ms)
✔ an ABANDONED claim is reclaimed rather than disabling rotation forever (5.525443ms)
✔ a LIVE claim is left standing, at the cost of one deferred rotation (286.626993ms)
✔ a claim carrying NO sidecar at all reads as live, the same way (282.143687ms)
✔ an eviction that cannot CONFIRM its claim puts the generation back (AC3) (9.724522ms)
✔ a COMPLETED rotation leaves its sidecar behind, inert, and does not rotate again (9.891522ms)
✔ a single record that reaches the bound by itself is refused, never rotated (15.928597ms)
✔ a record with no room BESIDE the marker is refused, not rotated for (AC2) (16.498231ms)
✔ a record that DOES fit beside the marker rotates under the bound (AC2) (12.899494ms)
✔ a bad record is refused by reason, never thrown (0.185026ms)
✔ an unwritable root returns a reason rather than throwing (0.142734ms)
✔ redundancy is calls-over-distinct, the figure the ledger asks for (0.232537ms)
✔ an untargeted call counts as a call but cannot count as a repeat (0.064384ms)
✔ no targets at all yields no redundancy rather than infinity (0.06276ms)
✔ coordinator and worker reading are split apart (0.207157ms)
✔ a partial byte capture never reads as a total (0.089281ms)
✔ junk records are skipped rather than throwing (0.045057ms)
✔ a command that opens with cd bills the program that did the work (0.195495ms)
✔ a pipeline bills its first real stage, and secrets stay stripped per segment (0.071287ms)
✔ a heredoc body cannot reach the record (0.060085ms)
✔ anything that is not a bare program name is refused, not recorded (0.046249ms)
✔ ordinary commands still bill correctly after hardening (0.044936ms)
✔ a Bash command yields the in-repo files it names, relative to the root (0.310907ms)
✔ a secret in the command line is not a file, so it cannot be recorded (0.33322ms)
✔ a path outside the project is refused however real it is (0.195184ms)
✔ a directory is not a read, and a nonexistent path is not a file (0.149928ms)
✔ quoted, expanded or globbed tokens are content and never candidates (0.129078ms)
✔ a heredoc body cannot contribute a path, matching programOf (0.115492ms)
✔ relative tokens resolve against the calls own cwd, not just the root (1.160507ms)
✔ the per-call file cap bounds a sweep (0.301459ms)
✔ with no opts the record is byte-identical to what it was before files existed (0.100242ms)
✔ recordFromHook carries the files through when the caller supplies a root (0.178302ms)
✔ a Bash call naming no in-repo file carries no files field at all (0.121112ms)
✔ file redundancy is path-touches over distinct files, apart from target redundancy (0.153234ms)
✔ a corpus recorded before files existed yields no file measurement rather than zero (0.059434ms)
✔ join: a rung-suffixed agent normalizes to its role and joins its bracket (0.329091ms)
✔ join: the same record outside every bracket of its role is unjoined (0.115843ms)
✔ join: a record inside two overlapping same-role brackets is AMBIGUOUS, joined to neither (0.085333ms)
✔ join: the host agent types are a stated FLOOR, never a failed join (0.097136ms)
✔ the role mapping is EXPORTED, so the stop hook reads it rather than copying it (0.051048ms)
✔ the rung mapping answers off the TABLE, never off a filename suffix (0.065976ms)
✔ the rung mapping and RUNG_FILES cannot drift apart (0.125591ms)
✔ join: a record with no agent field names the field absent rather than defaulting (0.084001ms)
✔ join: a coordinator read is its own bucket, never an unjoined worker read (0.040167ms)
✔ join: an unreadable timestamp on either side is refused, never widened (0.079513ms)
✔ join: no bracket rows at all is every subagent read unjoined, never an error (0.064664ms)
✔ seam: `reads --join` reports four figures the fixtures fix exactly (56.45664ms)
✔ seam: `reads` WITHOUT the flag returns the envelope it always returned (124.866168ms)
✔ seam: an empty record still says `no reads recorded yet` under the flag (61.145859ms)
✔ in-dispatch: distinct is summed PER BRACKET, so the ratio is in-dispatch and not corpus-wide (0.595914ms)
✔ in-dispatch: a role whose joined reads carry no `files` reports a NULL ratio, never 0 (0.199523ms)
✔ in-dispatch: a coordinator read carrying files is EXCLUDED and counted, never attributed (0.150579ms)
✔ in-dispatch: a read joined to no bracket contributes to nothing at all (0.111093ms)
✔ seam: `reads --join` carries the per-role in-dispatch rows the fixtures fix exactly (66.384853ms)
✔ seam: the join fixtures carry no `files`, so the new key holds NO measurement, never a zero (55.628632ms)
✔ seam: `reads` WITHOUT the flag still carries no in-dispatch key at all (108.908506ms)
✔ seam: two rotations later, `reads` still reports the cut and bills no marker (AC4) (70.82351ms)
✔ the marker carrying the new field is still filtered out of both folds (0.24516ms)
✔ every committed refusal token is still produced by the live tree (77.979735ms)
✔ the census is ONE-DIRECTIONAL: a token the list does not carry passes (50.756122ms)
✔ the list is sorted, distinct and non-empty, so a paste-back is visible (0.203871ms)
✔ the method reads LITERALS only: no sentinel and no expression is on the list (0.25562ms)
✔ the derivation reaches the whole bin tree, so no arm above is vacuous (38.114243ms)
✔ redactUrl: the git:// form, which git does NOT anonymize (0.784987ms)
✔ redactUrl: the path/scp-shaped form, the second one measured to leak (0.167701ms)
✔ redactUrl: an https:// form carrying userinfo, which git anonymizes itself (0.156691ms)
✔ redactUrl: a password-less userinfo is the whole credential and still goes (0.144647ms)
✔ redactUrl: a message with no URL in it comes back byte-identical (0.102296ms)
✔ redactUrl: an email address is an address, not a credential (0.07804ms)
✔ redactUrl: the credential on the second line of a multi-line message (0.100903ms)
✔ redactUrl: a non-string input is coerced, not passed through (0.100644ms)
✔ redactUrl: a userinfo span the window cut before its `@` still goes (0.143856ms)
✔ redactUrl: a port is not userinfo, at end-of-input as much as mid-body (0.165248ms)
✔ redactUrl: the end-of-input rules stay inside redactUrl's own half (0.130591ms)
✔ redactCredentials: an authorization echo loses the scheme word too (0.597627ms)
✔ redactCredentials: a credential-shaped query parameter, name and value (0.089242ms)
✔ redactCredentials: the JSON pair spelling, and the bare form-body one (0.0884ms)
✔ redactCredentials: a bare credential WORD is not a credential shape (0.072479ms)
✔ redactCredentials: total - a non-string input is coerced, nothing throws (0.119199ms)
✔ redactCredentials and redactUrl each keep their own coverage (0.059424ms)
✔ redactCredentials: a QUOTED value goes whole, spaces and all (0.097377ms)
✔ redactCredentials: camelCase names are credential names too (0.074063ms)
✔ redactCredentials: a quoted value cut before its closing quote still goes (0.068952ms)
✔ REDACTION_MARK is the string both redactors actually write (0.044536ms)
✔ cost: a whole ARTIFACT is linear, not quadratic (#167) (72.963439ms)
✔ the start lookbehinds remove attempts, never matches (0.205334ms)
✔ the scheme pin writes back the prefix it absorbed (0.062961ms)
✔ the register pins its row count and its router count (0.673673ms)
✔ the register is frozen, rows and all (0.112836ms)
✔ every row states a router, a branch and a cold path, all root-relative POSIX (0.284936ms)
✔ a cold file the tree does not have is reported against the COLD path (0.954722ms)
✔ a missing cold file is reported ONCE, not also as an unread branch (0.248106ms)
✔ a router carrying no plugin-root path for its cold file is an unread branch (0.336687ms)
✔ a bare `references/<file>` citation is NOT a Read (0.214141ms)
✔ a plugin-root path inside a FENCE is not a Read (0.252625ms)
✔ an unreadable ROUTER reports one unread branch per row, and never throws (0.308091ms)
✔ a references path the router names that no row declares is an unregistered branch (0.725201ms)
✔ an unregistered branch named twice is reported once (0.217077ms)
✔ a router naming ITSELF is not an unregistered branch (0.173703ms)
✔ a path inside a FENCED block is an argument, not a branch (0.141662ms)
✔ an INDENTED fence still hides its contents (0.245531ms)
✔ a path AFTER a fence closes is prose again (0.165207ms)
✔ a path outside cadence-core/references is not a branch (0.121964ms)
✔ arm 3 reads the ROUTER a row names, never every router at once (0.174625ms)
✔ a root with no cadence-core/references contributes nothing (0.100423ms)
✔ a clean fixture reports nothing (0.152212ms)
✔ a two-argument fail() is reported and a three-argument one is not (1.749948ms)
✔ an emit({ok:false, reason}) object literal is reported and a hinted one is not (0.422982ms)
✔ the conditional-spread hint spelling counts as hinted (0.317008ms)
✔ an emit({ok:true, ...}) is never reported (0.246503ms)
✔ a `usage` and an `internal` refusal are not reported (0.540256ms)
✔ a file the register excludes by name contributes nothing, hintless refusal and all (0.737205ms)
✔ every register row carries a one-line reason (0.175827ms)
✔ AC6: a substitute register excluding one more token shrinks the set by exactly that token's sites (0.367896ms)
✔ AC6: a substitute register excluding one more FILE drops that file alone (0.321286ms)
✔ D-08: a refusal inside a // comment or a /** */ block is not reported (0.366454ms)
✔ D-08: the reported line is the line in the ORIGINAL source, not the stripped one (0.247966ms)
✔ a reason that is an EXPRESSION is reported, with the expression named in the detail (0.259417ms)
✔ a site emitting ok:false with NO reason key is reported and its detail says so (0.222788ms)
✔ a call written inside a string or a regex character class is not a call (0.335654ms)
✔ a `function fail(...)` DECLARATION is a signature, not a site - its BODY still is (0.238288ms)
✔ a method call reached through a dot is somebody else's emit (0.198702ms)
✔ a *.test.mjs under the fixture bin is not walked - a test may write any shape (0.139047ms)
✔ a lib/ child IS walked (0.177591ms)
✔ a non-.mjs file under bin is off the walk (0.129398ms)
✔ an ABSENT cadence-core/bin reports nothing rather than throwing (0.101585ms)
✔ an UNREADABLE cadence-core/bin reports nothing rather than throwing (0.138426ms)
✔ refusalSites is the census refusalHintIssues is built on: hinted sites are counted, not filed (0.275289ms)
✔ every issue carries the uniform {kind, file, detail} shape and the one code (0.272012ms)
✔ bump: rewrites only version, preserves every other field, scaffolds changelog (36.752659ms)
✔ bump: a second run is a noop, plugin.json and CHANGELOG byte-identical (no double-bump) (59.979362ms)
✔ bump: no plugin.json -> skip, nothing written (29.868408ms)
✔ bump: no --version refuses even while PROJECT.md ### Active names one - the prose arm is gone (27.33735ms)
✔ bump: a present-but-unparseable plugin.json refuses, never reads as "not a plugin project" (32.221513ms)
✔ bump: a success envelope carries a machine reason code plus the human detail (29.240483ms)
✔ bump: --version IS the shipping number, and a leading v is stripped (36.967791ms)
✔ bump: a target BELOW the manifest version refuses, exit 1, nothing written (32.548581ms)
✔ bump: an unparseable --version refuses, exit 1, nothing written (30.913332ms)
✔ bump: an unparseable version IN THE MANIFEST refuses, exit 1, nothing written (30.307731ms)
✔ bump: a SIBLING that would downgrade is recorded as a refusal, not silently written (D-08) (36.260303ms)
✔ bump: an UNPARSEABLE sibling refuses the whole run, nothing written (D-07) (39.655729ms)
✔ bump: a present-but-UNREADABLE CHANGELOG refuses, nothing written (D-09) (30.905889ms)
✔ bump: a NON-REGULAR CHANGELOG that reads CLEANLY still refuses, nothing written (33.364086ms)
✔ bump: one run puts the staged Unreleased body INSIDE the dated section (31.570704ms)
✔ bump: a second identical run leaves plugin.json and CHANGELOG byte-identical (61.617394ms)
✔ bump: a third run after new content is staged promotes that too (66.605627ms)
✔ bump: an empty Unreleased body reports section_empty so the close authors the notes (33.032359ms)
✔ bump: a version-less PRIMARY manifest refuses, exit 1, nothing written (phase 1 D-01) (34.341762ms)
✔ bump: THIS repo's own manifest pair still bumps, marketplace.json recorded as skip (D-02) (30.819263ms)
✔ bump: changelog.state tells the three states apart by VALUE, not by key presence (D-10) (107.351849ms)
✔ bump: --version v refuses by NAMING the raw argument, not as no-target-version (D-06) (68.252597ms)
✔ bump: the three neighbouring --version spellings keep their own refusals (99.823191ms)
✔ unknown subcommand: usage, ok false (31.857454ms)
✔ bump: an EMPTY --dir refuses by name, exit 1, writes nothing (36.452502ms)
✔ bump: a VALUELESS --dir refuses by name, exit 1, writes nothing (28.49921ms)
✔ bump: --date refuses not a date at all, writing nothing (32.057728ms)
✔ bump: --date refuses not a date at all on a NON-plugin project too (26.321992ms)
✔ bump: --date refuses a well-shaped value outside the month and day ranges, writing nothing (26.398739ms)
✔ bump: --date refuses a well-shaped value outside the month and day ranges on a NON-plugin project too (31.744247ms)
✔ bump: --date refuses unpadded month and day, writing nothing (34.8986ms)
✔ bump: --date refuses unpadded month and day on a NON-plugin project too (31.785035ms)
✔ bump: --date refuses EMPTY - refuses rather than falling through to today (D-05), writing nothing (30.380529ms)
✔ bump: --date refuses EMPTY - refuses rather than falling through to today (D-05) on a NON-plugin project too (30.437679ms)
✔ bump: --date refuses a newline that forged a second release section, writing nothing (35.502319ms)
✔ bump: --date refuses a newline that forged a second release section on a NON-plugin project too (29.723078ms)
✔ bump: a trailing valueless --date refuses, writing nothing (30.930034ms)
✔ bump: an ABSENT --date still dates today (33.507661ms)
✔ bump: a well-formed --date still writes its dated heading (29.421019ms)
✔ bump: an ABSENT --date still dates today - only a PRESENT one is validated (27.372547ms)
✔ normalize: strips a single leading v from the explicit version (1.021921ms)
✔ normalize: null when no explicit version is given (never invent one) (0.129208ms)
✔ compare §11: 1.0.0-alpha < 1.0.0-alpha.1 (a longer identifier list wins a tie) (0.827458ms)
✔ compare §11: 1.0.0-alpha.1 < 1.0.0-alpha.beta (numeric ranks below alphanumeric) (0.121193ms)
✔ compare §11: 1.0.0-alpha.beta < 1.0.0-beta (ASCII order, left to right) (0.180256ms)
✔ compare §11: 1.0.0-beta < 1.0.0-beta.2 (0.097207ms)
✔ compare §11: 1.0.0-beta.2 < 1.0.0-beta.11 (numeric identifiers compare numerically, not as text) (0.564503ms)
✔ compare §11: 1.0.0-beta.11 < 1.0.0-rc.1 (0.087918ms)
✔ compare §11: 1.0.0-rc.1 < 1.0.0 (a prerelease sorts below its own release) (0.097136ms)
✔ compare: the numeric triple dominates - 2.0.0 > 1.9.9 (0.147534ms)
✔ compare: build metadata is ignored entirely - 1.0.0+a, 1.0.0+b and 1.0.0 are all equal (0.117185ms)
✔ compare: an out-of-grammar version is null, never a guessed order (0.058833ms)
✔ compare: a leading v is out of grammar here (normalizeTargetVersion strips it upstream) (0.032262ms)
✔ compare: majors above Number.MAX_SAFE_INTEGER still order correctly (0.034787ms)
✔ bump: current differs from target -> bump with from/to (0.103849ms)
✔ bump: current equals target -> noop (idempotency, no double-bump) (0.048102ms)
✔ bump: no version field on the manifest -> skip (D-03 sibling guard) (0.047481ms)
✔ bump: no target version -> refuse, never write a null (0.106835ms)
✔ bump: every verdict carries a machine code from the closed set (0.045918ms)
✔ bump: a target BELOW the manifest version refuses downgrade (never any-difference) (0.041149ms)
✔ bump: 1.1.0-rc.2 -> 1.1.0 is still an upgrade (a release outranks its prerelease) (0.032692ms)
✔ bump: 1.1.0 -> 1.1.0-rc.2 refuses downgrade (going back to a prerelease) (0.035678ms)
✔ bump: an unparseable TARGET refuses by name, naming the side and the value (0.042763ms)
✔ bump: an unparseable MANIFEST version refuses by name, naming the side and the value (0.039156ms)
✔ bump: the TARGET is checked before the manifest - one bad number refuses every manifest alike (0.043734ms)
✔ bump: a build-metadata-only difference is not an upgrade (0.040988ms)
✔ changelog: inserts heading + link reference above the [1.0.0] entry, unaltered (0.555355ms)
✔ changelog: idempotent - a second call for the same version is a no-op (0.120101ms)
✔ changelog: total on empty/missing input, no throw (0.097216ms)
✔ changelog: a released entry lands BELOW a leading [Unreleased] section, not above it (0.099611ms)
✔ changelog: Unreleased-only file (no released heading) appends the release after it (0.116603ms)
✔ changelog: empty url omits the link reference line entirely (no malformed [ver]: ) (0.118297ms)
✔ changelog: a `## ` line inside a fenced block is not a heading - the fence stays contiguous (D-09) (0.107446ms)
✔ promote: staged content ends up INSIDE the dated section, not stranded above it (0.320194ms)
✔ promote: [Unreleased] survives as an empty stub with nothing stranded under it (0.160427ms)
✔ promote: a second call is a no-op and byte-identical (idempotent on an empty body) (0.09367ms)
✔ promote: a re-run that staged NEW content promotes that too (not first-run-only) (0.106885ms)
✔ promote: no [Unreleased] section -> no-op, nothing invented (0.084252ms)
✔ promote: no dated heading for the target -> no-op, content stays staged (0.058702ms)
✔ promote: trailing link references stay put when [Unreleased] is the last section (0.575013ms)
✔ promote: a reference definition INSIDE the body travels with the content that cites it (0.138265ms)
✔ promote: sectionEmpty is false once content landed, true when the section stays bare (0.110592ms)
✔ changelog+promote: scaffolding then promoting puts the dated heading above the fence-open line, all five body lines between it and [1.0.0] (D-09) (0.096475ms)
✔ promote: a body of only ###/#### subheadings reports sectionEmpty:true (D-03) (0.055146ms)
✔ promote: a prose-only body with no bullets reports sectionEmpty:false (D-03) (0.066788ms)
✔ promote: a last-section body ending in a bare-key ref promotes BOTH the bullet and the definition (D-05) (0.144988ms)
✔ promote: a file-final ref naming an EXISTING heading stays in the trailing block, outside the promoted body (D-05) (0.129188ms)
✔ promote: total on junk input - a non-string text and a falsy version never throw (0.090684ms)
✔ an explicit repo-layer true is the one shape that authorizes (0.684945ms)
✔ an explicit repo-layer false does not authorize (0.184995ms)
✔ a repo config that never mentions the key does not authorize (0.129789ms)
✔ an absent .planning/config.json does not authorize (0.133306ms)
✔ truncated JSON does not authorize - the read fails CLOSED (0.162772ms)
✔ a user-global true cannot speak for a repository that stayed silent (0.195205ms)
✔ fixture state 1 - no report present: nothing to rotate (1.481263ms)
✔ fixture state 2 - one report present: rotates to the first free suffix (0.412632ms)
✔ fixture state 3 - several already rotated: takes the lowest free suffix (0.481765ms)
✔ the rotate-twice round trip leaves three readable reports, the earliest byte-identical (0.483337ms)
✔ a base report stored in another case is FOUND, not read as absent (0.16674ms)
✔ unreadable inputs throw rather than answering "nothing to rotate" (0.512223ms)
✔ AC6: both names rotation produces are matched by /cad-report's own glob (3.254405ms)
✔ isReportName: this plan's canonical report and its rotated siblings (0.170838ms)
✔ isReportName: the anchors are load-bearing - plan-11 is not plan 1 rotated (0.146742ms)
✔ isReportName: byte-exact on case, unlike the rename scan above it (0.20884ms)
✔ isReportName: a malformed plan number throws rather than answering (0.270079ms)
✔ isReportName: every name rotation PRODUCES is one it recognises (0.180677ms)
✔ requireInt: accepts a clean integer string (0.904917ms)
✔ requireInt: accepts a signed integer with surrounding whitespace (0.143596ms)
✔ requireInt: rejects non-numeric, empty, whitespace-only, and non-integer strings (0.12497ms)
✔ requireInt: rejects a boolean true (valueless flag) and undefined (0.108058ms)
✔ requirePhaseArg: a sub-phase keeps the caller's own spelling (0.223429ms)
✔ requirePhaseArg: a zero-padded phase addresses phases/08, not phases/8 (0.106444ms)
✔ requirePhaseArg: the raw spelling is trimmed (0.092698ms)
✔ requirePhaseArg: refuses everything the cursor shape refuses (0.124158ms)
✔ requireInt: refuses a value past the safe-integer range (0.126443ms)
✔ requireCursorNumber: refuses a value past the safe-integer range in both forms (0.273314ms)
✔ requirePhaseArg: refuses a value past the safe-integer range (0.13037ms)
✔ requirePhaseArg: the spellings the range guard must NOT touch still read (0.230302ms)
✔ lib/retired-keys.mjs is byte-identical - the eight risk.override.* keys stay retired (1.334782ms)
✔ model.profile points at the roles block, not at a key the write face refuses (0.22433ms)
✔ stakes reads as a v3.7.12 retirement naming the roles block and the interview (0.128396ms)
✔ model.auto.escalate_on_failure names the promoted key (0.093439ms)
✔ model.auto.ceiling reads as a removal, naming no replacement key (0.096555ms)
✔ model.auto.max_escalations reads as a removal, naming no replacement key (0.091987ms)
✔ a live key is not retired: granularity and workflow.research both return null (0.080345ms)
✔ a non-string key never throws and is not retired (0.097597ms)
✔ RETIRED_KEYS is frozen, so a caller cannot edit the shared map (0.100072ms)
✔ review.triggers.pre_ship.gate reads as a removal naming the milestone (0.163654ms)
✔ review.triggers.pre_ship.tier and .effort each name v3.2.0 too (0.113137ms)
✔ a config that set the pre-ship gate gets a v3.2.0 warning, not unrecognized-key (0.223279ms)
✔ a config still holding model.profile warns exactly once, naming the roles block (0.113467ms)
✔ a config still carrying stakes warns on the read face with the same pointer (0.106053ms)
✔ the presence of the key is the fault, whatever value it holds (0.116042ms)
✔ two retired auto keys yield two warnings, one each (3.557928ms)
✔ a live config warns about nothing (0.451606ms)
✔ a scalar at an intermediate segment yields no match and no throw (0.082709ms)
✔ an array at an intermediate segment yields no match and no throw (0.065265ms)
✔ a null or non-object config yields an empty list (0.064544ms)
✔ every Object.prototype member reads as not-retired, never as a v2.0.0 removal (0.093389ms)
✔ the guard costs the vocabulary nothing: a real retirement still reports since, replacement and detail (0.079944ms)
✔ parseEnvFile: comments, quotes, export prefix, blank lines (1.513424ms)
✔ resolveTimeoutMs: a usable configured value wins (0.118237ms)
✔ resolveTimeoutMs: anything unusable falls back to the default, never throws (0.091355ms)
✔ resolveTimeoutMs: an oversized value is clamped, never left to overflow (0.115361ms)
✔ resolveTimeoutMs: the default fits between a real review and the host ceiling (0.08877ms)
✔ resolveMaxPromptTokens: a usable configured value wins (0.085925ms)
✔ resolveMaxPromptTokens: anything unusable falls back to the default, never throws (0.081737ms)
✔ resolveMaxPromptTokens: a huge value is NOT clamped (0.096856ms)
✔ estimatePromptTokens: ceil of chars/4 over the string parts only (0.137734ms)
✔ estimatePromptTokens: the cap boundary - at the cap is not over it (0.376953ms)
✔ parseEnvFile quirks: = in values, asymmetric quotes, inline comments kept (0.094722ms)
✔ stripAdditionalProperties: removes the key at every depth, nothing else (0.550967ms)
✔ FINDING_SCHEMA: the bounds are stated on the wire, in every dialect (RVP-02) (0.714181ms)
✔ validateFindings: accepts the exact shape, names the first defect (0.209381ms)
✔ validateFindings: every schema bound refuses by its own name (RVP-02) (0.469521ms)
✔ validateConsult: angles need all three string fields (0.122135ms)
✔ schema-eval: every implemented keyword, both directions (RVP-02) (0.618447ms)
✔ agreement: the schema and validateFindings give the same verdict, every fixture (RVP-02) (1.003566ms)
✔ classify: tier hints applied, non-text modalities excluded, unknowns kept (0.30206ms)
✔ classify: shipped rule ordering - specific families beat generic substrings (0.135841ms)
✔ classify: injected hints prove first-match-wins mechanics (0.129479ms)
✔ broken or missing hints: classify STILL degrades to all-unknown (fail-safe), but the envelope now distinguishes them via warnings[] (#43) (0.419185ms)
✔ adapters: extractText handles both OpenAI response shapes and Gemini parts (0.132254ms)
✔ adapters: extractModels strips the Gemini models/ prefix and filters methods (0.127996ms)
✔ classify: deepseek families map to tiers, non-thinking gets no high_effort (0.122575ms)
✔ adapters: deepseek extractText reads choices[].message.content, extractModels reads data[].id (0.074683ms)
✔ adapters: deepseek structuredRequest is chat/completions json_object with the bare schema in-prompt (0.180988ms)
✔ parseArgs: subcommand plus --flag value pairs (0.210364ms)
✔ ARG-06: a flag-shaped value is bad-args by NAME, never a domain refusal (232.740199ms)
✔ cli: unknown command degrades to bad-command (37.437784ms)
✔ cli: unknown provider degrades to bad-provider (43.352474ms)
✔ cli: invoked through a symlink still runs (argv[1] vs import.meta.url divergence) (39.48389ms)
✔ cli: missing key degrades to no-key naming where to set it (45.340719ms)
✔ cli: deepseek missing key names DEEPSEEK_API_KEY (36.658548ms)
✔ cli: malformed payload degrades to bad-payload before any network call (71.901789ms)
✔ cli: key file is actually parsed (env absent, file supplies the key, flow reaches payload) (33.425724ms)
✔ cli: an over-cap review payload is refused before any request (46.172916ms)
✔ cli: an over-cap consult payload is refused the same way (50.592938ms)
✔ cli: a non-string payload field is refused, so the cap cannot be walked past (126.556202ms)
✔ cli: review and consult without --model degrade to bad-args before key lookup (77.917043ms)
✔ cli: consult payload must carry {situation} (39.184886ms)
✔ cli: an env-set key wins - flow proceeds even when the key file is absent (33.561314ms)
✔ cli: key-file paths expand ~ and default to XDG_CONFIG_HOME (80.6203ms)
✔ provider trace: a command that issues no request is STILL recorded, naming its reason (40.770478ms)
✔ provider trace: --trigger rides the event, joining the call to its fire (37.718882ms)
✔ provider trace: a call without --trigger writes an event with no trigger key (34.782938ms)
✔ provider trace: an over-cap refusal records itself, from its own process (35.89919ms)
✔ provider trace: an unwritable trace changes the envelope by not one byte (75.552744ms)
✔ harness: a body split across chunks reaches the seam as the same body (3.722493ms)
✔ harness: a destroyed response stops the emit loop mid-list (13.493234ms)
✔ fault: the destination is the adapter base, and no environment variable moves it (1.009076ms)
✔ fence: a credential in the artifact does not reach the wire (#167) (0.605713ms)
✔ fence: a clean artifact crosses byte-identical and adds no field (#167) (0.354721ms)
✔ fence: consult fences its situation too (#167) (0.440145ms)
✔ fence: an artifact that already holds the mark still reports a redaction (#167) (0.367996ms)
✔ fence: the cap measures the FENCED text, not the raw payload (#167) (0.30741ms)
✔ fault mode 1/6 - request timeout: the caller sees transport, and the trace names it (0.40119ms)
✔ fault mode 2/6 - HTTP 4xx: the caller sees http with the status, and the trace names it (0.434263ms)
✔ fault mode 3/6 - HTTP 5xx: the caller sees http with the status, not a retry (0.36996ms)
✔ fault mode 4/6 - a dead or unknown model id: the provider 404 reaches the caller intact (0.354991ms)
✔ fault mode 5/6 - a malformed or truncated body: bad-json, and no text at all: no-output (0.488788ms)
✔ fault mode 6/6 - an EMPTY findings set is ok:true and is NOT a drop-out (D-22) (0.289355ms)
✔ fault: consult and detect-models degrade through the same six-mode mapping (0.467026ms)
✔ bound: a response past the ceiling is over-response, and the stream is CUT (2.05279ms)
✔ bound: one read path, so consult and detect-models are bounded by the same change (2.064462ms)
✔ bound: a body one byte under the ceiling still resolves exactly as before (9.08814ms)
✔ bound: an ordinary socket error is still transport, not over-response (0.386431ms)
✔ bound: the http envelope carries a capped, sanitized excerpt - one shape always (0.443351ms)
✔ bound: a body over the excerpt cap is cut, and says so (0.521671ms)
✔ bound: a body near the RESPONSE ceiling is excerpted in bounded time (0.63067ms)
✔ drop-out: every refusal before the wire writes ONE provider event naming its reason (2.305895ms)
✔ drop-out: `bad-command` records nothing - no command ever began (0.225082ms)
✔ fault: a 200 the schema does not match is bad-shape, distinct from bad-json (0.294345ms)
✔ CST-04: every adapter records the usage ITS provider reported, in its own spelling (1.358617ms)
✔ CST-04: a response carrying no usage writes NEITHER key - absent, never zero (0.852967ms)
✔ CST-04: a credential-shaped span in the provider usage object never reaches the trace (2.087556ms)
✔ CST-04: a call that burned its budget and came back unusable still records what it burned (1.175566ms)
✔ CST-04: provider usage is its OWN denomination and reaches no role total (D-01) (1.451075ms)
✔ RVP-01: the response is bounded by bytes Cadence owns, and the failure envelope is capped (1.266731ms)
✔ bound: a credential straddling the sanitize window does not reach the envelope (0.441999ms)
✔ EXP-02: a userinfo span the window cut before its `@` never reaches the excerpt (0.242395ms)
✔ EXP-02: the same cut span at high magnitude - the class, not the issue figure (0.125331ms)
✔ RVP-02: local validation refuses exactly what the canonical schema refuses (0.701716ms)
✔ a risky range matches a category and names the signal that found it (3.175504ms)
✔ a clean range is judged clean: no matches, and not inconclusive (0.96929ms)
✔ a binary-only range is inconclusive, never collapsed into a clean answer (0.142704ms)
✔ an empty body is a COMPLETED check of an empty range, not an unchecked one (0.109771ms)
✔ a substring is not a path signal: src/authority.rs is not `auth` (0.210634ms)
✔ a null body returns a record rather than throwing (0.087348ms)
✔ a scalar body returns a record rather than throwing (0.082648ms)
✔ a partly-binary range that also matched reports BOTH, not one or the other (0.155569ms)
✔ a gitlink bump is inconclusive: git emitted a hunk, the nested code is not in it (0.130941ms)
✔ a submodule ADD is inconclusive on the same grounds (0.205885ms)
✔ a gitlink beside a readable file reports BOTH the match and the unread half (0.193051ms)
✔ the vocabulary is the CALLER's: a category outside it is never reported (0.119188ms)
✔ context lines are not an input - only added and removed lines are read (0.1143ms)
✔ resolveRange: an unresolvable HEAD keeps the base git DID resolve, and names `head` (50.972316ms)
✔ resolveRange: an unresolvable BASE keeps the head, and names `base` (50.230853ms)
✔ risk-check run: a risky range answers ok:true with matches AND leaves one record (85.09106ms)
✔ risk-check run: a CLEAN range leaves the same record - the whole point of the seam (85.724466ms)
✔ risk-check run: a SAME-COMMIT range is a completed empty check, not an unchecked one (71.629928ms)
✔ risk-check run: a REVERT PAIR is empty too - the ids differ and the net diff does not (87.969855ms)
✔ risk-check run: a diff DRIVER cannot turn a risky range into a completed EMPTY check (86.885163ms)
✔ risk-check run: a record quoting a destructive command is a completed CLEAR, not a fire (84.656947ms)
✔ risk-check run: withholding the record does not withhold detection from the code beside it (103.032089ms)
✔ risk-check run: `ADJUDICATION-risk_surface-plan-1.json` is withheld from the range the gate reads (94.902428ms)
✔ risk-check run: `REVIEW-risk_surface-plan-1.md` is withheld from the range the gate reads (92.017311ms)
✔ risk-check run: `FINDINGS.json` is withheld from the range the gate reads (90.377695ms)
✔ risk-check run: `verifier-findings.json` is withheld from the range the gate reads (87.039247ms)
✔ risk-check run: a PLAN.md in the SAME directory still trips - the boundary is the four shapes (88.486174ms)
✔ risk-check run: EVERY entry of the withheld set is exercised, however many it holds (335.079543ms)
✔ risk-check run: a --surfaces token outside the eight is refused, and appends NOTHING (63.612412ms)
✔ risk-check run: an unreadable range is ok:false, and STILL leaves its record (60.626652ms)
✔ risk-check run: an unresolvable HEAD keeps the base id and states the cause on the row (59.822258ms)
✔ risk-check run: the mirror - an unresolvable BASE keeps the head id and names `base` (60.644266ms)
✔ risk-check run: --base and --head are required, and a flag-shaped ref is refused (103.923528ms)
✔ risk-check run: --base <ref> --staged scans the INDEX and records it as staged (62.108004ms)
✔ risk-check run: a staged row carries the INDEX id, the identity its base cannot carry (57.613259ms)
✔ risk-check run: --staged reads the INDEX alone - an unadded worktree file is outside it (54.075559ms)
✔ risk-check run: an EMPTY index is a completed empty check, not an unchecked one (54.110917ms)
✔ risk-check run: --head and --staged together are two spellings of one scope, refused (56.743299ms)
✔ risk-check run: a --staged run whose base does not resolve keeps the staged shape (56.335747ms)
✔ risk-check run: a REF-RANGE row carries no `staged` field at all (64.409941ms)
✔ risk-check run: --plan with nothing after it is refused, never read as plan 1 (64.304128ms)
✔ risk-check status: a completed range with no record refuses, naming the plan (45.944286ms)
✔ risk-check status: appending the plan-1 record makes the identical call pass (46.822701ms)
✔ risk-check status: an EMPTY committed range is `recorded`, not `risk-record-missing` (108.497032ms)
✔ risk-check status: a PRE-FIX empty-range record still refuses - an absent flag is not empty (46.130994ms)
✔ risk-check status: a checkpoint AND a return for one plan report it once, not twice (44.683276ms)
✔ risk-check status: a record from an earlier, narrower range is STALE, not satisfaction (110.692716ms)
✔ risk-check status: a record left under `--head HEAD` does not satisfy a LATER HEAD (153.726767ms)
✔ risk-check status: a ref that cannot be resolved is a refusal, never a match (104.049227ms)
✔ risk-check status: a STAGED run is the record a staged ask finds (96.387042ms)
✔ risk-check status: a staged record does not answer for a LATER index (181.507915ms)
✔ risk-check status: a staged record carrying NO index id is never a match (95.608809ms)
✔ risk-check status: a REF-RANGE record does not satisfy a STAGED ask (95.146952ms)
✔ risk-check status: both scopes together, and a staged ask with no --plan, are refused (82.785431ms)
✔ risk-check status: a staged ask whose base does not resolve refuses, naming `base` (47.441678ms)
✔ risk-check run: the record carries the resolved commit ids beside the spellings (55.851887ms)
✔ risk-check status: a record whose git read FAILED is not a check, and does not satisfy (40.581715ms)
✔ risk-check status: a NAMED range whose only record is unchecked is refused too (51.623593ms)
✔ risk-check status: an INCONCLUSIVE record satisfies the RECORD half, with the flag on the row (38.693191ms)
✔ risk-check status: a phase with no completed executor range is ok:true and empty (38.629428ms)
✔ risk-check status: the range triple is all three or none (37.992545ms)
✔ risk-check status: a named range is required even when its return never landed (53.245105ms)
✔ risk-check status: an EARLIER invocation of the same cycle is still required (40.537028ms)
✔ risk-check status: a signed-off cycle stops being required, an unsigned one does not (40.996039ms)
✔ risk-check status: a PARTIAL verdict is not a bound (37.341025ms)
✔ risk-check status: an UNREADABLE sign-off is not a bound (38.603097ms)
✔ risk-check status: a return the bound cannot PLACE is still required (37.1195ms)
✔ risk-check status: a PREVIOUS cycle's completed range does not hold this run open (38.871542ms)
✔ risk-check status: scoping to this run is not a blanket pass - the CURRENT corr still refuses (37.810666ms)
✔ risk-check status: a record left under a PREVIOUS cycle does not satisfy this run (39.549062ms)
✔ risk-check status: a MATCHED range with no fire receipt is refused (38.053492ms)
✔ risk-check status: an outcome `adjudication` clears a matched range (37.300778ms)
✔ risk-check status: an outcome `adjudication` for ANOTHER trigger clears nothing (40.187297ms)
✔ risk-check status: an outcome `rearm` clears a matched range (37.4426ms)
✔ risk-check status: an outcome `rearm` for ANOTHER trigger clears nothing (43.582963ms)
✔ risk-check status: an outcome `gate_pass` clears a matched range (38.789304ms)
✔ risk-check status: an outcome `gate_pass` for ANOTHER trigger clears nothing (41.148591ms)
✔ risk-check status: an outcome `override` clears a matched range (41.217102ms)
✔ risk-check status: an outcome `override` for ANOTHER trigger clears nothing (39.476703ms)
✔ risk-check status: a receipt under a PREVIOUS cycle's corr clears nothing (39.52195ms)
✔ risk-check status: a range the detector CLEARED needs no receipt at all (39.518904ms)
✔ risk-check status: an INCONCLUSIVE range still needs the fire receipt (42.326151ms)
✔ risk-check status: a checked:false record reports `unchecked`, never the new state (39.713327ms)
✔ risk-check status: a NAMED range that matched is refused until its fire is recorded (138.16047ms)
✔ risk-check status: an explicit user OVERRIDE written through the seam clears the range (117.898179ms)
✔ risk-check status: an earlier fire's receipt does not clear a LATER matched range (137.522173ms)
✔ risk-check status: a non-empty matches nothing can name still reads as FIRED (37.523163ms)
✔ risk-check status: a reasonless override is not a receipt (76.65782ms)
✔ risk-check status: the PHASE-WIDE arm needs a receipt per fired range too (90.079365ms)
✔ risk-check status: a receipt for another BASE over the same head settles nothing (58.769604ms)
✔ risk-check status: a receipt with no --base settles nothing when the record has ids (59.557596ms)
✔ risk-check status: a receipt written with no --plan joins nothing (39.157079ms)
✔ risk-check run: an UNANSWERED project is refused rather than detected on a defaulted scope (49.281196ms)
✔ risk-check run: an unanswered project with --surfaces named is NOT refused (54.080446ms)
✔ risk-check run: a half-answered list fails SAFE - refused, not narrowed to its valid subset (47.998976ms)
✔ risk-check run: the ANSWERED set scopes detection, rather than being resolved and dropped (54.305698ms)
✔ risk-check run: a TORN config layer is refused even when --surfaces was named (91.323541ms)
✔ risk-check run: the answer is judged against the schema enum, not a local list (0.345794ms)
✔ the census: neither this file nor the detector matches the detector (7.83784ms)
✔ scanDeclared: a declared path with NO body still matches by path segment (0.190075ms)
✔ scanDeclared: a body matches only when its category is in the vocabulary (0.504197ms)
✔ scanDeclared: a signal-table file is exempt from the CONTENT pass, by path (1.19833ms)
✔ scanDeclared: the OTHER signal-table file matches nothing under either path (2.370409ms)
✔ scanDeclared: a content match says `body line`, and never that a line CHANGED (0.084552ms)
✔ scanDeclared: no signal this face returns anywhere contains "changed line" (0.11947ms)
✔ scanDeclared: a DOCUMENT body is prose - the same bytes are code under a source path (0.10938ms)
✔ scanDeclared: a document still evidences by PATH, and no extension is not a document (0.076577ms)
✔ scanDeclared: the document rule is scoped to THIS face - scanDiff still reads a .md hunk (0.047181ms)
✔ scanDeclared: an IMPORT of a risky name is not evidence, and calling it still is (0.0521ms)
✔ scanDeclared: a literal CONSTANT is not evidence, and a call that uses one still is (0.046579ms)
✔ scanDeclared: a constant initialized by a CALL still counts - the literal rule is load-bearing (0.033184ms)
✔ scanDeclared: a MIXED line is never withheld - the exemption ends at the statement (0.053162ms)
✔ scanDeclared: the line-kind rule is scoped to THIS face - scanDiff still reads an added import (0.047511ms)
✔ scanDeclared: `withheld` names the file and the category whose only evidence was withheld (0.050346ms)
✔ scanDeclared: a category that SURVIVES on a kept line is not named as withheld (0.059925ms)
✔ scanDeclared: PATH evidence is never reported as withheld - the exemption did not cost it (0.040848ms)
✔ scanDeclared: a null, a scalar and an absent body each report rather than throw (0.139388ms)
✔ scanDeclared: one signal ORDER serves both faces - path evidence wins over content (0.051188ms)
✔ risk-check status: a skipped EARLIER plan does not refuse a LATER plan's named range (134.88888ms)
✔ risk-check status: a skip carrying NO sha satisfies nothing (38.828108ms)
✔ risk-check status: a skip answers only for the self-comparing range it describes (137.54225ms)
✔ risk-check status: a record outranks a skip for the same plan (36.972496ms)
✔ an issuing file with no relay paragraph is one issue, naming the line (4.669621ms)
✔ the same text plus the relay paragraph is clean (0.477607ms)
✔ a file that only MENTIONS the resolve inline issues nothing (0.096155ms)
✔ `relay` and `warnings` in DIFFERENT paragraphs do not satisfy each other (0.131753ms)
✔ a paragraph re-wrapped across lines still states the rule (0.112075ms)
✔ two issuing sites in one unrelayed file report one entry each (0.148826ms)
✔ a quoted and an unquoted plugin-root path both count as issuing (0.100373ms)
✔ the brace-less $CLAUDE_PLUGIN_ROOT spelling is an issuing site too (0.09873ms)
✔ the brace-less spelling plus the relay paragraph is clean (0.113729ms)
✔ a plugin-root invocation of a DIFFERENT script is not an issuing site (0.146542ms)
✔ route.mjs `table` is not a resolve (0.087588ms)
✔ relay is word-bounded: "relayed" alone does not state the rule (0.06769ms)
✔ the relay paragraph may sit BEFORE the invocation (0.060165ms)
✔ a non-string input yields [], never a throw (0.154466ms)
✔ a resolve returns the whole bundle, and no level anywhere in it (38.49384ms)
✔ default cad-planner: the schema's own rung, and no model (34.904482ms)
✔ default cad-assumptions-analyzer: the schema's own rung, and no model (39.636894ms)
✔ default cad-verifier: the schema's own rung, and no model (33.974116ms)
✔ default cad-reviewer: the schema's own rung, and no model (44.47136ms)
✔ default cad-executor: the schema's own rung, and no model (32.399645ms)
✔ default cad-plan-checker: the schema's own rung, and no model (37.059888ms)
✔ a pin replaces the model at every role and never touches its rung (219.064516ms)
✔ the review map with nothing configured is the schema defaults (38.502336ms)
✔ verify is off wherever no floor raised (38.553014ms)
✔ risk_surface is blocking with nothing configured - a match is never waved through (37.255383ms)
✔ a config gate that AGREES with the schema default is taken silently (41.113096ms)
✔ a config gate that DISAGREES wins, and the reason names both values (D-04) (37.660019ms)
✔ an unset gate says the schema default answered it (38.796851ms)
✔ no configured reviewers resolves every trigger to claude-subagent, silently (35.21107ms)
✔ a provider with no model id at the trigger's tier falls back, naming both (41.43252ms)
✔ a provider WITH a model id at that tier is the resolved reviewer (76.511255ms)
✔ a config-set tier wins over the schema default for the availability test (D-04) (39.413785ms)
✔ one available reviewer beside one unavailable keeps the set and names the drop (36.199988ms)
✔ the reviewer set is its own field - `review` gains, loses and reorders nothing (34.376107ms)
✔ the key absent from both layers resolves all eight, marked unanswered (37.648718ms)
✔ a repo layer setting two categories resolves exactly those two, marked answered (39.950334ms)
✔ an entry outside the vocabulary fails SAFE and is NAMED, never narrowed to the valid subset (33.680172ms)
✔ a non-list value contributes nothing and all eight stand (33.619996ms)
✔ a list that resolves to no category reads as UNANSWERED, not as an empty scope (30.631261ms)
✔ the surface set is its own field - `review` and `reviewers` gain nothing (38.214794ms)
✔ a schema rung default naming no rung of the role degrades to unresolved (34.644272ms)
✔ the shipped DEFAULT holds a retry - escalation is opt-in, and the hold is diagnosable (68.710134ms)
✔ escalation climbs exactly ONE rung, on every role (213.855976ms)
✔ escalation climbs from the CONFIGURED start, never from the schema default (31.058451ms)
✔ at the TOP rung a retry holds, and says there is nothing above it (31.910997ms)
✔ model.escalate_on_failure: false holds the rung and names the key in reason (33.500667ms)
✔ a config still holding model.profile warns and never reports a configured layer (32.580311ms)
✔ the first reason names the LAYERS that were read, and claims nothing about them (33.881098ms)
✔ resolve: a non-integer --attempt is usage, not silently coerced (#45.2) (67.293165ms)
✔ resolve: a valueless --file is usage, not reason:"internal" (both spellings) (95.205669ms)
✔ usage degradation: missing --role and unknown subcommand (89.231114ms)
✔ ARG-06: a flag-shaped value is refused BY NAME, never swallowed as the value (191.054788ms)
✔ the cross-model panel for plan: both halves ride the envelope (31.231101ms)
✔ the cross-model panel for diff: both halves ride the envelope (29.844591ms)
✔ the cross-model panel for risk_surface: both halves ride the envelope (30.998155ms)
✔ the cross-model panel for phase_diff: both halves ride the envelope (31.565724ms)
✔ the panel does not move with the ROLE - only its own two keys decide it (705.87477ms)
✔ the envelope's top-level effort stays the agent RUNG, not the panel effort (22.578747ms)
✔ a config-set effort wins over the schema default, like the tier (26.181421ms)
✔ an out-of-vocabulary config tier or effort is refused with a warning, like a gate (30.239448ms)
✔ a schema row with no effort default answers null, never a dropped key (27.315197ms)
✔ unknown role degrades to ok:false (caller falls back to session default) (26.521043ms)
✔ missing config file uses schema defaults, does not crash (27.810878ms)
✔ neither stakes nor stakes_set rides the envelope, key present or not (54.601377ms)
✔ global layer applies when no repo config is present (25.243521ms)
✔ repo config overrides the global layer (repo wins) (25.736567ms)
✔ layers deep-merge: a global model block and a repo roles key combine (26.126515ms)
✔ an override pins one role and leaves the others at the session model (53.535512ms)
✔ a pin keeps the rung swap - the two answers do not touch (26.395682ms)
✔ a pin the host does not accept warns and sends NO model parameter (25.057343ms)
✔ a roles-block model and rung resolve together, and pinned stays FALSE (30.697747ms)
✔ a roles model the host does not accept warns, and no parameter is sent (AC7) (25.622588ms)
✔ a rejected roles model does NOT fall through to the pin (27.635101ms)
✔ a roles model WINS over the pin, and a warning names the winner (27.235524ms)
✔ overrides layer: repo pin wins over a global pin (27.519539ms)
✔ an unreadable schema degrades to ok:false, reason bad-schema, no stack (52.048217ms)
✔ every rung the MAP names has an agent file carrying exactly that effort (0.528544ms)
✔ CADENCE_CONFIG_SCHEMA without the sentinel is ignored, and silently (48.964471ms)
✔ a config gate outside the five values loses to the schema default, and says so (25.061792ms)
✔ a gate of the wrong TYPE takes the same path as a typo (108.385646ms)
✔ a VALID disagreeing gate still wins - the check runs in front of D-04, not over it (25.05024ms)
✔ with NO triggers block the schema default decides phase_diff (25.375404ms)
✔ the SCAFFOLDED template carries no triggers block, so nothing overrides the default (25.910431ms)
✔ a VALID agreeing gate still emits no warning (27.977066ms)
✔ an injected schema decides the gate - route.mjs reads the file, not a copy (25.402867ms)
✔ the schema injection is GATED behind CADENCE_TEST_SEAM, like the table (28.36956ms)
✔ a schema row with no values list accepts no configured gate at all (26.599202ms)
✔ a configured start rung replaces the schema default, and picks that rung's file (27.151232ms)
✔ a configured start rung reaches the top of a role's own ladder (28.337307ms)
✔ a start rung equal to the default says so rather than claiming a change (25.255433ms)
✔ the start rung is read from the merged config LAYERS, never a plugin file (24.999933ms)
✔ a hand-edited rung the role has no FILE for is refused, never fail-open dispatched (28.205494ms)
✔ a roles-block start rung replaces the schema default, and picks that rung's file (24.818074ms)
✔ the roles block WINS over model.effort, and a warning names the winner (25.961208ms)
✔ a rung outside the ladder loses its turn, and the NEXT source answers (53.414319ms)
✔ a roles entry that is not a map contributes nothing, and the older key answers (26.521212ms)
✔ a retry climbs one rung from the CONFIGURED start, not from the schema default (26.666601ms)
✔ a retry never resolves BELOW the rung that failed (25.313435ms)
✔ model.escalate_on_failure: false still wins over the start rung, unchanged (24.976969ms)
✔ unknown-role still reports the retired key the config is holding (26.636805ms)
✔ unresolved still reports it too, where the whole array was dropped (24.702082ms)
✔ a clean ok:false carries no empty warnings array (25.424278ms)
✔ a usage refusal names no config layer, because none was read (25.800369ms)
✔ a resolve records ONE routing event carrying the decision, not the text (27.753277ms)
✔ an unwritable trace changes the resolve envelope by not one byte (57.878394ms)
✔ a planning root that is not a directory resolves clean and records nothing (27.331988ms)
✔ no phase and no cursor records nothing rather than an unjoinable line (27.6248ms)
✔ the cursor supplies the phase when --phase is absent (27.53592ms)
✔ CER-01: a malformed --phase is REFUSED and routes nothing, reversing the warn arm (158.932651ms)
✔ --bracket-read writes the lifecycle dispatch event beside the routing event (24.720127ms)
✔ --bracket-plan overrides the worker key without touching the role (27.340926ms)
✔ a degraded resolve still writes the bracket - the caller dispatches on every arm (26.369171ms)
✔ no --bracket-read means no lifecycle event - the switch is the flag (25.566089ms)
✔ an unwritable trace leaves the bracketed envelope byte-identical (50.547156ms)
✔ a valueless --bracket-read is refused, not recorded as an empty read-set (25.150903ms)
✔ nothing fires `deferred` on its own - no schema default names it (50.939169ms)
✔ floor: a phase that reads clean raises neither effect, and says it read (28.877544ms)
✔ floor: a declared file on an answered surface raises BOTH effects and cites it (31.497531ms)
✔ floor: a raise moves NOTHING else - the model, the rung and the other gates hold (61.121547ms)
✔ floor: a config still CARRYING stakes changes nothing about what the floor does (57.060885ms)
✔ floor: a CONFIGURED plan gate stands, and the floor says it moved none (28.489259ms)
✔ floor: an INVALID configured plan gate never won, so it does not withhold the raise (29.101454ms)
✔ floor: a plan gate already AT or ABOVE blocking is left where it is (26.50463ms)
✔ floor: an UNANSWERED category cannot raise - the scope is the answered set (D-10) (29.902881ms)
✔ floor: a declared file that does not exist yet still evidences by PATH (26.801359ms)
✔ floor: an OVERSIZED declared body withholds the discount rather than reading as clean (29.670335ms)
✔ floor: a declared path that is not a REGULAR file is refused unopened and terminates (31.305974ms)
✔ floor: a declared path through a symlinked PARENT is refused at the repository boundary (29.104058ms)
✔ floor: an ordinary NESTED path is still read and still raises (27.139438ms)
✔ floor: the two pre-plan roles are exempt and say they were not computed (85.057238ms)
✔ floor: a --file pointed at ANOTHER tree reads that tree's files, not this one's (28.283955ms)
✔ fail-closed: an absent phase directory raises both effects (26.986124ms)
✔ fail-closed: a phase directory with no PLAN file is the same arm (28.389377ms)
✔ fail-closed: a PLAN whose frontmatter is out of grammar holds the configured stakes (27.47904ms)
✔ fail-closed: a PLAN whose file mode makes it unreadable holds the configured stakes (25.128189ms)
✔ fail-closed: ONE unreadable plan holds a whole two-plan scope up (the aggregation rule) (26.705265ms)
✔ fail-closed: the paired POSITIVE - both plans clean and surfaceless raises nothing (31.292388ms)
✔ template-initialised: a repo scaffolded from the SHIPPED template reaches both arms (53.947711ms)
✔ declared-nothing: a plan with an EMPTY files: list does not pass as clean (26.464814ms)
✔ declared-nothing: a plan with NO files: key at all takes the same arm (29.65758ms)
✔ declared-nothing: the UAT probe verbatim - the SHIPPED template plus a task Files: line (27.863628ms)
✔ declared-nothing: ONE silent plan holds a two-plan scope up, like an unreadable one (26.282374ms)
✔ declared-nothing: the model and the rung are untouched - this arm raises two things (26.394048ms)
✔ --plan: a clean plan in a mixed phase is NOT raised by its risky sibling (30.645657ms)
✔ --plan: the risky plan of the same phase, and the phase UNION, both raise (56.682259ms)
✔ --plan: a key naming no plan file fails CLOSED, never widening to the union (31.57009ms)
✔ --plan: a bare flag and a bad value are both REFUSED (100.117435ms)
✔ --plan: it is NOT --bracket-plan, which still keys the trace alone (29.893442ms)
✔ waiver: a waived surface raises neither effect (26.817941ms)
✔ waiver: the same phase without the key raises both, and names the surface (27.127765ms)
✔ waiver: the destructive surface, raised and then withheld by the key (AC5) (82.206024ms)
✔ waiver: it withholds the raise and NOT the review - the gate key is untouched (27.204633ms)
✔ waiver: naming a DIFFERENT surface than the one matched waives nothing (26.040809ms)
✔ waiver: when the top match is waived, the next UNWAIVED match still raises (27.238849ms)
✔ waiver: a value outside the eight categories rides warnings and waives nothing (53.872757ms)
✔ waiver: a waived scope that ALSO failed to read still raises - the fail-closed arm wins (27.935496ms)
✔ no clamp: a raised floor leaves the configured rung exactly where it was (27.757264ms)
✔ no clamp: the same rung on a surfaceless phase - the two are indistinguishable (50.287397ms)
✔ no clamp: a ROLES-block rung survives a raised floor too (25.214183ms)
✔ no clamp: a pre-plan role is untouched, floor or no floor (26.29119ms)
✔ replay: the subcommand is refused as usage, and the synopsis names it no more (22.676554ms)
✔ rungFile returns the UNSUFFIXED file where that is the rung it carries (2.414895ms)
✔ rungFile returns the suffixed file for every other rung (0.10941ms)
✔ rungFile is not a naming convention - the analyzer inverts it (0.083029ms)
✔ a rung the role does not carry is null, never a guessed filename (0.074513ms)
✔ an unknown role is null, and a non-string rung does not throw (0.076757ms)
✔ rungFile never inherits a prototype property as a rung (0.065877ms)
✔ rungFiles lists every stem a role names, in rung order (0.48466ms)
✔ rungFiles on an unknown role is empty, never a throw (0.095985ms)
✔ RUNG_FILES names 30 files across the six roles, and is frozen (0.15113ms)
✔ RUNG_ORDER is exactly the five rungs, weakest first, and is frozen (0.165708ms)
✔ the SHIPPED map and RUNG_ORDER agree - no issue at all (0.163253ms)
✔ rung-order-drift: a role whose map DROPS a rung (0.181609ms)
✔ rung-order-drift: a role whose map REORDERS its rungs (0.089341ms)
✔ rung-order-drift: a role carrying an EXTRA rung the ladder does not name (0.05208ms)
✔ rungOrderIssues is total on its inputs - a junk map never throws (0.085704ms)
✔ rungBody names the contract and NO rung - the prefix is shared (RNG-03) (0.106545ms)
✔ rungBody takes the SKILL alone, so two rungs of one role get one body (0.050978ms)
✔ rungBodyIssue accepts the canonical body (0.163083ms)
✔ rungBodyIssue accepts a RE-WRAPPED body - line breaks are not load-bearing (0.102116ms)
✔ rungBodyIssue REJECTS appended prose carrying no section tag - the denylist hole (0.079352ms)
✔ rungBodyIssue REJECTS a same-size replacement of the pointer paragraph (0.064334ms)
✔ rungBodyIssue accepts a body pointing at ANY ONE declared skill (0.051308ms)
✔ rungPrefixIssues: byte-identical rung bodies are NOT reported (0.18782ms)
✔ rungPrefixIssues: ONE re-wrapped line break is reported, naming role and file (0.160618ms)
✔ rungPrefixIssues: rungBodyIssue FORGIVES the same edit - not a duplicate rule (0.18242ms)
✔ rungPrefixIssues: the MINORITY is what broke rank, not the majority (0.098198ms)
✔ rungPrefixIssues: a role contributing ONE body yields nothing (0.054154ms)
✔ rungPrefixIssues: a stem the map does not name is not this rule's business (0.047061ms)
✔ rungPrefixIssues: a non-string body is treated as absent, never as a difference (0.059775ms)
✔ rungPrefixIssues: the SHIPPED agents/ tree carries one body per role (0.50575ms)
✔ rungEffortIssue accepts a file whose effort IS the rung it is filed under (0.106014ms)
✔ rungEffortIssue REJECTS a file carrying a different effort than its rung (0.067981ms)
✔ rungEffortIssue REJECTS a rung file with no effort key at all (0.071507ms)
✔ rungEffortIssue holds the UNSUFFIXED file to its own rung (0.062119ms)
✔ rungEffortIssue reads the map, not the suffix - the analyzer inverts (0.055006ms)
✔ rungEffortIssue ignores a stem the map does not name (0.083861ms)
✔ the SHIPPED schema and the rung ladder agree - no issue at all (0.302931ms)
✔ effort-enum-drift: a rung dropped from a role's enum, naming the key (0.226305ms)
✔ effort-enum-drift: a non-enum TYPE with a correct values list, named by key (0.221475ms)
✔ effort-enum-drift: a rung the role does NOT have, added to its enum (0.063632ms)
✔ effort-enum-drift: the rungs are right but the ORDER is not (0.043904ms)
✔ effort-enum-drift: null missing from the end is drift, not a detail (0.067409ms)
✔ effort-enum-drift: a rung the rung ladder does not carry (0.21898ms)
✔ an absent rung ladder skips ONLY the vocabulary arm (0.136612ms)
✔ missing-effort-key: a role in the map with no schema key at all (0.22929ms)
✔ unknown-effort-role: a schema key naming a role the map does not hold (0.104099ms)
✔ a non-object schema yields every role as missing, never a throw (0.092568ms)
✔ roles.<role>.effort: a rung dropped from its enum, naming the key (0.091245ms)
✔ roles.<role>.effort: a non-enum TYPE with a correct values list (0.209502ms)
✔ roles.<role>.effort: missing-effort-key when the key is absent entirely (0.158173ms)
✔ roles.<role>.effort: unknown-effort-role for a role the map does not hold (0.112726ms)
✔ effort-default-invalid: a roles rung default of null, naming the key (0.113047ms)
✔ effort-default-invalid: a default naming a rung this role has no file for (0.574353ms)
✔ model.effort.<role> keeps its null default - the fall-through is not drift (0.069684ms)
✔ roles.<role>.model is not held to the effort rules - it has no enum (0.051749ms)
✔ the six sites SCR-01 was filed against are each reported as they shipped (2.395267ms)
✔ the converted form of every one of the six is clean (0.18766ms)
✔ the code table is frozen (0.304775ms)
✔ a TMPDIR line is judged by whether it also makes the directory (0.113298ms)
✔ a redirect at a spelled-out tmp path is reported however it is quoted (0.176619ms)
✔ the UAT fixture paths under /tmp are not transports and are never reported (0.090424ms)
✔ a read-back needs BOTH a reason on stderr and a non-zero exit (0.105823ms)
✔ the missing half is NAMED, so a half-guarded read-back says which half (0.085093ms)
✔ a `node -e` that reads no argv-named file is not a read-back (0.090343ms)
✔ prose that merely NAMES the shape prescribes nothing and is never reported (0.168613ms)
✔ every issue is filed against the surface it was found in (0.269217ms)
✔ the four prose surfaces ship exactly one read-back script each (2.158552ms)
✔ cadence-core/references/triage-gate.md refuses a render truncated mid-object (24.511678ms)
✔ cadence-core/references/triage-gate.md refuses a well-formed render with no outcomes array (26.504793ms)
✔ cadence-core/references/triage-gate.md refuses a render that parses to literal null (27.266815ms)
✔ cadence-core/references/triage-gate.md refuses an outcomes array holding a non-object entry (21.996942ms)
✔ cadence-core/workflows/progress.md refuses a render truncated mid-object (23.390346ms)
✔ cadence-core/workflows/progress.md refuses a well-formed render missing the fields the step prints (23.200682ms)
✔ cadence-core/workflows/progress.md refuses a render that parses to literal null (21.9747ms)
✔ cadence-core/workflows/progress.md refuses a render whose printed fields are present but null (28.605244ms)
✔ cadence-core/workflows/report.md refuses a record truncated mid-object (23.054321ms)
✔ cadence-core/workflows/report.md refuses a well-formed record with no brackets array (21.327137ms)
✔ cadence-core/workflows/report.md refuses a record that parses to literal null (25.725087ms)
✔ cadence-core/workflows/report.md refuses a brackets array holding a non-object entry (20.788864ms)
✔ cadence-core/references/review-cross-model.md refuses a brief path that does not resolve (22.602354ms)
✔ cadence-core/references/review-cross-model.md refuses an artifact left empty by a failed redirect (21.208369ms)
✔ a read-back that lost its guard fails this file, naming its surface (24.553478ms)
✔ the census counter is not dead: it joins continuations and ignores prose (0.663794ms)
✔ cadence-core/workflows/context.md instructs exactly 6 seam invocations (3.490899ms)
✔ cadence-core/workflows/plan.md instructs exactly 14 seam invocations (0.229491ms)
✔ flagValue: absent flag is undefined so the caller default applies (0.559904ms)
✔ flagValue: a real value comes back (0.964ms)
✔ flagValue: missing, empty and flag-shaped values each throw missing-flag-value (0.369279ms)
✔ missingFlagValue: one construction, and both fields are on it (0.439012ms)
✔ readText: a real file comes back verbatim (0.220022ms)
✔ readText: a missing path and a DIRECTORY are both "" (never a throw) (0.127054ms)
✔ the repo itself passes self-verification (211.831486ms)
✔ an invented config key is flagged (43.982803ms)
✔ a hostname inside a URL is not read as a config key (41.432469ms)
✔ a bare dotted token OUTSIDE a URL is still flagged - the mask is bounded to URLs (41.250369ms)
✔ a phantom flag on a real subcommand is flagged (the --items regression) (36.134192ms)
✔ #50: a CRLF backslash continuation joins like an LF one (the --items regression, CRLF spelling) (42.064502ms)
✔ #50: an EVEN backslash run does NOT continue the line - the next line is a separate command (D-15 parity) (40.149197ms)
✔ the weight.mjs contract entry has teeth: a phantom flag on `resident` is flagged (75.269212ms)
✔ D-05: a page under docs/ is on the markdown walk and reports by its own path (36.187063ms)
✔ an unknown subcommand and a missing path are flagged (40.420798ms)
✔ placeholder keys expand: <t> prose covers every trigger key (43.154324ms)
✔ a surface over its declared budget is flagged with the overage (49.869028ms)
✔ a surface EXACTLY at its budget yields no budget problem (35.220619ms)
✔ a surface UNDER its entry is clean - the budget is a ceiling (36.351017ms)
✔ a measured surface missing from the manifest is flagged unbudgeted (41.319021ms)
✔ a backtick/the-X-tool reference absent from tools: is flagged (35.616387ms)
✔ a tool referenced and declared yields no undeclared-tool (35.552275ms)
✔ LSP is in the vocabulary, so an undeclared LSP reference is flagged (38.412193ms)
✔ LSP declared in tools: clears that reference (41.622954ms)
✔ bare-word tool names (D-06 collisions) are not false positives (43.132691ms)
✔ #74: an agent preloading a skill that does not exist is flagged (38.672282ms)
✔ #74: an agent preloading a real skill yields no missing-agent-skill (43.713767ms)
✔ #74: the inline-array spelling of skills: resolves the same way (41.481783ms)
✔ #74: the key that follows skills: is not swallowed as a list item (40.628776ms)
✔ #74: a preloaded skill that disables model invocation is flagged unpreloadable (41.203589ms)
✔ #74: a tool referenced only inside a preloaded contract must still be declared (39.355733ms)
✔ #49.1: a dangling symlink under agents/ is reported loudly, not collapsed to internal (35.739673ms)
✔ #49.1: a symlink cycle under agents/ is reported loudly too (38.318323ms)
✔ #49.1: a malformed weight-budgets.json reports one problem instead of collapsing the run (41.671347ms)
✔ #49.1: an unreadable INTERNALS.md is reported exactly once, not twice (41.560213ms)
✔ #49.1: an unreadable CHILD directory is named, and its readable siblings are still linted (42.57422ms)
✔ a symlinked directory is not descended, so a cycle lints each file once (39.844591ms)
✔ INTERNALS.md: a backticked repo path that does not exist is flagged; a real one and a glob are not (36.613441ms)
✔ a full tree missing weight-budgets.json fails ok:false naming the input (43.841411ms)
✔ a full tree with a core surface dir renamed away fails ok:false naming it (40.892883ms)
✔ a full tree missing INTERNALS.md fails ok:false naming it (38.430548ms)
✔ check 7: an agent preloading a contract that carries <process> in its body is flagged (34.565891ms)
✔ check 7: the same body WITHOUT the tag yields no agent-carries-behaviour (31.976673ms)
✔ check 7: an agent with NO skills: key may carry <process> - the D-04 escape hatch (31.821735ms)
✔ check 7: the tags inside a PRELOADED SKILL.md are never flagged - that is the contract (32.310653ms)
✔ check 7: plain-prose behaviour carrying NO section tag is flagged (32.253493ms)
✔ check 7: a SAME-SIZE replacement of the pointer paragraph is flagged (35.481708ms)
✔ check 7: a RE-WRAPPED template is not flagged - line breaks are not load-bearing (32.779773ms)
✔ check 7d: two rung bodies of one role that are byte-identical yield no problem (32.830541ms)
✔ check 7d: ONE rung file re-wrapped is flagged, naming that file and its role (32.674131ms)
✔ check 7d: the LIVE tree is clean, and the CLI names rung-prefix in `checked` (161.007188ms)
✔ check 7c: Write granted and Edit/MultiEdit denied yields no problem (33.096381ms)
✔ check 7c: Write missing from tools: is flagged (bare cad-verifier) (32.120629ms)
✔ check 7c: a QUOTED verifier name is still checked (31.616741ms)
✔ check 7c: Edit missing from disallowedTools: is flagged (35.432113ms)
✔ check 7c: MultiEdit missing from disallowedTools: is flagged (32.862593ms)
✔ check 7c: Edit appearing in tools: is flagged (32.897759ms)
✔ check 7c: a routed rung FILENAME is checked even when name: was renamed (31.690202ms)
✔ check 7c: a non-verifier agent without Write yields no problem (33.155995ms)
✔ check 8: a rung file the map names that is not on disk is missing-rung-agent (40.061657ms)
✔ check 8: a full tree carrying the whole ladder reports no rung problems (36.981376ms)
✔ check 8: a fixture with no plugin manifest is lenient about the ladder (30.848687ms)
✔ check 8 (reverse): a rung file the map does not name is undeclared-rung-agent (33.319599ms)
✔ check 8 (reverse): a MAPPED rung file is left alone whatever config reaches it (30.379187ms)
✔ check 8 (reverse): an UNSUFFIXED agent file the map names nowhere is NOT flagged (30.698109ms)
✔ a minimal (non-full-tree) fixture omitting optional inputs stays free of missing-input problems (29.738487ms)
✔ check 9: a table that agrees with the schema yields no reach problems (29.690766ms)
✔ check 9: a schema key with no row is missing-reach-row naming the key (27.178094ms)
✔ check 9: a row for a key the schema lacks is unknown-reach-key naming it (27.732528ms)
✔ check 9: a narrow reach absent from the key purpose is unstated-reach (28.801208ms)
✔ check 9: the same narrow reach WITH the phrase in the purpose yields nothing (30.304202ms)
✔ check 9: a two-cell body row is malformed-reach-row naming the line (28.620171ms)
✔ check 9: a SECOND row for a declared key is duplicate-reach-row naming both lines (28.363458ms)
✔ check 9: `Universal` and `universal.` are the sentinel, not a narrow phrase (142.389007ms)
✔ check 9: the risk.override narrowing is now VISIBLE to the check (56.480133ms)
✔ check 9: a renamed section heading is ONE missing-reach-section, not 3 missing rows (27.737537ms)
✔ check 9: a full tree with no reach doc fails ok:false naming the input (32.53894ms)
✔ check 17: an enforced key with no src marker is reported, naming that key (29.314653ms)
✔ check 17: an enforced key the schema does not hold at all says so (27.573773ms)
✔ check 17: a src:global key the merge does NOT enforce is reported too (30.340262ms)
✔ check 17: a key with NO src field is repo-settable and is never reported (29.817057ms)
✔ check 17: the SHIPPED schema marks exactly the set the merge enforces (0.301338ms)
✔ check 9: a key named ONLY by the reach table is still inert-config-key (27.044818ms)
✔ check 9: a dead token in the reach doc PROSE is still scanned by check 1 (28.968348ms)
✔ check 1: a hyphenated key spelled in full is known, a truncated guess is not (27.960344ms)
✔ check 1 (reverse): `risk.override.<surface>` prose covers every surface key (29.461736ms)
✔ check 1: `roles.<role>.effort` prose covers every role, and its absence is inert (58.319813ms)
✔ check 10: a loop-shaped concurrent dispatch under workflows is unbatched-dispatch (28.563402ms)
✔ check 10: the batch-shaped rewrite of the same instruction yields nothing (29.468158ms)
✔ check 10: a bare concurrent set-dispatch under workflows is unbatched-dispatch (27.724351ms)
✔ check 10: the references half of the scope is checked too, not just workflows (29.857425ms)
✔ check 10: a compliant sentence does not excuse the next one in the same item (31.225219ms)
✔ check 10: the SAME sentence in a skill is out of scope (directory scope) (29.351624ms)
✔ a drifted model.effort enum fails on a tree holding only the schema (27.936008ms)
✔ a model.effort key naming no role in the map is named too (26.705857ms)
✔ an unmutated schema in that same tree reports no effort-enum problem (25.700658ms)
✔ check 11: a workflow that issues a resolve with no relay rule is named (32.318909ms)
✔ check 11: the same text plus the relay paragraph is clean (29.664755ms)
✔ check 11: the walk reaches skills/, not just check 10's two directories (30.391129ms)
✔ check 12: a callsite that drops warnings[] is named by line (30.060184ms)
✔ check 12: the destructured form (arm a) is clean (28.44292ms)
✔ check 12: a header marker with prose (arm b) is clean (27.68236ms)
✔ check 12: the same marker in the BODY does not satisfy arm b (26.956959ms)
✔ check 12: a bare marker with no prose after it does not satisfy arm b (26.553354ms)
✔ check 12: *.test.mjs is off the walk - a test may write any shape (25.901764ms)
✔ check 12: the live tree is NINETEEN callsites over FOURTEEN files, each in an arm (5.694387ms)
✔ check 15: a .mjs carrying a literal NUL is named with its byte offset (29.481002ms)
✔ check 15: the two-character \0 escape - the fix - is clean (29.971994ms)
✔ check 15: a NUL inside a *.test.mjs is reported too (27.180748ms)
✔ check 15: a NUL inside a NON-.mjs file under bin is reported too (26.917102ms)
✔ check 13: the live tree satisfies every register row (2.926015ms)
✔ check 13: a clean pair passes (0.226174ms)
✔ check 13: deferred-read-unread when a Read sentence is missing (0.158454ms)
✔ check 13: the unit is the ARM - one arm of a two-anchor row is not enough (0.156701ms)
✔ check 13: an arm's Read relocated ELSEWHERE in the file does not answer for it (0.138616ms)
✔ check 13: a Read in the wrong STEP does not answer for the right one (0.123076ms)
✔ check 13: deleting the ARM itself is reported, not silently satisfied (0.106294ms)
✔ check 13: restating a reference inline instead of Reading it is caught (0.097798ms)
✔ check 13: deferred-read-still-eager when the include comes back (0.104781ms)
✔ check 13: deferred-read-missing-skill when the SKILL.md is gone (0.118828ms)
✔ check 13: a root with no skills/ contributes nothing (0.063242ms)
✔ check 13: self-verify files the issue and names the check in `checked` (28.493527ms)
✔ check 13: the CLI files a workflow-anchored row when its Read sentence goes (35.89991ms)
✔ check 13: the CLI files nothing while that sentence stands (34.61816ms)
✔ check 13: an unusable rows file is reported, never a silent fall back (31.855749ms)
✔ check 24: the live tree satisfies every registered router branch (0.567109ms)
✔ check 24: self-verify names the check in `checked` and the live tree is clean (138.870723ms)
✔ check 16: an include nothing names is filed, and `checked` says so (28.789105ms)
✔ check 16: the live tree is clean of all three include-consumer codes (136.919268ms)
✔ check 16: the CLI reports the UAT include the day it is re-added (30.537309ms)
✔ check 18: `checked` names the gate-agreement check and an agreeing schema is clean (26.996033ms)
✔ check 18: it runs on a tree holding nothing but a schema - the grids are gone (26.073263ms)
✔ check 18: a NULL default reaches problems - the sentinel is not exempt (26.171562ms)
✔ check 18: a default outside its own values reaches problems, naming the value (26.614822ms)
✔ check 18: deleting the defaults clause from one purpose files exactly one problem (28.147313ms)
✔ check 18: a purpose naming a value the row does not default to is reported (31.429341ms)
✔ check 18: a row that is not an object reaches problems as gate-row-malformed (27.518126ms)
✔ check 14: the repo is clean - every top-level bin script has a contract (126.856198ms)
✔ the contract table is ONE table, and this file is not its home (D-06) (0.430135ms)
✔ check 14: a bin script with no CONTRACTS row is reported, not silently unlinted (26.711126ms)
✔ check 14: test files and lib/ modules need no contract (28.418593ms)
✔ check 14: an ABSENT bin directory is a partial fixture, not a problem (26.122878ms)
✔ entry: a valueless or empty --root refuses instead of linting the cwd (369.210332ms)
✔ check 2: `weight.mjs --root <path>` is contracted, not an unknown subcommand (28.616964ms)
✔ check 2: the bare form still lints its flags (27.411691ms)
✔ check 2: a script with no bare form still reports one (27.052411ms)
✔ check 19: a prescribed value no register row classifies is reported (26.839793ms)
✔ check 19: a registered caller-derived site reports the inline form (28.422069ms)
✔ check 19: prose that merely names a flag stays green through the CLI (26.891031ms)
✔ check 19: the LIVE tree is clean of all three text-transport codes (131.134797ms)
✔ check 20: a registered site back on the transcript reports the inline kind (30.12641ms)
✔ check 20: a prescribed bulk call no register row classifies is reported (28.322468ms)
✔ check 20: prose that merely names a bulk call stays green through the CLI (26.471427ms)
✔ check 20: the LIVE tree is clean of all three bulk-output codes (132.178177ms)
✔ check 21: a fixed shared scratch path reaches problems, naming the surface (31.136958ms)
✔ check 21: an unguarded read-back reaches problems through the CLI (27.983318ms)
✔ check 21: the LIVE tree is clean of all three per-run scratch codes (128.056487ms)
✔ check 22: a hintless refusal reaches problems through the CLI, and a hinted one does not (26.750672ms)
✔ check 22: the CLI names refusal-hints in `checked` (26.694334ms)
✔ check 23: an unregistered CAPTURE write reaches problems, naming the surface (28.084491ms)
✔ check 23: a shell redirect at the capture path reaches problems through the CLI (26.193774ms)
✔ check 23: the LIVE tree is clean of all three capture-writer codes (127.522813ms)
✔ check 25: a RENAMED hook event is reported, and the problem prints the offending name (26.954843ms)
✔ check 25: a fixture with no hooks/hooks.json and no plugin manifest is lenient (28.814883ms)
✔ check 25: a FULL tree missing the file reports missing-input (30.771798ms)
✔ check 25: malformed JSON is ONE problem naming the file, and the run still completes (26.621013ms)
✔ check 25: the LIVE tree registers only event names the register declares (119.645107ms)
✔ line comments vanish, line count holds (4.473154ms)
✔ a block comment keeps its newlines (0.153314ms)
✔ a // inside a string is not a comment (0.087849ms)
✔ a // inside a regex literal is not a comment (0.135931ms)
✔ division is not mistaken for a regex (0.112325ms)
✔ regex after a keyword is detected (0.16151ms)
✔ a shebang survives - it is an instruction, not a comment (0.087157ms)
✔ an unterminated block comment keeps its bytes rather than eating the file (0.067008ms)
✔ a // inside a template interpolation is kept, not stripped (0.097588ms)
✔ skimStats reports the saving and the line match (0.197599ms)
✔ SYNTAX refuses what it cannot parse (0.094281ms)
✔ every shipped .mjs skims without losing a line (89.731806ms)
✔ stop: a rung-suffixed Cadence type adopts the ONE open dispatch of its role (1.280247ms)
✔ stop: the event carries NO figure of any kind (0.724991ms)
✔ stop: a worker whose transcript shows it has NOT stopped produces nothing (0.212417ms)
✔ stop: a terminal transcript stamps the event with the WORKER's instant (0.128667ms)
✔ stop: NO transcript evidence produces the same event, with no ts key at all (0.266231ms)
✔ stop: a terminal transcript with no readable instant adds no ts key (0.098198ms)
✔ stop: a non-Cadence type is still nothing, terminal transcript or not (0.641831ms)
✔ stop: the close carries the worker's own agent_id, or no id key at all (0.382704ms)
✔ stop: TWO open dispatches of the role produce NOTHING (0.154436ms)
✔ stop: a worker already closed by the orchestrator writes NOTHING (0.180606ms)
✔ stop: a REUSED id does not reach back into a dead run (0.121604ms)
✔ stop: another worker's closed bracket does not block this one (0.084582ms)
✔ stop: a close that carried NO id never blocks a later worker (0.095383ms)
✔ stop: a payload with no agent_id still closes an unambiguous dispatch (0.075625ms)
✔ stop: a render with no usable brackets half is not fatal (0.142043ms)
✔ stop: the rule never crosses roles (0.069503ms)
✔ stop: the self-filter answers nothing for every non-Cadence agent type (0.090815ms)
✔ stop: a Cadence type with no matching open dispatch answers nothing (0.065045ms)
✔ stop: a payload with no agent_type at all answers nothing (0.227256ms)
✔ stop: a stranded dispatch from an EARLIER run no longer blocks this one (0.08836ms)
✔ stop: two dispatches of one RUN still answer nothing (0.06283ms)
✔ stop: with no readable instant anywhere, the whole set stands (0.066618ms)
✔ stop: an undated row of the CURRENT run is still counted (0.043865ms)
✔ stop: the event carries the two CACHE figures and no return figure (0.188381ms)
✔ stop: a transcript reporting no cache traffic leaves BOTH keys off (0.224401ms)
✔ stop: a stop arriving after its OWN close no longer adopts a dead run (0.149587ms)
✔ stop: gate 0, not terminal states the cache figures and closes nothing (0.129618ms)
✔ stop: gate 0, not terminal writes no FACT for a payload with no agent_id (0.077359ms)
✔ stop: gate 2a, already closed states the cache figures and closes nothing (0.07825ms)
✔ stop: gate 2a, already closed writes no FACT for a payload with no agent_id (0.083871ms)
✔ stop: gate 2b, two open dispatches of one run states the cache figures and closes nothing (0.06785ms)
✔ stop: gate 2b, two open dispatches of one run writes no FACT for a payload with no agent_id (0.040838ms)
✔ stop: a withholding gate whose transcript billed NOTHING writes no fact (0.073621ms)
✔ stop: a withholding gate with no bracket and no candidate row writes nothing (0.061888ms)
✔ stop: the UNAMBIGUOUS terminal path still answers one return and no fact (0.067921ms)
✔ stop: the RETURN carries the observed effort and the DISPATCHED rung (0.342257ms)
✔ stop: the host spelling is recorded VERBATIM, against no Cadence enum (0.182581ms)
✔ stop: every withholding gate states the same pair the return would (0.21347ms)
✔ stop: a transcript naming no effort leaves BOTH keys off, on both writes (0.194563ms)
✔ stop: an effort with NO cache figure at all still writes the fact (0.143114ms)
✔ stop: an effort does not buy a fact for a payload with no agent_id (0.076718ms)
✔ transcript: a last assistant line stopped end_turn is TERMINAL, with its own instant (0.862936ms)
✔ transcript: any stop reason other than tool_use is terminal (0.163334ms)
✔ transcript: a last assistant line stopped tool_use is NOT terminal (0.124118ms)
✔ transcript: a last assistant line stopped null is NOT terminal (0.121453ms)
✔ transcript: nothing to read at all answers UNKNOWN, never not-terminal (0.317139ms)
✔ transcript: an assistant line whose SHAPE changed answers UNKNOWN (0.130982ms)
✔ transcript: a truncated final line does not change the answer before it (0.545117ms)
✔ transcript: a terminal entry with no readable timestamp still answers terminal (0.08867ms)
✔ transcript: the rule never throws, whatever it is handed (0.159015ms)
✔ transcript: the cache figures are SUMMED across every assistant entry (0.636452ms)
✔ transcript: a figure no entry reported is ABSENT, never 0 (0.692239ms)
✔ transcript: ONE message is billed once, however many lines it occupies (0.851464ms)
✔ transcript: an entry with no usable message id is still counted (0.130511ms)
✔ transcript: a cache figure that is not a non-negative integer is DROPPED (0.174525ms)
✔ transcript: a non-numeric cache figure contributes NOTHING (0.159947ms)
✔ transcript: every line agreeing answers that value, in the host spelling (3.459279ms)
✔ transcript: two lines reporting DIFFERENT efforts answer absent (0.093329ms)
✔ transcript: a transcript reporting no effort at all answers absent (0.104741ms)
✔ transcript: an effort that is not a non-empty string is not an answer (0.077479ms)
✔ transcript: a line reporting NO effort is SKIPPED, not a disagreement (0.058582ms)
✔ transcript: an effort nested under `message` is NOT read (0.048323ms)
✔ transcript: the effort rule never throws, whatever it is handed (0.108609ms)
✔ a migrations/ directory and an auth dependency evidence those two categories (2.042259ms)
✔ an empty tree is inconclusive with all eight recommended (0.160558ms)
✔ the word `session` in a source file evidences nothing - source text is not an input (0.123136ms)
✔ a category the structure never evidences is `silent`, never absent (0.173744ms)
✔ destructive is unspeakable, so it rides every recommendation (0.121904ms)
✔ evidence for ONE category never narrows the recommendation (0.139668ms)
✔ a dependency matches by NAME, never as a substring (0.108889ms)
✔ a malformed tree description reports rather than throwing (0.701256ms)
✔ an inconclusive scan and an evidenced one both lead with all eight (0.355001ms)
✔ the evidenced-only choice is absent when nothing was evidenced (0.251052ms)
✔ an answered set gains the newly evidenced category as the SECOND choice (0.127454ms)
✔ with nothing answered the evidenced choice states the EVIDENCE, not a phantom answer (0.159667ms)
✔ an answered set equal to all eight still leads with all eight and repeats nothing (0.137224ms)
✔ no call returns more than the ask-user seam option cap (0.253627ms)
✔ a malformed scan or answered set reports rather than throwing (0.152854ms)
✔ detect-surfaces reads directories two levels deep and a manifest it finds (59.820336ms)
✔ detect-surfaces names an unparseable manifest in warnings rather than throwing (52.991741ms)
✔ detect-surfaces skips node_modules - every JS project would evidence everything (54.410233ms)
✔ detect-surfaces refuses a --root with nothing usable after it (52.962865ms)
✔ the #206 demo tree evidences six categories and offers two distinct options (55.531765ms)
✔ --answered on the demo tree keeps all eight first and puts the union second (55.443004ms)
✔ detect-surfaces refuses an --answered with nothing usable after it (53.621409ms)
✔ detect-surfaces refuses an --answered token outside the eight (54.661525ms)
✔ a bare PEP 621 pyproject evidences its dependencies, not an empty manifest (57.700476ms)
✔ a single-line PEP 621 dependencies array closes on its own line (57.70752ms)
✔ a PEP 508 extra does not end the dependencies array early (55.700248ms)
✔ a tool table`s ignored-dependencies is a setting, not a dependency (54.543979ms)
✔ a slug is one path segment of lowercase letters, digits and single hyphens (0.955274ms)
✔ `..` is refused, never resolved (0.112445ms)
✔ a separator is refused on both spellings (0.092899ms)
✔ an absolute form is refused (0.09384ms)
✔ an empty string is refused (0.149938ms)
✔ an over-long slug is refused at the bound (0.09384ms)
✔ a non-string is refused - parseArgs mints `true` for a valueless flag (0.113998ms)
✔ a NUL or a newline is refused (0.07807ms)
✔ an absent planning root is an empty list, never a throw (0.639187ms)
✔ a planning root with no tasks/ at all is an empty list (0.279055ms)
✔ a slug directory holding no RECORD.md contributes nothing (0.253236ms)
✔ the records come back sorted by slug (0.747876ms)
✔ a slug DIRECTORY that is a symlink out of the planning root is skipped (0.450184ms)
✔ an in-root slug directory whose RECORD.md is a symlink OUT is skipped (0.317099ms)
✔ a RECORD.md symlink that stays INSIDE the planning root is still a record (0.306267ms)
✔ a RECORD.md that is a DIRECTORY is not a record (0.155549ms)
✔ an entry name the writer would refuse is not listed back (0.394867ms)
✔ an entry name carrying a newline or a terminal escape is not listed back (0.256563ms)
✔ a name longer than MAX_SLUG_LENGTH is not listed back (0.170617ms)
✔ every slug the lister returns satisfies isTaskSlug (0.275128ms)
✔ the same inputs render byte-identical text (0.044876ms)
✔ the `## Commits` table reads back through parseCommitRows (0.456206ms)
✔ the `- **Files:**` line reads back through taskDeclaredFiles (0.439043ms)
✔ a subject carrying a `|` survives as ONE cell (0.152072ms)
✔ the body becomes one `- ` bullet per non-empty line, under `## What shipped` (0.183722ms)
✔ a body line the caller already bulleted does not render `- - ` (0.094141ms)
✔ the record opens with `# Task: <slug>` and ends with the Files section (0.116704ms)
✔ an empty commit list and an empty file list still render a readable record (0.235662ms)
✔ the parse reads a real list out of test.mjs, never an empty one (0.686728ms)
✔ GROUPS.planning is exactly the planning-*.test.mjs files on disk, both directions (7.26382ms)
✔ an ABSENT --<field>-file says nothing at all about the inline flag (1.469049ms)
✔ the file contents reach the caller trimmed and VERBATIM - no expansion (0.263777ms)
✔ a newline INSIDE the value survives - only the ends are trimmed (0.145008ms)
✔ a VALUELESS --<field>-file is a refusal, never the literal "true" (0.173053ms)
✔ a path that does not exist is a refusal NAMING the read error (0.246904ms)
✔ an UNREADABLE path is a refusal naming the read error, not an empty value (0.220213ms)
✔ a file that is EMPTY once trimmed is a refusal (0.301799ms)
✔ the inline and the file form together is a refusal, never a precedence rule (0.154887ms)
✔ an inline flag present but VALUELESS still counts as both forms given (0.560706ms)
✔ the register is frozen, rows and all (2.1154ms)
✔ the register pins its row count (0.118617ms)
✔ every out-of-scope row carries a reason, and every row is well formed (0.227798ms)
✔ no two rows share a surface, flag and value (0.128086ms)
✔ the watched flag set is exactly the free-text flags (0.098178ms)
✔ a caller-derived row reports the inline site (0.430987ms)
✔ the file transport is not reported - and the flag boundary is why (0.450855ms)
✔ a prescribed value no row classifies is reported, never passed over (0.16149ms)
✔ a value is matched on the value, not on the flag (0.165537ms)
✔ an unquoted placeholder with no row is reported as its own kind (0.17723ms)
✔ a value that opens a quote and never closes it on the line is reported (0.131603ms)
✔ a flag ending its line is reported rather than read as a mention (0.097177ms)
✔ a register row settles an undelimitable occurrence, in both directions (0.538102ms)
✔ a reasoned out-of-scope row is silent (0.115091ms)
✔ prose that NAMES a flag needs no row and is never reported (0.143696ms)
✔ `git tag -m` is watched, and `git commit -m` is not (0.146702ms)
✔ a row classifies its own surface only (0.095884ms)
✔ parseAdjudication: the step-5 detail shape parses, others contribute nothing (1.567509ms)
✔ parseAdjudication: the structured --raised field is the first source of the kill count (0.199523ms)
✔ parseAdjudication: the hand-written `of <m>` clauses already on disk still read (0.185776ms)
✔ parseAdjudication: both on-disk re-arm spellings read as the base trigger; nothing else with a space does (0.098409ms)
✔ R1: an adjudicated trigger at the fires floor with zero survivors suggests its gate key (0.647903ms)
✔ R1: one fire below the floor stays silent - one event is a guess, not evidence (0.115692ms)
✔ R1: a fire with survivors, and the fire a re-arm came back to, both leave the empty count (0.47426ms)
✔ R1: the re-arm veto is scoped to the FIRE it belongs to, not the trigger's lifetime (0.203671ms)
✔ R1: a re-arm vetoes the fire that FORCED it - the nearest one before it, not the oldest (0.170598ms)
✔ R1: the live record this repo has been writing for four cycles emits a suggestion (0.310556ms)
✔ R1: 0-of-0 and 0-of-9 are opposite evidence and stop proposing one action (0.206757ms)
✔ R1: a corpus with NO raised counts recorded keeps the gate arm it has today (0.102868ms)
✔ R2: a rearm becomes a keep-the-gate receipt, not a config suggestion (0.072569ms)
✔ R3: escalation pressure at the floor suggests the role effort key; either climb spelling counts (0.31769ms)
✔ R3: a held start rung at the dispatch floor is an info receipt; below it, silence (0.098559ms)
✔ R4: executor checkpoints at the floor suggest workflow.max_plan_tasks; other roles do not (0.097397ms)
✔ SGT-01: R1s gate arm moves DOWN, prints the value a layer set, and proposes one step below it (0.116234ms)
✔ SGT-01: an unset gate names the DECIDER and carries NO proposed (0.128036ms)
✔ SGT-01: the sentence is the same however much the record carries (0.092778ms)
✔ SGT-01: R1s reviewer arm moves UP - strengthen the set - and proposes nothing (0.07304ms)
✔ SGT-01: R3 proposes the rung the escalated resolves actually landed on (0.08867ms)
✔ SGT-01: R3 omits a target that names no raise against the rung in force (0.112666ms)
✔ SGT-01: R3 keeps the record's rung when no layer pins the key, ladder or not (0.068972ms)
✔ SGT-01: R4 moves DOWN, prints the resolved ceiling, and prices nothing (0.060566ms)
✔ SGT-01: R4 goes silent when every checkpoint it counted maps to a plan under the ceiling (0.112416ms)
✔ SGT-01: a one-argument call still answers - a direction and an honest unset, never a throw (0.108158ms)
✔ R5: the spend receipt names the top role, its share, and asks for nothing (11.415085ms)
✔ R6: a residue above the floor names the total, its share and the top step (0.230883ms)
✔ R6: a residue below the floor stays silent - a minute between steps is an artefact (0.223299ms)
✔ R6: a render with no coordinator block says NOTHING about the coordinator (D-06) (0.277262ms)
✔ D-12: an info receipt gains NONE of the three new keys, under every rule that emits one (0.310025ms)
✔ D-12: a suggest entry that cannot be priced omits `proposed` by key, never as a null (0.167401ms)
✔ suggestions order suggest-first, then stable by subject; an empty render is an empty list (0.102035ms)
✔ config keys named in actions exist in config.schema.json - the suggestion never names a phantom key (0.62005ms)
✔ seam: a real trace written through appendEvent reads back through `trace suggest` (273.531585ms)
✔ fixture: the committed verbatim trace suggests exactly what it did before this phase (2.713618ms)
✔ SGT-01: `trace suggest` returns a direction, a current, and a proposed where the record prices one (57.892645ms)
✔ MSR-02: the spend receipt names every excluded source, from the one exported list (0.409546ms)
✔ R7: cad-executor at 3.64 emits one entry carrying the worst file, the direction, the coverage and the scope (0.325745ms)
✔ SC7 pin: the in-dispatch entry names NO config key - `action` is null and it says so in words (0.185316ms)
✔ R7: the MAP is the gate, not the number - an unnamed role stays silent at any ratio (0.153624ms)
✔ R7: a role exactly AT its floor emits; a hair under it does not (0.159646ms)
✔ R7: a null ratio emits NOTHING, and no evidence anywhere renders it as a zero (0.190946ms)
✔ R7: a one- and two-argument call return exactly what they returned before (0.626843ms)
✔ seam: `trace suggest` opens reads.jsonl and names the fixture worst file, with no config key (69.867615ms)
✔ seam: reads carrying no `files`, and no reads file at all, both yield NO entry and no error (133.242691ms)
✔ seam: an UNREADABLE reads.jsonl fails `reads --join` and WARNS on `trace suggest` - both faces, one test (106.922052ms)
✔ seam: the rotation marker is DROPPED at the parse and billed to nothing (98.570155ms)
✔ seam: BOTH faces name the reads record and report its cut, on a key that is not the trace's (105.76429ms)
✔ seam: a project with no reads record still names the path it looked for (104.255735ms)
✔ R8: the receipt sums the worker clock and COUNTS the dispatches without one (0.326015ms)
✔ R8: a scope where NO bracket carries a wall clock says nothing at all (0.147573ms)
✔ R9: two override receipts on ONE authorization read as one decision from two writes (0.155138ms)
✔ R9: two authorizations, two unlabelled receipts, and one receipt alone all stay SILENT (0.106344ms)
✔ R9: an unlabelled receipt counts as its OWN decision, beside a labelled pair (0.068421ms)
✔ R9: the trigger is the STRUCTURED field, and a non-string id is never a group key (0.116113ms)
✔ R9: a render holding NO override event returns exactly what it returned before (0.126793ms)
✔ correlationId: two calls in the same phase with an anchor derive the same id (3.75735ms)
✔ correlationId: with NO anchor both calls fall back to the phase alone (0.2554ms)
✔ correlationId: the id changes when the anchor sha changes (a re-run) (0.29151ms)
✔ correlationId: another phase's anchor never answers for this phase (0.170988ms)
✔ the anchor event carries the id it anchors, not the phase-only fallback (0.692309ms)
✔ appendEvent: keys land in the fixed order, one JSON object per line (0.377595ms)
✔ appendEvent: an interleaved write sequence keeps every event, in order (1.532912ms)
✔ appendEvent: a record at the bound rotates, and the append lands (4.731701ms)
✔ appendEvent: the rotation marker SEALS the generation it carried away (3.992331ms)
✔ appendEvent: a completed rotation RELEASES the claim and leaves the sidecar inert (3.5176ms)
✔ appendEvent: an ABANDONED claim is reclaimed and the record rotates (TRC-09) (2.428711ms)
✔ appendEvent: after the reclaim the next append stops paying the budget (2.246751ms)
✔ appendEvent: a losing append does NOT restart the abandoned claim clock (TRC-09) (282.038308ms)
✔ appendEvent: a losing append leaves a sidecar-less claim sidecar-less (D-02) (288.771859ms)
✔ rotateTrace: a claim whose sidecar reads LIVE is left standing (TRC-09) (271.8052ms)
✔ rotateTrace: a claim with NO sidecar at all is left standing (TRC-09) (267.305905ms)
✔ appendEvent: a LEFTOVER eviction that cannot confirm its claim puts the generation back (D-02) (4.039061ms)
✔ appendEvent: a record already PAST the bound rotates, and its sibling keeps the excess (5.253321ms)
✔ appendEvent: the run in flight keeps its corr and its brackets across a rotation (2.160005ms)
✔ appendEvent: a tail bigger than the bound is carried anyway, never refused (395.04025ms)
✔ appendEvent: a record with no anchor carries nothing forward (1.406178ms)
✔ appendEvent: writers racing at the bound leave ONE generation and lose no event (35.337792ms)
✔ appendEvent: a second append after a rotation does not rotate again (2.536918ms)
✔ appendEvent: a writer holding a STALE stat is refused the claim, not corrected after it (2.697637ms)
✔ appendEvent: a SECOND rotation replaces the generation, so the pair stays bounded (3.755186ms)
✔ appendEvent: a second rotation carries back the event that only reached the generation (3.849978ms)
✔ appendEvent: the rescue never puts back a line the live record already carries (3.651076ms)
✔ rotateTrace: a rescue that cannot READ the generation STATES the tail it cut (3.51753ms)
✔ rotateTrace: a generation whose marker carries NO seal states an UNKNOWN shortfall (6.569697ms)
✔ renderTrace: a record that never rotated carries no rotation key at all (0.24496ms)
✔ renderTrace: after a rotation the envelope names the sibling, and capped is false (1.869077ms)
✔ renderTrace: the rotation reports on the RECORD, not on the --phase scope (1.523163ms)
✔ seam: trace render and trace suggest each name their record and report the rotation (236.282419ms)
✔ seam: after a SECOND cut both envelopes still report the rotation, and the marker pairs with nothing (97.752784ms)
✔ appendEvent: one line that reaches the bound by itself is refused, and nothing moves (1.171148ms)
✔ appendEvent: an event with no room BESIDE the marker is refused, not rotated for (2.943909ms)
✔ appendEvent: an event that DOES fit beside the marker rotates under the bound (AC2) (3.861601ms)
✔ renderTrace: an oversized file is read bounded, not whole (11.73016ms)
✔ appendEvent: an unwritable planning root returns written:false and throws nothing (0.308603ms)
✔ appendEvent: a non-object event is refused rather than written (0.072039ms)
✔ renderTrace: an absent trace file is an empty render, never an error (0.079412ms)
✔ renderTrace: an unpaired dispatch is reported, a paired one is not (0.265189ms)
✔ renderTrace: checkpoint and escalation close a bracket too (0.16664ms)
✔ renderTrace: a role-keyed worker pairs on its own key, not with a plan number (0.153053ms)
✔ renderTrace: a re-run never pairs across runs, and unpaired names the run (0.17204ms)
✔ renderTrace: a PRE-ANCHOR event joins its phase's next anchor at read time (0.269297ms)
✔ renderTrace: events after a NO-SHA anchor stay with that run, never the next (0.192109ms)
✔ renderTrace: the U+0000 worker separator keeps two SHIFTED brackets apart (0.131813ms)
✔ renderTrace: a malformed line is skipped and counted, the rest still read (0.183181ms)
✔ renderTrace: --phase restricts the record to that phase (0.137735ms)
✔ seam: append then render joins both events under the derived id (116.786889ms)
✔ seam: every family is accepted and nothing else is (194.11657ms)
✔ seam: a malformed call is ok:false, an unwritten append is ok:true (159.810258ms)
✔ seam: 1.1 and 1.10 are two phases, not one trace key (D-02) (158.071872ms)
✔ seam: render on an absent trace file is ok:true with an empty record (77.487945ms)
✔ renderTrace: every PAIRED bracket is exposed as a row, unpaired ones are not (0.519457ms)
✔ renderTrace: a bracket row bills the DISPATCH's role, like `roles` does (0.298092ms)
✔ renderTrace: a bracket whose timestamps cannot be read reports ms null, never 0 (0.159717ms)
✔ seam: the DEFAULT render carries bracket rows and outcomes, never the event array (39.582307ms)
✔ seam: triage-gate's `rearm` lookup still finds its event in the bounded response (43.384974ms)
✔ seam: --events hands back the raw array the two in-process readers use (39.159595ms)
✔ seam: the default render folds what the providers said the reviews cost (40.121972ms)
✔ seam: a scope holding no provider call carries no provider_spend key (39.046238ms)
✔ seam: a provider call whose event carried no usage is unrecorded, never zero (39.955502ms)
✔ seam: a scope whose every provider call reported nothing shows no total (41.920804ms)
✔ seam: a model listing and a debug consult are provider calls, not reviews (40.055925ms)
✔ seam: a scope holding no review call carries no provider_spend key (43.544409ms)
✔ seam: a review refused before the request was sent is not a call (40.90833ms)
✔ seam: a review that reached the wire and failed still cost something (39.941946ms)
✔ render: provider usage reaches no roles total, with or without it (D-01) (0.585293ms)
✔ seam: --role and --tokens ride one lifecycle event, tokens as a NUMBER (40.434331ms)
✔ seam: --plan and --role are two separate fields on the same event (39.110441ms)
✔ seam: --tokens accepts the comma grouping this plugin prints figures in (39.724578ms)
✔ seam: a malformed --tokens appends NOTHING at all (273.84517ms)
✔ seam: --tokens lands identically on return, checkpoint and escalation (125.983774ms)
✔ seam: --tokens 0 is a recorded figure, not an omission (39.591183ms)
✔ seam: --raised rides an adjudication event as a NUMBER (42.034592ms)
✔ seam: --raised 0 is a recorded figure, not an omission (42.078776ms)
✔ seam: an append with no --raised is byte-identical to today's (42.443136ms)
✔ seam: a malformed --raised appends NOTHING at all (229.837763ms)
✔ seam: the three settled counts ride an outcome event as NUMBERS (42.838714ms)
✔ seam: a settled count of 0 is a recorded figure, an absent one omits the key (81.117166ms)
✔ seam: a malformed settled count appends NOTHING at all (966.743275ms)
✔ recount: counts matching the record's rulings append normally (128.783713ms)
✔ recount: a --survivors one higher than the rulings is REFUSED, trace untouched (159.615395ms)
✔ recount: the same call against a fire with NO record appends and stores the flags (79.478221ms)
✔ recount: a partial count set is stored unchecked - there is nothing to recount (117.337609ms)
✔ recount: the ROUND decides which record is read, so a re-arm cannot pass on round one (201.946484ms)
✔ recount: a fire with no --plan resolves its record by trigger and head sha (149.599977ms)
✔ recount: a record that is not readable as JSON is refused, never appended past (114.287455ms)
✔ the fix commit falls inside a SECOND cad-executor bracket under the plan key (196.75037ms)
✔ seam: a bare or blank --role appends NOTHING at all (104.236016ms)
✔ seam: a bare --plan, --sha or --base still appends, key omitted (71.092058ms)
✔ seam: --reviewer stores the reviewer that ACTUALLY ran, as a string (34.87979ms)
✔ seam: a bare or blank --reviewer appends NOTHING at all (104.322782ms)
✔ seam: --trigger stores the review trigger an event belongs to, as a string (35.959572ms)
✔ seam: --trigger is stored VERBATIM, trimmed, with no vocabulary of its own (35.877915ms)
✔ seam: a bare or blank --trigger appends NOTHING at all (103.822142ms)
✔ seam: an append with no --trigger is byte-identical to today's (34.777344ms)
✔ seam: --anchor stamps the receipt with the window it names, not the newest one (39.181545ms)
✔ seam: the same receipt WITHOUT --anchor takes the newest anchor, as it always did (36.572097ms)
✔ seam: a bare or blank --anchor appends NOTHING at all (101.115388ms)
✔ seam: render still lists the flagged event - the pre-anchor repair leaves it alone (69.738099ms)
✔ seam: --anchor rides no other event - an append without it is byte-identical (36.216926ms)
✔ seam: two receipts on ONE authorization carry the same id (71.592476ms)
✔ seam: two receipts on TWO authorizations carry different ids (69.230103ms)
✔ seam: an append with no --authorization-id carries NO such key at all (34.523395ms)
✔ seam: a bare or blank --authorization-id appends NOTHING at all (101.260635ms)
✔ seam: the authorization id is stored TRIMMED - a padded copy is one decision (34.620462ms)
✔ seam: --read stores a comma-separated set as an array, verbatim (69.226256ms)
✔ seam: --read trims whitespace and drops empty segments (38.228525ms)
✔ seam: an empty --read appends nothing (104.299967ms)
✔ seam: --read stores what it was handed, existence unchecked (34.076248ms)
✔ seam: a close with no --detail writes the `return` arm (67.328283ms)
✔ seam: a close carrying --detail writes the `checkpoint` arm (37.099188ms)
✔ seam: a close with --tokens and no --detail is still a `return` (D-06) (71.136942ms)
✔ seam: --replay marks a close that performed no work, and stays a `return` (34.967047ms)
✔ seam: a close without --replay carries no replay key at all (34.321919ms)
✔ seam: --replay does not fight the checkpoint arm (35.227487ms)
✔ seam: a malformed --tokens on a close appends NOTHING at all (137.554147ms)
✔ seam: --turns rides a close beside --tokens, as a NUMBER (34.345584ms)
✔ seam: --turns lands on a `trace append` through the same shared body (33.015282ms)
✔ seam: a malformed --turns appends NOTHING at all (203.903008ms)
✔ seam: a close with no --turns writes no turns key at all (34.541079ms)
✔ seam: --turns 0 is a recorded figure, not an omission (33.517325ms)
✔ seam: --duration-ms takes the formatted spelling the host prints (36.020728ms)
✔ seam: --duration-ms accepts every term of its closed grammar (240.285029ms)
✔ seam: a malformed --duration-ms appends NOTHING at all (343.862949ms)
✔ seam: a close with no --duration-ms writes no duration_ms key at all (33.636093ms)
✔ seam: --duration-ms lands on a `trace append` through the same shared body (33.778275ms)
✔ seam: a close pairs with the dispatch of the same --plan (101.036231ms)
✔ seam: a close with no --phase is refused and names the subcommand (34.859509ms)
✔ seam: --detail-file carries a detail no shell could expand (33.856956ms)
✔ seam: --detail-file and --detail write the SAME record for the same value (68.39082ms)
✔ seam: a close carrying --detail-file writes the `checkpoint` arm (66.025882ms)
✔ seam: every --detail-file refusal is bad-args and appends NOTHING at all (138.718186ms)
✔ seam: an UNREADABLE --detail-file is refused and NAMES the read error (33.256294ms)
✔ seam: --read-file produces the identical array the same value produces inline (66.765932ms)
✔ seam: --read-file stores a ref range and a glob verbatim, existence unchecked (33.816879ms)
✔ seam: every --read-file refusal is bad-args and appends NOTHING at all (204.441267ms)
✔ render: a fully-recorded role carries a total and NO unrecorded key (0.327118ms)
✔ render: a half-recorded role shows BOTH a total and an unrecorded count (0.277552ms)
✔ render: a role whose dispatches carried nothing shows no tokens key at all (0.214452ms)
✔ render: two roles in one phase are grouped separately (0.159126ms)
✔ render: a role's turn total rides beside its tokens with a counter of its own (0.284496ms)
✔ render: reporting tokens without turns is a different row from the reverse (0.217988ms)
✔ render: a role whose every close carried no turn figure shows NO turn keys (0.138546ms)
✔ render: a bracket carries the turn figure only where one exists (0.159165ms)
✔ render: a bracket falls back to a turn figure the DISPATCH half carried (0.154557ms)
✔ render: a bracket carries the wall clock its close reported, beside ms (0.160938ms)
✔ render: a bracket whose close carried no duration has NO duration_ms key (0.143054ms)
✔ render: a non-numeric duration_ms contributes NOTHING to the bracket (0.14058ms)
✔ render: two closes differing ONLY in their turn count are two closes (0.240151ms)
✔ render: a dispatch closed by BOTH writers is exactly one bracket (0.178282ms)
✔ render: the two closes render identically in EITHER arrival order (0.245862ms)
✔ render: two genuine dispatches on ONE worker key are still two brackets (0.174935ms)
✔ render: a delayed repeat close never steals the NEXT dispatch of its key (0.230903ms)
✔ render: a close whose dispatch was never read still bills its own role (0.134317ms)
✔ render: a non-numeric turn figure contributes NOTHING (0.130341ms)
✔ render: tokens on checkpoint and escalation aggregate as on return (0.244148ms)
✔ render: a bracket with no role lands under the "" key rather than vanishing (0.12526ms)
✔ render: a phase with no lifecycle events renders an empty roles map (38.197434ms)
✔ render: the ANCHOR event invents no role row (0.194514ms)
✔ render: a string tokens value contributes 0 and counts as unrecorded (0.142714ms)
✔ render: per-role grouping did not become a second pairing rule (0.161329ms)
✔ render: a terminal is billed to the role that DISPATCHED, not its own (0.130731ms)
✔ render: a bracket closed under a DIFFERENT role is reported, not absorbed (0.198972ms)
✔ seam: trace render shows mismatched only where a bracket disagreed (138.647801ms)
✔ render: an UNMATCHED terminal shows its tokens but funds no dispatch (0.270239ms)
✔ render: a duplicated terminal cannot fund a second dispatch (0.195104ms)
✔ render: a REPLAYED terminal funds nothing, even with a dispatch still open (0.223138ms)
✔ render: a role named __proto__ is an own row, not a prototype write (0.186267ms)
✔ seam: trace render surfaces the roles block through the CLI (138.443566ms)
✔ census: every trace family has a producer, and every producer speaks the renderer's vocabulary (5.062955ms)
✔ fixture: the committed verbatim trace renders exactly as it did before this phase (0.337448ms)
✔ render: an unpaired row names the ROLE its dispatch was opened under (0.249239ms)
✔ coordinator: a step's residue is its wall span minus the bracket inside it (0.354019ms)
✔ coordinator: one phase spanning two corr ids is TWO coordinator streams (D-01) (0.217427ms)
✔ coordinator: two workers running at once subtract their overlap ONCE (0.197038ms)
✔ coordinator: an UNPAIRED dispatch subtracts nothing (0.153013ms)
✔ coordinator: a marker with an unparseable ts contributes nothing, never NaN (0.196327ms)
✔ coordinator: a trace with no marker renders no coordinator block at all (0.334051ms)
✔ seam: trace render emits the coordinator block only where markers were written (69.536778ms)
✔ appendEvent: a symlinked trace path is refused and nothing is appended (0.187329ms)
✔ appendEvent: an ordinary trace file still appends and reports written (0.137254ms)
✔ falsifier: turns persist onto the close and reach both the bracket and the role row (MSR-01) (300.113058ms)
✔ falsifier: every step window closes inside the corr that opened it (MSR-04) (0.534595ms)
✔ the four refusing trace flags carry ONE sentence each, in one map (0.904947ms)
✔ render: a bracket carries the cache figures its close reported, and roles does not (0.294265ms)
✔ render: a close reporting no cache traffic leaves NEITHER key on the bracket (0.207468ms)
✔ render: a non-numeric cache figure contributes NOTHING to the bracket (0.129919ms)
✔ render: two closes of one worker leave the LARGER cache read on the row (0.339602ms)
✔ render: the worker id survives the hook closing the bracket first (0.268706ms)
✔ render: a bracket carries the effort it RAN at beside the rung it was DISPATCHED under (0.260871ms)
✔ render: a close naming no effort leaves NEITHER key on the bracket (0.20344ms)
✔ render: a non-string or empty effort or rung contributes NOTHING to the bracket (0.176388ms)
✔ render: a second close does not overwrite the effort or rung the first supplied (0.295848ms)
✔ render: the span ends at the LATER close, not whichever landed first (0.261522ms)
✔ coordinator: the residue subtracts the worker span to its LATER close (0.210854ms)
✔ render: a cache-only fact lands on the bracket its corr and id name (0.329092ms)
✔ render: the fact folds just as well when it arrives BEFORE the id (0.190736ms)
✔ render: a fact CORRECTS a shorter figure the close carried, never a longer one (0.321788ms)
✔ render: with two workers of one role open, the fact reaches the matching id (0.253586ms)
✔ render: a fact that names no bracket of its own run lands NOWHERE (0.436839ms)
✔ render: two facts for one worker leave the LARGER sums, in either order (0.497534ms)
✔ render: rendering one fixture TWICE gives byte-identical brackets (0.21365ms)
✔ render: a fact carries the effort and the rung onto its bracket, in EITHER order (0.351845ms)
✔ render: a fact reporting an effort and NO cache figure still reaches the row (0.183202ms)
✔ render: a fact never overwrites an effort or rung the close already carried (0.473218ms)
✔ render: a fact with no bracket to name adds no effort, no rung and no row (0.414736ms)
✔ shape: ok true, non-empty surfaces with typed fields (39.093381ms)
✔ surface set is agents, skills, workflows plus references/** and templates/** (D-01) (34.556925ms)
✔ determinism: two runs on the same tree are byte-identical (64.343925ms)
✔ empty tree: no surface dirs yields ok true and surfaces [] (31.509457ms)
✔ #49.1: a dangling symlink or symlink cycle under a measured surface is skipped, not thrown (26.679989ms)
✔ BUD-02: an unreadable sibling directory hides only itself (28.08793ms)
✔ D-07: a symlinked directory is not descended, so a cycle counts one surface (32.139745ms)
✔ a symlinked branch ROOT is descended (the qualified half of D-07) (29.816267ms)
✔ resident: envelope shape, and the legacy invocation is untouched (73.291866ms)
✔ resident: two runs on the same tree are byte-identical (87.558744ms)
✔ resident: sorted - commands by name, roles by agent, file lists by surface (42.259846ms)
✔ AC1: --command eagerBytes is the sum of the files that same envelope lists (46.865625ms)
✔ AC1: --role returns EVERY agent under that role, each summed on its own (43.584278ms)
✔ resident: a filter narrows only its own array - zeroResident is unmoved (77.907162ms)
✔ resident: an unknown --command or --role is ok:false, naming the name (82.156147ms)
✔ resident: a missing @-include contributes 0 rather than throwing (27.846637ms)
✔ resident: a *-contract skill is a role, never a command (D-05) (25.228303ms)
✔ resident: an agent preloading no contract is its own role (27.304367ms)
✔ resident: reachable is ONE hop from the eager set, not a closure (25.76878ms)
✔ chars/4: estTokens and bytes match the measurement proxy (29.858097ms)
✔ flags: a valueless --root fails rather than measuring the plugin tree (23.41854ms)
✔ flags: an empty --root fails rather than measuring the plugin tree (23.769663ms)
✔ flags: --root swallowing the NEXT flag fails rather than measuring it (24.708315ms)
✔ flags: a valueless --command fails rather than silently meaning ALL (35.100618ms)
✔ flags: an ABSENT --root still defaults to the plugin tree (25.08609ms)
✔ the index over this repository resolves 00537356 to _archive-v3.4.0/1, plan 1, task 2 (6.135063ms)
✔ the same index does NOT resolve it to a live phase, which is another milestone entirely (3.844839ms)
✔ the live tier and the archive tier are both walked, each labelled by its own group (0.7449ms)
✔ a live phase and an archive phase sharing one number resolve apart, each under its own group (0.436107ms)
✔ two archive groups each carrying a phase 1 both index, each under its own label (0.45343ms)
✔ a SUMMARY.md that cannot be read contributes no rows and exactly one warning, never a throw (0.565725ms)
✔ an ABSENT SUMMARY.md is silent - a phase with plans and no summary is the ordinary mid-phase state (0.397643ms)
✔ two abbreviations that both prefix one full sha answer ambiguous, naming both (0.614028ms)
✔ a sha no summary names is unresolved, which is a different answer from ambiguous (0.345202ms)
✔ an absent planning root is the pre-project state: no dirs, no rows, no warning (0.322098ms)
✔ readArtifact tells absent, unreadable and readable apart (0.229009ms)
✔ readArtifact refuses a symlink resolving outside its own directory (0.252535ms)
✔ rangeMembers answers base..head, so a record covers A and not B (22.373163ms)
✔ a range whose head this clone does not have is unresolvable, not empty (20.996172ms)
✔ a base_id that is not hexadecimal never reaches git argv (14.565972ms)
✔ readAdjudications finds records by the one filename rule and skips everything else (0.699582ms)
✔ an unparseable record warns by name and code, and the other records still read (0.318852ms)
✔ a phase directory with no record at all is silent (0.157944ms)
✔ the prune search finds every close in this repository, including the three named ones (32.191996ms)
✔ --full-history is load-bearing: without it the same search returns strictly fewer (26.485585ms)
✔ 72940906 binds to the milestone label its own close appended to ARCHIVE.md (30.08331ms)
✔ a close older than ARCHIVE.md itself reports an ABSENT label rather than guessing one (32.262051ms)
✔ two closes in one repository each come back under their own label, in a stable order (25.919038ms)
✔ a merge-shaped prune record is REPORTED, never answered out of an arbitrary parent (29.168554ms)
✔ a commit behind a deleted phase directory resolves out of git history alone (236.190987ms)
✔ the recovered phase 1 is v3.5.9's, never the live phases/1 that holds v3.6.0's (201.599657ms)
✔ the disk tier still wins for a commit BOTH tiers can claim (370.867207ms)
✔ an 8-character abbreviation matches its own sha and no neighbour of it (190.171804ms)
✔ building the map twice over the unchanged repository returns deep-equal results (377.897453ms)
✔ a recovered row naming a sha this clone does not have is stated absent, never dropped (13.403281ms)
✔ a pruned phase carrying a CONTEXT.md and no record resolves the decision edge and states the review absence (18.409197ms)
✔ a recovered adjudication record is found by listing the tree, not by guessing its name (14.9765ms)
✔ the close a gap sits under is the EARLIEST one at or after the commit, never the newest (0.232526ms)
✔ a mixed-offset commit attaches to the close it belongs to as an INSTANT, not as a string (0.11991ms)
✔ an unparseable date is a stated absence, and an unparseable close is skipped rather than deciding (0.122475ms)
✔ one task record yields one directory and its table rows, each carrying the slug (0.551318ms)
✔ an absent tasks/ is the never-ran-a-task state: no dirs, no rows, no warning (0.220924ms)
✔ a RECORD.md that cannot be read warns by artifact and errno code, and contributes no rows (0.341495ms)
✔ building the tasks tier twice over an unchanged root returns deep-equal results (0.525278ms)
✔ this repository's own tasks tier holds the bound-plan-size record and its three commits (0.74562ms)
✔ a sha named by BOTH a phase summary and a task record resolves to the PHASE (0.272623ms)
✔ the tasks tier is asked AHEAD of the git-recovered one, and prunes still come off recovered alone (0.256823ms)
✔ this repository's merged index resolves 093408c9 to the bound-plan-size task, and 00537356 still to its phase (179.261376ms)
✔ a task directory holding BOTH a PLAN.md and a RECORD.md declares through the RECORD (1.364809ms)
✔ a PHASE directory is unaffected: RECORD.md is never tried where there is no slug (0.248327ms)
✔ a bare path with no colon parses to that path and no line (1.225531ms)
✔ a path with a trailing :<digits> parses to that path and the line (0.168252ms)
✔ a colon whose suffix does not start with a digit, -, or + stays inside the path (0.145049ms)
✔ a drive-letter-shaped colon stays inside the path (0.107797ms)
✔ a.rs:0 refuses as zero-line (0.112536ms)
✔ a.rs:-1 refuses as negative-line (0.085093ms)
✔ a.rs:4x refuses as non-integer-line (0.085655ms)
✔ a.rs: refuses as trailing-colon (0.085374ms)
✔ the empty string refuses as empty-path (0.097487ms)
✔ all five refusal reasons are distinct (0.223739ms)
✔ a colon-only path half refuses as empty-path even with a valid line (0.112205ms)
✔ the bare argv carries -M, --follow and a -- separator (0.130882ms)
✔ the line argv carries -M and a -L term, and neither --follow nor -- (0.08904ms)
✔ only the bare argv carries --follow and a -- separator (0.561317ms)
✔ only the line argv carries a -L term (0.08887ms)
✔ the probe argv is capped at one result and names the path (0.071427ms)
✔ the comparand argv carries --full-history, -M and a -- separator, and NEVER --follow (0.055056ms)
✔ the comparand format asks for the parent list, which is what makes a merge count evidence (0.047832ms)
✔ the bare arm is unmoved: it still carries --follow and still does not carry --full-history (0.036901ms)
✔ excludedFrom names the comparand records the chain does not carry, with their parent counts (0.134658ms)
✔ excludedFrom keeps the comparand's own newest-first order and never re-sorts (0.080665ms)
✔ a chain carrying every comparand record excludes nothing - the ordinary state (0.082368ms)
✔ a record with no sha is a parse artifact and is dropped, never counted as a commit (0.051789ms)
✔ a root commit reads as zero parents rather than one, so it can never be counted a merge (0.063963ms)
✔ exit 128 with a "has only N lines" fatal classifies as line-past-end, no stderr bytes carried (0.165257ms)
✔ exit 0 with empty stdout classifies as not-in-history, no stderr bytes carried (0.060877ms)
✔ the two failure shapes classify to two distinct outcomes (0.095172ms)
✔ exit 128 with an unknown-path fatal classifies as not-in-history (0.054395ms)
✔ exit 0 with non-empty stdout classifies as ok (0.04144ms)
✔ an unrecognized non-zero exit classifies as git-failed rather than crashing (0.039846ms)
✔ every row of a real archived ## Commits table returns with its four cells byte-exact (1.711585ms)
✔ the fix 1 / fix 2 / fix 3 task cells survive as the strings the record wrote (0.199112ms)
✔ the separator row yields no entry (0.272333ms)
✔ a 7-character abbreviation matches its own full sha by prefix and not a neighbour (0.133727ms)
✔ an 8-character abbreviation matches its own full sha and not a 7-character neighbour of it (0.14056ms)
✔ a blank or non-hexadecimal commit cell matches nothing and mints no row (0.146571ms)
✔ a fenced ## line inside the section does not end the table early (0.123848ms)
✔ the three-column era table maps its cells by header name, never by position (0.236363ms)
✔ a summary with no ## Commits section returns no rows rather than throwing (0.183272ms)
✔ planTaskBodies cuts a real plan on planTaskTitles own boundaries (0.44295ms)
✔ planTaskBodies attributes nothing rather than wrongly when the heading count disagrees (0.119429ms)
✔ contextDecisions unions the durable and the phase-local sections, durable first (0.542862ms)
✔ a legacy CONTEXT with only ## Decisions still yields each decision exactly once (0.21401ms)
✔ a task body citing D-08 yields a task-level cite carrying that CONTEXT line verbatim (0.638706ms)
✔ a task cell that names no task falls back to the plan's ## Context cites, labelled plan-scoped (0.381482ms)
✔ a plan naming no D-NN at all yields every decision the CONTEXT carries, phase-scoped (0.22916ms)
✔ a cited decision the CONTEXT does not carry is stated rather than dropped (0.189413ms)
✔ a phase with no CONTEXT.md at all reports absent, not an invented decision (0.21369ms)
✔ the deviation reader returns the ## Deviations bullets and none of the ## Open items bullets (0.3595ms)
✔ a fenced ## line inside ## Deviations does not truncate the bullet list (0.08343ms)
✔ the template's own placeholder prose is not a deviation (0.064634ms)
✔ MARKER_GAP names the marker the write side prescribes and never says "none" (0.066428ms)
✔ SURVIVED_RULING is the vocabulary the record module defines, pinned to its literal (0.040929ms)
✔ a real record's survived entry returns with the reviewer's own words byte-exact (0.220784ms)
✔ two survivors on one record differ on fix_commit and on nothing else (0.190195ms)
✔ a record an earlier writer produced parses to the same survivors, commit carried (0.140489ms)
✔ a non-survived entry does not return (0.16694ms)
✔ a survivor with no base_id states an unresolvable join and an issue, never a throw (0.180777ms)
✔ a record-level range covers an entry that does not carry its own (0.393645ms)
✔ a record that will not parse yields one issue and no findings, never a throw (0.148295ms)
✔ a wrapped Files: line yields both the first line's paths and the continuation's (0.64637ms)
✔ every task is attributed to its own heading rather than merged into one set (0.535297ms)
✔ declaringTasks names the task that claimed the queried path, and its declaration (0.258567ms)
✔ containment runs through covers, so a directory lease claims a file it does not name (0.366884ms)
✔ the task-line normalization matches parsePlanFiles: backticks and one trailing parenthetical (0.081977ms)
✔ a plan whose task headings do not parse declares nothing rather than something wrong (0.09924ms)
✔ two entries in ascending date order render newest first (0.932659ms)
✔ two entries sharing one commit date render in descending full-sha order, and reversal is byte-identical (0.169265ms)
✔ a 25-entry chain renders exactly DEFAULT_TOP entries while total reads 25 (0.396922ms)
✔ an entry carrying no join data renders one stated-absent line per join field (0.123357ms)
✔ an entry carrying join data renders its own text rather than the placeholder (0.569754ms)
✔ a resolved TASK names its slug and prints no phase number and no milestone (0.373146ms)
✔ a task record has no Plan column, so its plan task line carries no plan prefix (0.113127ms)
✔ the resolved-PHASE arm is unmoved: the milestone and the number, read off the directory (0.135891ms)
✔ the RECOVERED arm is unmoved: it still says which tree it was recovered from (0.144026ms)
✔ the AMBIGUOUS arm is unmoved: it names every candidate and picks none (0.200074ms)
✔ two survivors on one commit render differently when only one names a fix (1.009047ms)
✔ the GAP arm is unmoved: an unresolved entry still opens with NOT RESOLVED (0.180557ms)
✔ the exclusion block names the count, what dropped them, the merge count and the invocation (0.3282ms)
✔ one excluded merge reads as one, not as a plural (0.10939ms)
✔ a chain with nothing excluded grows no block at all - an absent report and an empty one alike (0.104991ms)
✔ the excluded list is capped with the remainder counted, never dropped (0.20301ms)
✔ the truncation note stays the LAST line even when the exclusion block renders (0.240321ms)
✔ the frozen worst case carries more entries than the default, so the cap is really exercised (0.070946ms)
✔ the worst measured path renders UNDER the conventions.md byte line at the default cap (0.258225ms)
✔ and OVER it at one above the default, which is what makes the stated cap maximal (0.168954ms)
✔ the header's stated cap and DEFAULT_TOP are the same number (0.185206ms)
✔ a tracked path returns ok:true, a non-empty text, and the newest commit first (51.442989ms)
✔ <path>:<line> on a line only one of two commits touched returns a strict subset of the bare chain (94.475597ms)
✔ a path git never saw returns ok:true with a stated not-in-history result and no fatal: on stdout (41.994587ms)
✔ a line past end of file returns a stated result rather than a non-zero exit or a crash (41.793912ms)
✔ a valueless --dir returns ok:false naming --dir (31.177339ms)
✔ a valueless --top with no positional argument refuses on --top rather than the missing query (38.725994ms)
✔ every run in this file parses as exactly one JSON object (141.395505ms)
✔ two runs over an unchanged tree write byte-identical stdout (84.219657ms)
✔ the answer is unchanged whether .planning/trace.jsonl is present or absent (80.454922ms)
✔ every child-process call in why.mjs names git as its command (0.410398ms)
✔ a commit an archived summary names joins to that milestone, phase, plan and task (318.890691ms)
✔ the phase printed is the archived one, never the live phases/1 that reuses the number (326.91033ms)
✔ a commit no summary names keeps its phase and plan-task fields stated absent rather than dropped (43.118583ms)
✔ two runs over this repository, with the index in place, write byte-identical stdout (574.447671ms)
✔ a task body's D-NN cite reaches the rendered chain with the CONTEXT line's own text (233.25809ms)
✔ the fallback arm carries a phase-scoped label rather than passing itself off as task-level (235.957501ms)
✔ the rendered chain carries the phase's deviation bullets under a phase-scoped label (235.497849ms)
✔ every joined entry names the absent corrected-by marker rather than reporting "none" (519.677104ms)
✔ a survived finding reaches the rendered chain on the commit its range covers, and on no other (50.538089ms)
✔ a finding whose range does not resolve in this clone is stated unknown, never dropped or applied (45.581518ms)
✔ a joined entry names the task whose Files: line declared the queried path (239.667516ms)
✔ a path no task in the resolved plan declares says so rather than going blank (45.379189ms)
✔ every join field is stated on an unjoined entry, including the sixth (41.504274ms)
✔ two runs over this repository stay byte-identical with all six edges joined (468.84283ms)
✔ a commit whose phase directory exists in NO on-disk tier still names its phase (246.000524ms)
✔ the recovered tier never overrides an on-disk record a reader could open (286.331595ms)
✔ two runs over this repository stay byte-identical with the recovered tier in place (485.922787ms)
✔ every edge works on a phase whose directory is gone: decision, deviation and surviving finding (268.986096ms)
✔ an artifact the recovered tree does not carry is a stated absence, not a failed entry (257.428478ms)
✔ a commit no record names comes back as a NAMED gap carrying what git does have (32.567493ms)
✔ the unresolved arm presents NO digit as a phase number (33.071009ms)
✔ a conventional-commit scope is printed as corroboration, and the phase still reads as the gap (33.704214ms)
✔ a close labelled in ARCHIVE.md contributes its section rows, bound to the label and to no commit (39.472533ms)
✔ two runs over the gap arm are byte-identical (71.910377ms)
✔ a commit only a task record names resolves at the seam, to the task and to no phase (32.928767ms)
✔ the record on disk answers /cad-why for a file that task touched, end to end (232.90182ms)
✔ two runs over the tasks tier of this repository write byte-identical stdout (468.474034ms)
✔ the INLINE arm writes no PLAN.md at all, and the declaring task is still named (33.234873ms)
✔ the envelope names the merge the simplified walk dropped, and none of the commits it kept (40.173448ms)
✔ a chain the simplification excluded nothing from reports an EMPTY exclusion, never an absent one (34.553955ms)
✔ the LINE arm runs no comparand at all - it carries its own simplification (40.532677ms)
✔ a failed comparand is not reachable through the shipped argv, so the guard is defensive (34.747806ms)
✔ this repository: the three merges --full-history adds are named, and none of the seven it keeps (224.697011ms)
✔ the seam's own text states the exclusion, so a reader relaying text verbatim sees it (40.080429ms)
✔ a hermetic chain with nothing excluded prints a text with no such block (35.8806ms)
✔ this repository: the exclusion reaches the rendered text with the count, the word merge and all three shas (222.025094ms)
✔ a row over its ceiling is one budget-overrun problem naming the role (1.347195ms)
✔ a row EXACTLY at its ceiling does not cross - this is a ceiling, not an equality (0.139257ms)
✔ a row under its ceiling is silent, and there is no shrink arm (0.112907ms)
✔ a null-tokens row is counted unrecorded, never priced as zero (0.165268ms)
✔ a row whose role has no ceiling is counted per role, never skipped (0.209272ms)
✔ the role test runs first: an unbudgeted role with no figure counts once (0.56247ms)
✔ a ceiling that is not a positive integer leaves the role unbudgeted (0.212037ms)
✔ an empty bracket list is an empty report, not a failure (0.10464ms)
✔ a non-array brackets value and a non-object ceilings map report nothing (0.109069ms)
✔ every row lands in exactly one bucket, so the buckets sum to the row count (0.189844ms)
✔ trace window: a crossing bracket is reported in the budget-overrun shape (55.879993ms)
✔ trace window: a repo-layer config raising that role's key removes the crossing (47.311029ms)
✔ trace window: --phase scopes which brackets are read (100.134116ms)
✔ trace window: an absent trace file is ok:true with nothing to report (51.54261ms)
✔ trace window: a terminal with no token figure counts unrecorded, not zero (49.613307ms)
✔ trace window: a role with no ceiling is counted per role, never skipped (48.038465ms)
✔ trace window: a bad --phase is ok:false / bad-args (45.432093ms)
✔ falsifier: a crossing is reported per role and an under-ceiling dispatch is not (MSR-03) (48.061489ms)
✔ unset everywhere: the fresh default applies and parallel is refused (35.394641ms)
✔ user layer head: parallel is safe, source names the file (30.388055ms)
✔ project settings.json beats the user layer (31.646269ms)
✔ settings.local.json beats project settings.json (28.015331ms)
✔ managed policy wins over every lower layer (28.894909ms)
✔ a malformed layer is skipped, not fatal - the cascade below it answers (25.772366ms)
✔ a layer without the key falls through to the next one (25.059859ms)
✔ an unrecognized value refuses parallel and says the setting takes two values (28.842809ms)
✔ a non-string baseRef is ignored like an absent one (26.292164ms)
✔ unknown subcommand: usage, never a fabricated verdict (27.078994ms)
✔ resolve: an EMPTY --dir refuses by name, exit 1, no fabricated verdict (24.933367ms)
✔ resolve: a VALUELESS --dir refuses by name, exit 1, no fabricated verdict (27.346888ms)
ℹ tests 3751
ℹ suites 0
ℹ pass 3751
ℹ fail 0
ℹ cancelled 0
ℹ skipped 0
ℹ todo 0
ℹ duration_ms 23800.540408
