✔ AC1: two voices raising one convergent finding produce TWO entries, not one (1.806376ms)
✔ AC1: a finding only one voice raised is not marked convergent (0.174744ms)
✔ AC1: one voice raising the same finding twice is not convergence (0.159896ms)
✔ AC1: a returned finding with no ruling is REFUSED, never silently absent (0.186457ms)
✔ AC1: a ruling naming no returned finding is REFUSED (0.13088ms)
✔ the voice ROSTER survives a fire where every voice returned nothing (0.155037ms)
✔ the roster carries no per-voice COUNT - every figure is derived (0.170376ms)
✔ AC2: a ruling that paraphrases the claim is REFUSED (0.118136ms)
✔ AC2: a one-byte difference in the claim is REFUSED (0.118968ms)
✔ AC2: a paraphrased failure_scenario is REFUSED (0.156009ms)
✔ AC2: the stored entry is copied from the RETURNED side and carries no restatement (0.132263ms)
✔ AC3: a ruling outside survived | downgraded | refuted is REFUSED (0.089551ms)
✔ AC3: a refuted entry with no counter-evidence is REFUSED (0.115151ms)
✔ AC3: refuted counter-evidence must name contradicting CODE (0.079793ms)
✔ AC3: a refuted entry naming contradicting code is accepted and stores it (0.089401ms)
✔ AC3: a survived BLOCKER or HIGH with no fix commit is REFUSED (0.117906ms)
✔ an OVERRIDDEN survived blocker with no fix commit is accepted, and stores no commit id (0.087327ms)
✔ the override marker is the boolean true and nothing else (5.187273ms)
✔ the override marker buys no exemption from the fix_commit VALUE check (0.138305ms)
✔ an overridden survived blocker citing a VALID fix commit carries both keys (0.100342ms)
✔ the marker is not restricted to survived, nor to a severity (0.059353ms)
✔ an ordinary entry gains no overridden key (0.06787ms)
✔ the marker added no fourth RULING - a survived high with neither is still REFUSED (0.065536ms)
✔ a survived MEDIUM or LOW with no fix commit is ACCEPTED, and stores no such key (0.09454ms)
✔ a survived MEDIUM that does cite a fix commit is accepted and stores it (0.07339ms)
✔ a survived MEDIUM citing an unusable fix commit is still REFUSED (0.084191ms)
✔ AC3: a blank or non-hexadecimal fix commit is REFUSED like an absent one (0.425865ms)
✔ AC3: an abbreviated or full fix commit is accepted (0.112786ms)
✔ RSK-08: an unusable fix commit on a DOWNGRADED or REFUTED ruling is REFUSED (0.173632ms)
✔ RSK-08: a WELL-FORMED fix commit on a downgraded or refuted ruling is still accepted (0.203399ms)
✔ RSK-08: the SURVIVED arm is refused by that one same check, naming its ruling (0.078811ms)
✔ RSK-08: the entries face and the payload face answer identically over one fixture (0.257793ms)
✔ RSK-08: a record with no override names no unfixed halting survivor (0.21921ms)
✔ RSK-08: the entries face reads a RECORD off disk, not only a freshly built payload (0.143695ms)
✔ the counts are DERIVED by counting rulings over a mixed-ruling fixture (0.097747ms)
✔ deriveCounts recomputes from the STORED entries, so a reader can recount a record it did not write (0.118747ms)
✔ deriveCounts counts a hand-invented fourth ruling in raised and in no bucket (0.043222ms)
✔ the severity vocabulary matches FINDING_SCHEMA's own enum (0.211094ms)
✔ the halting severities match lib/filing-decision.mjs's own list (0.072459ms)
✔ the fix-commit grammar matches lib/filing-decision.mjs's own copy (0.213809ms)
✔ a severity outside the four is REFUSED (0.067589ms)
✔ the ruling enum is exactly three values - no unadjudicated fourth (0.039406ms)
✔ a payload that is not an object is REFUSED (0.084061ms)
✔ an empty or absent voices array is REFUSED (0.30322ms)
✔ a voice with no name or no model is REFUSED (0.328178ms)
✔ one voice appearing twice is REFUSED (0.087047ms)
✔ an unknown key at any level is REFUSED rather than ignored (0.126071ms)
✔ a returned object carrying anything but findings is REFUSED (0.066577ms)
✔ a malformed finding is REFUSED - the bounds FINDING_SCHEMA states (0.153112ms)
✔ a refusal names the entry it is about (0.088971ms)
✔ AC4: counting a written record's rulings reproduces the figures on its trace event (150.281855ms)
✔ AC4: flipping ONE entry's ruling makes the record and its event disagree (118.498805ms)
✔ AC4: the recount reads the STORED entries, so an edited record answers differently (115.381321ms)
adoption census: 331 declared refusals exercised against the shipped CLI across 202 table entries; 31 axes skipped as fallback or warn (proving either means the command RUNS, and two of the owning scripts mutate); 21 boolean entries skipped on both axes (presence is their whole grammar).
✔ every declared REFUSAL is one the shipped CLI actually carries out (23392.915708ms)
✔ the census reports what it exercised and what it skipped, and why (0.484597ms)
✔ evaluateFlag: the stated table (1.583079ms)
✔ subcommandKey: the words a script was invoked with, resolved to its table key (0.258454ms)
✔ evaluateRow: the first refusal, over the flags actually present (0.397681ms)
✔ evaluatePresence: the stated table (0.284404ms)
✔ the settle-receipt presence rule is declared, and every flag it names is on the same row (0.201285ms)
✔ every disposition and every type in the table is one of the stated words (0.293541ms)
✔ ONE FLAT shape on both paths: ok, value and detail, never a discriminated union (0.154856ms)
✔ the evaluator emits nothing: not one byte on stdout or stderr (30.164785ms)
✔ it never throws at its caller, whatever argv holds (0.244328ms)
✔ the module file itself is pure: no emit, no process, no filesystem (0.500117ms)
✔ every flag in every row declares a complete grammar (0.823124ms)
✔ the declarations the CONTEXT decisions bind are the ones in the table (0.244518ms)
✔ every declared spec is one the evaluator can actually apply (4.451175ms)
✔ tokenize: lowercases, splits on non-alphanumerics, drops stopwords (1.12389ms)
✔ search: a doc containing the query term outranks one that does not (0.365419ms)
✔ search: a stopword-only query returns no results (3.933615ms)
✔ search: hand-computed score on a two-doc corpus matches the BM25 formula (0.251642ms)
✔ search: two calls on the same index return deep-equal arrays (determinism) (0.208308ms)
✔ search: empty query or empty corpus yields no results, never throws (0.096945ms)
✔ name: derives cadence/<version> from the PROJECT.md ### Active section (0.996647ms)
✔ name: falls back to the ROADMAP title when Active names no version (0.145508ms)
✔ name: null when neither prose surface carries a version (never invent one) (0.14654ms)
✔ name: a plain semver without a prerelease suffix still parses (0.091475ms)
✔ trunk mode: always stay, no integration branch, branch null (0.215282ms)
✔ milestone + protected + auto: create and switch to the integration branch (0.126021ms)
✔ milestone + protected + off: stay on the base (0.106734ms)
✔ milestone + protected + ask: prompt once, naming the integration branch (0.151911ms)
✔ milestone + already off the base: stay (lazy, once per cycle) (0.156209ms)
✔ decideBranch is total: an unknown mode or auto_branch stays put, never throws (0.138124ms)
✔ milestone + protected + null name: auto/ask downgrade to a naming-problem ask, never create an unnamed branch (0.097927ms)
✔ published: a milestone EQUAL to a published tag asks, naming both numbers, with branch null (0.396378ms)
✔ published: an UNTAGGED maintenance milestone below a higher tag still creates (0.144487ms)
✔ published: a milestone ABOVE everything published is untouched - the ordinary new cycle (1.545807ms)
✔ published: a prerelease is refused only when the prerelease ITSELF is tagged (0.171187ms)
✔ published: absent or unparseable comparands leave every arm exactly as it was (0.49653ms)
✔ published: a SCALAR tag spelling is read as a one-tag list, never as "no comparand" (0.059745ms)
✔ published: off and trunk are untouched by the guard, even on a collision (0.150488ms)
✔ published: the naming-problem ask still wins over the published guard (0.058392ms)
✔ activeVersion: the line-anchored declaration wins over a predecessor named first (0.125941ms)
✔ activeVersion: markdown furniture does not break the anchor (0.056739ms)
✔ activeVersion: with no declaration line, the first token in the prose still answers (0.04199ms)
✔ activeVersion: the Active body ends at the next heading (0.041259ms)
✔ activeVersion: an anchored token riding a wrapped line does not out-declare the milestone (0.076085ms)
✔ activeVersion: a predecessor named in prose above the declaration still loses (0.046108ms)
✔ activeVersion: a body whose ONLY token sits on a continuation line still answers (0.037642ms)
✔ the register and the shape list are frozen, rows and all (1.445165ms)
✔ the register pins its row count (0.103468ms)
✔ every row is well formed, and every row owing no redirect carries a reason (0.364367ms)
✔ no two rows share a surface, shape and call (0.111624ms)
✔ a converted row reports the site that goes back to riding the transcript (0.750115ms)
✔ a prescribed call no row classifies is reported, never passed over (0.11491ms)
✔ a call is matched on the call, not on the shape alone (0.377271ms)
✔ a reasoned no-transport row is silent, redirect or not (0.101263ms)
✔ a `file` row settles a site whose destination is named off the call line (0.348978ms)
✔ an occurrence the scan cannot delimit is reported as its own kind (0.20932ms)
✔ a register row for that surface and shape settles an undelimitable one (0.091916ms)
✔ prose that merely NAMES a call needs no row and is never reported (0.079131ms)
✔ a `git diff` its own flags already bound is never reported (0.878651ms)
✔ a `git diff` that is neither a range nor --cached is out of the watched set (0.107326ms)
✔ a row classifies its own surface only (0.08388ms)
✔ an angle-bracket placeholder is not read as a redirect (0.067449ms)
✔ two occurrences of one registered call are one row, not a second site (0.085714ms)
✔ appendCapture: a todo lands under ## Todos and under no other heading (1.879756ms)
✔ appendCapture: an unphased todo carries a checkbox and no tag (0.309713ms)
✔ appendCapture: a seed lands under ## Seeds as a bare bullet (0.412138ms)
✔ appendCapture: a note lands under ## Notes, dated by the seam (0.53365ms)
✔ appendCapture: the phase tag keeps the caller's own spelling (0.301978ms)
✔ appendCapture: a kind outside the map is refused, never written somewhere (0.149606ms)
✔ appendCapture: an ABSENT file is created with the three headings (0.492462ms)
✔ appendCapture: a missing PARENT directory is created (the --cadence queue) (0.749904ms)
✔ appendCapture: the target section being LAST pins the end at EOF (0.342495ms)
✔ appendCapture: a target section FOLLOWED by others keeps the boundary (0.261149ms)
✔ appendCapture: an EMPTY section still gets its blank line after the heading (0.6586ms)
✔ appendCapture: a heading ABSENT from the file is created WITH the bullet (0.280827ms)
✔ appendCapture: a FENCED ## line in an earlier section is not the boundary (0.283192ms)
✔ appendCapture: an existing `- None.` placeholder is left alone (0.197317ms)
✔ capture: --kind outside the three words is bad-args and writes nothing (63.697832ms)
✔ capture: a VALUELESS --text is bad-args, never the literal word "true" (65.734829ms)
✔ capture: --phase with a seed or a note is bad-args, not a dropped flag (105.132095ms)
✔ capture: a VALUELESS --file is bad-args, never silently the --dir default (49.65538ms)
✔ capture: a --phase that is not a phase number is bad-args (49.239263ms)
✔ capture: --file writes THAT path and leaves the --dir queue untouched (50.935919ms)
✔ capture: twenty concurrent writers all land, not one bullet lost (AC5) (161.159484ms)
✔ capture: a HELD lock refuses non-silently and leaves the file byte-identical (AC5) (2055.304517ms)
✔ capture: a STALE lock is broken rather than wedging the queue forever (AC5) (56.721967ms)
✔ capture: the lock is released on the SUCCESS path too (96.062184ms)
✔ capture: a newline inside --text cannot break the bullet into two lines (49.139001ms)
✔ appendCapture: an UNREADABLE queue is a failure, never an empty one (0.304512ms)
✔ capture: --text-file carries a sentence no shell could expand (46.002942ms)
✔ capture: --text and --text-file together is bad-args, not a silent winner (39.66089ms)
✔ capture: a --text-file that cannot be read is bad-args and writes nothing (43.582201ms)
✔ capture: a VALUELESS --text-file is bad-args, never the literal "true" (49.372629ms)
✔ a freshly created queue counts ZERO substantive bullets (1.495651ms)
✔ the placeholder does not hide a real bullet beside it (0.178181ms)
✔ every substantive bullet is NAMED, not just counted (0.121903ms)
✔ a checked bullet counts, and a continuation line and a `* ` line do not (0.092727ms)
✔ an annotated bullet is named with its section, line and text (0.165828ms)
✔ an unannotated queue reports no annotation sites at all (0.085825ms)
✔ a `## Archive` heading is reported with its bullet count (0.138665ms)
✔ a body without the heading reports it absent, not empty (0.077989ms)
✔ a fenced heading does not mint a section, and a CRLF body counts the same (0.143354ms)
✔ the register is frozen, rows and all (4.465072ms)
✔ the register pins its row count (0.105011ms)
✔ every row is well formed and carries its reason (0.132634ms)
✔ REPLAY: the retired summary-step block is reported against an empty register (0.389475ms)
✔ REPLAY: the same block is reported when a row classifies it as outliving the phase (0.174564ms)
✔ a registered wholesale rewrite is silent (0.172961ms)
✔ a read-only subcommand sharing the prefix is not the write face (0.103528ms)
✔ a backticked mention that instructs nothing is not a call (1.74071ms)
✔ a shell redirect at the capture path is reported, append or truncate (0.172861ms)
✔ a redirect to any other path, and a mention of the bare filename, are silent (0.168562ms)
✔ one line redirecting the capture path is reported once, not per occurrence (0.096845ms)
✔ a row settles its own surface only (0.104991ms)
✔ two rows for one surface and face both have to be non-durable (0.081215ms)
✔ every row names four things, and the ids are distinct (0.701672ms)
✔ every holding file and every subject is a path the lease grammar accepts (0.246922ms)
✔ the table and every row, subjects included, are frozen (0.390738ms)
✔ a marked site whose id no row names is an issue, naming the file and the assertion (0.537258ms)
✔ the same site with a registered id is not an issue (0.755726ms)
✔ the walk reaches the whole bin tree - more than 60 modules, lib/ and test files included (0.104029ms)
✔ every marked census site in the live tree has a registry row (6.305793ms)
citation census: grammar one (inline planning.mjs:<line> citations on a guarded surface) checked 1; grammar two (DOCS-CLAIMS.md rows naming this seam) checked 4.
✔ grammar one: every citation on a guarded surface has exactly one pinned row (12.345006ms)
✔ grammar one: each pinned citation resolves to the code it names (0.273784ms)
✔ grammar two: every this-seam DOCS-CLAIMS row has exactly one pinned row (1.348059ms)
✔ grammar two: each pinned row resolves to the code it names (0.353516ms)
✔ the census reports how many citations each grammar checked (6.449809ms)
✔ a bare D-NN is scoped to the plan's OWN phase (D-10) (2.944663ms)
✔ each of the four measured qualified spellings scopes to the phase it names (0.320554ms)
✔ the curly-apostrophe possessive is the same spelling (0.289574ms)
✔ a phase named several words earlier does NOT capture the mention (0.132624ms)
✔ a D-NN inside a fenced block is still a mention (D-09) (0.104069ms)
✔ the number shape is the one parseContextDecisions accepts (0.095533ms)
✔ a D-NN glued to a preceding word is not a mention (0.082679ms)
✔ mentions are NOT deduplicated and stay in document order (0.646557ms)
✔ the look-back window is per mention, not per file (0.987429ms)
✔ a plan's own phase spelling is carried verbatim (0.778459ms)
✔ unusable input is an empty answer, never a throw (0.165626ms)
✔ own-phase rows are dropped and archived same-numbered rows are kept (D-04) (1.941083ms)
✔ own-phase exclusion is the caller's SPELLING, not the number (0.126853ms)
✔ a prefix and not a segment search: phases/2x/ is not phase 2 (0.090754ms)
✔ the set is the bounded `results`, never `total` (D-11) (0.143915ms)
✔ a CONTEXT row's id is read out of its own snippet head (D-02) (0.227756ms)
✔ a live and an archived D-09 stay separable ids (0.113587ms)
✔ the decimal D-NN shape parseContextDecisions accepts is accepted here (0.072369ms)
✔ CAPTURE, SUMMARY and UAT rows carry their kind and NO id (D-02) (0.244137ms)
✔ a decision whose snippet head is not a D-NN keeps its kind and gains no id (0.290776ms)
✔ a source naming none of the four artifacts is REPORTED, not counted into an arm (0.210834ms)
✔ a malformed row contributes nothing and is reported, never a throw (0.230841ms)
✔ an envelope with no usable `results` is an empty answer, never a throw (0.155407ms)
✔ an unusable phase spelling excludes nothing rather than excluding blindly (0.093399ms)
✔ the arms are exactly the four the corpus walk can produce (0.044585ms)
✔ reap: the derived name when it is present in the merged list (0.827152ms)
✔ reap: null derived + exactly one merged cadence/* -> that branch (fallback) (0.302509ms)
✔ reap: derived names an unmerged branch but one other cadence/* merged -> the merged one (0.124017ms)
✔ reap: zero merged cadence/* -> null (reap nothing) (0.081015ms)
✔ reap: two merged cadence/* -> null (ambiguous, never guess) (0.075254ms)
✔ reap: total on a non-array merged list (0.06786ms)
✔ cleanup on + merged: cleanup, reap true, return + pull (0.545764ms)
✔ cleanup on + not merged: cleanup, reap false (never reap an unmerged branch) (0.09406ms)
✔ cleanup on + merged but null branch -> reap false (never git branch -D a null) (0.264366ms)
✔ cleanup off: skip, every flag false (0.409433ms)
✔ cleanup is total: missing onLandCleanup -> skip, branch coerced to null (0.154055ms)
✔ gate: auto_close on + a blocker -> halt with that finding (0.827984ms)
✔ gate: auto_close on + a high -> halt (0.079112ms)
✔ gate: the halting list is DECIDED before it gets here - this reads no severity (0.110492ms)
✔ gate: auto_close off + a blocker -> proceed (chain not running unattended) (0.137483ms)
✔ gate: total on non-array findings -> proceed, no throw (0.064954ms)
✔ gate: auto_close on + unreadable "stdin-unreadable" -> halt naming it, no claim about survivors (0.108147ms)
✔ gate: auto_close off + unreadable "stdin-unreadable" -> proceed (no unattended chain) (0.087898ms)
✔ gate: auto_close on + unreadable "stdin-empty" -> halt naming it, no claim about survivors (0.029868ms)
✔ gate: auto_close off + unreadable "stdin-empty" -> proceed (no unattended chain) (0.021751ms)
✔ gate: auto_close on + unreadable "malformed-json" -> halt naming it, no claim about survivors (0.022824ms)
✔ gate: auto_close off + unreadable "malformed-json" -> proceed (no unattended chain) (0.024076ms)
✔ gate: auto_close on + unreadable "not-a-findings-payload" -> halt naming it, no claim about survivors (0.043242ms)
✔ gate: auto_close off + unreadable "not-a-findings-payload" -> proceed (no unattended chain) (0.02106ms)
✔ gate: an EXPLICIT empty findings array with no failure still proceeds (0.58545ms)
✔ gate: a surviving blocker still halts with the finding on the envelope (0.076967ms)
✔ gate: the halt names its PRODUCER, so a fed-by-nothing gate is visible (0.057229ms)
✔ gate: stays total - an unknown `unreadable` value cannot halt a close (0.045627ms)
✔ gate: auto_close on + a non-empty `unruled` -> halt naming unruled-review (0.116042ms)
✔ gate: the fifth state is its OWN arm, never folded into `unreadable` (D-13) (0.074212ms)
✔ gate: auto_close off + a non-empty `unruled` -> proceed (no unattended chain) (0.046178ms)
✔ gate: an unruled halt is bounded and never renders a caller's object (0.068321ms)
✔ gate: `overridden` rides every arm unchanged and never moves `action` (0.0942ms)
✔ gate: stays total on a non-array `unruled` or `overridden` (0.095132ms)
✔ route: the rung it routes on is what config.mjs get reports (global layer) (151.12601ms)
✔ git-branch: the integration_branch mode it DECIDES on is what get reports (138.002726ms)
✔ land-cleanup: the base branch it resolves is what get reports (137.177367ms)
✔ land-cleanup: with git.base_branch unset, get says null and the seam says main (207.907592ms)
✔ git-guard: the on_protected value it acts on is what get reports (123.252759ms)
✔ git-guard: a hostile repo layer cannot choose the value it acts on (CFG-01) (465.991049ms)
✔ git-guard: the two inert hostile spellings, as regression pins only (255.33614ms)
✔ git-publish + land-cleanup: one git.auto_close, two questions, two layer reads (272.447634ms)
✔ git-publish: the protected list it refuses on IS the merged one get reports (157.456249ms)
✔ route: a retired risk.override is named by both faces, and routes nothing (100.247741ms)
✔ planning recall: the memory.backend it gates on is what get reports (160.016576ms)
✔ review-provider: a GLOBAL-layer prompt cap is the one it refuses on (60.983198ms)
✔ merge precedence: the repo layer wins the same key, on both read faces (64.750546ms)
✔ review-provider: the prompt cap it refuses on is what get reports (cwd-relative) (65.054597ms)
✔ global-only keys: all THREE resolve to the user-global layer, never the repo one (288.887171ms)
✔ global-only keys: the template shape at null overrides nothing and says nothing (118.23547ms)
✔ git-publish: a repo layer setting a global-only key cannot stop a land (AC4) (140.303916ms)
✔ set --global auto-creates the global file (and parent dir) from empty (44.354309ms)
✔ set --global merges into an existing global file, not clobber (34.011483ms)
✔ set --global still validates: a bad value is rejected, nothing written (27.767789ms)
✔ set on a missing repo file refuses (only --global auto-creates) (29.980342ms)
✔ set --global refuses a repo-layer-only key and writes nothing (33.943102ms)
✔ the refusal follows the resolved target FILE, not the --global flag (58.961352ms)
✔ the same repo-layer-only pair aimed at a REPO config is written (31.916646ms)
✔ a multi-pair global set carrying one marked key leaves the file byte-identical (32.093143ms)
✔ a marked key that is ALSO type-invalid reports the type, not the layer (D-11) (31.959508ms)
✔ no "src": "repo" key is refused at the user-global layer (38.282443ms)
✔ validate --global reads the global file and reports the payload (75.641821ms)
✔ validate: unknown key and bad value both land in errors, one entry each (56.971465ms)
✔ validate: underscore-prefixed keys are annotations, never validated (29.552794ms)
✔ validate: corrupt JSON degrades to read, names the file (33.538468ms)
✔ set: an array top-level config is rejected, nothing written (write face) (30.655063ms)
✔ set: a scalar top-level config is rejected as invalid, never reason:internal (62.051563ms)
✔ set: a non-object parent container is refused, not overwritten (87.623962ms)
✔ set: an absent or null parent is still auto-created (29.952418ms)
✔ set: one bad path refuses the whole multi-pair write (all-or-nothing) (29.026768ms)
✔ validate: a scalar top-level config fails, never ok:true checked:0 (#45.3) (57.567846ms)
✔ check: speaks the same {ok,reason,detail} failure contract set does (52.932188ms)
✔ check: a retired KEY names its replacement, not the generic unknown key (30.543529ms)
✔ check: a bad VALUE on a LIVE key still reads as a value error (27.335071ms)
✔ check: the retired stakes key names the roles block and the interview (27.986166ms)
✔ set: a removed key is refused before anything is written (28.549194ms)
✔ get: a repo config still holding a retired key warns instead of resolving silently (27.170206ms)
✔ get: a repo config still carrying stakes warns with the migration pointer (33.609213ms)
✔ keys: dumps the live schema - pruned keys are really gone (29.982135ms)
✔ get: repo > global > schema defaults, with source named (28.832045ms)
✔ get: no layers at all falls back to schema defaults for every key (28.876209ms)
✔ git.integration_branch / git.auto_branch: defaults and enum enforcement (83.237451ms)
✔ get: unknown key is rejected, exit code mirrors ok (29.19035ms)
✔ get: arrays replace wholesale across layers, never concatenate (30.269053ms)
✔ get: a corrupt repo layer is skipped (values/source match no-repo-layer) AND warns naming the file (#39) (63.058298ms)
✔ get: a corrupt global layer is skipped (repo still wins) AND warns naming the file (#39) (28.231526ms)
✔ get: a scalar repo config falls back to defaults, never source:repo (#45.3) (61.498495ms)
✔ get: a falsy non-object repo layer warns like a truthy one (245.363072ms)
✔ get: a falsy non-object global layer warns too (30.534461ms)
✔ get: an absent layer stays silent and an unparseable layer warns exactly once (83.606446ms)
✔ check: an int key with a max rejects above it and accepts at it (177.31574ms)
✔ readLayer(""): an unresolvable layer path is a SILENT absence (0.232696ms)
✔ get: one file resolving as both layers warns once, not twice (88.644594ms)
✔ get: a SYMLINKED global layer is the same file, so one layer is reported (60.025977ms)
✔ get: a RELATIVE spelling of the repo file is the same file too (29.092203ms)
✔ get: a BROKEN file reached under two spellings warns exactly once (65.678541ms)
✔ ARG-06: every subcommand that ACCEPTS --global declares it, and reads it off the row (29.569756ms)
✔ check --global reports the scope refusal the write face gives (134.469456ms)
✔ get --global: the one file it reads by construction is the GLOBAL layer (47.756066ms)
✔ a valueless --file is a named usage failure on every subcommand (75.745067ms)
✔ a QUOTED empty --file is refused too, not answered about the global layer (90.172117ms)
✔ ARG-06: a FLAG-SHAPED --file value is refused too, not read as a path (139.086628ms)
✔ a path under a missing directory is a read failure naming it, never internal (58.72555ms)
✔ CADENCE_CONFIG_SCHEMA malformed degrades to ok:false, reason bad-schema, no stack (28.60525ms)
✔ CADENCE_CONFIG_SCHEMA nonexistent degrades to ok:false, reason bad-schema, no stack (29.603169ms)
✔ CADENCE_CONFIG_SCHEMA without the sentinel is ignored; `keys` is the shipped set (58.771848ms)
✔ SCP-01: a fixture schema marking a DIFFERENT key refuses that key (85.231535ms)
✔ SCP-01: the SHIPPED keys carrying the marker are the ones that authorize, and `src` never implies it (0.392862ms)
✔ check: a rung the role HAS is accepted (27.147873ms)
✔ check: a rung the role LACKS is refused by key, naming that role's set (30.388632ms)
✔ check: null renders as the literal, not as a dangling separator (58.686425ms)
✔ set: the WRITE face refuses the same value and writes nothing (32.92313ms)
✔ set: an accepted rung is written into the config layer, not the plugin (24.545104ms)
✔ validate: a whole config carrying a bad start rung names the key (30.750214ms)
✔ every model.effort enum is exactly that role's rung set from RUNG_FILES (0.378203ms)
✔ set git.forge_host with a port writes, and get reads it back byte for byte (56.175722ms)
✔ set: a git.forge_host the grammar refuses leaves the file untouched (142.72128ms)
✔ set: a git.forge_repo the slug grammar refuses is refused with its OWN sentence (172.742811ms)
✔ null still writes on both forge keys - the grammar is skipped, not failed (62.232678ms)
✔ a grammar marker the registry does not hold is an ERROR, never a silent pass (55.984176ms)
✔ validate: this repository own config layer passes the new grammars (30.626177ms)
✔ workflow.lint_command: get returns the schema default null (30.600949ms)
✔ workflow.lint_command: set writes a shell string and get reads it back (62.873034ms)
✔ workflow.lint_command: `=null` clears it; a bare `=` writes the empty string (57.990995ms)
✔ workflow.lint_command: validate accepts null and a string, refuses a number (90.909236ms)
✔ workflow.lint_command: the shipped template carries the key at null (0.212567ms)
✔ merge: a top-level __proto__ repo layer reparents nothing (no global layer) (50.101171ms)
✔ merge: a nested git.__proto__ repo layer reparents nothing (global layer defines git) (49.536541ms)
✔ merge: constructor and prototype repo layers stay inert (regression pins only) (93.163908ms)
✔ validate: a hostile __proto__ key is REPORTED, not skipped as an annotation (87.886022ms)
✔ get: the hostile file resolves git.on_protected to the value the guard acts on (59.263088ms)
✔ get: a repo layer setting workflow.test_command loses to the user-global one (26.298188ms)
✔ get: the same key in the repo layer ALONE resolves to the schema default (30.154906ms)
✔ get: all three keys at null - the shipped template shape - are silently dropped (26.591548ms)
✔ get: all three keys are stripped, not just the first one in the set (93.811076ms)
✔ get --global: the user-global layer sets these keys, and is never stripped (30.913497ms)
✔ get: an unrelated repo key still merges - the strip is exactly three keys (34.000432ms)
✔ get: every unset gate answers its schema default, with no warning at all (122.640065ms)
✔ get: a gate a layer PINNED reads back byte-identical, and still unwarned (119.20781ms)
✔ get: the round trip through `set` - blocking answers blocking, unwarned (90.946948ms)
✔ get: the KEYLESS full read answers the same defaults, and warns about none (30.858531ms)
✔ get: every unset tier and effort answers its schema default, unwarned (249.637747ms)
✔ get: a tier or effort a layer PINNED reads back byte-identical, unwarned (121.16327ms)
✔ get: the KEYLESS full read carries no panel warning either (29.709583ms)
✔ check: null is still refused at the write face for a tier and an effort (55.680123ms)
✔ check: null is still refused at the write face - a gate is a closed enum (30.185925ms)
✔ get: stakes is an unknown key at exit 1, not a value read out of the layer (31.394216ms)
✔ get: the KEYLESS full read answers no stakes value, and warns about the key once (32.238801ms)
✔ set: stakes is refused before anything is written, naming the migration (25.873675ms)
✔ unset is the seam that finishes the migration the refusals point at (90.406714ms)
✔ get: every Object.prototype member is refused as an unknown key at exit 1 (407.049868ms)
✔ get: a mix of a real key and a prototype member refuses, never answers for one (29.528296ms)
✔ get: the repair costs a live key nothing - one named and the keyless read both answer (91.361049ms)
✔ check: every Object.prototype member is an unknown key, never a retirement (369.881366ms)
✔ check: a genuinely retired key still reports its own milestone and remediation (33.84276ms)
✔ set: a prototype member is refused and nothing is written (107.518097ms)
✔ unset removes the named key from the file and leaves its siblings alone (35.790776ms)
✔ unset on a key the file does not hold writes NO bytes at all (AC3) (33.111842ms)
✔ unset --global edits the user-global file and nothing else (32.430027ms)
✔ unset --file at a path that does not exist creates nothing (32.772713ms)
✔ unset refuses a file it cannot parse, and one whose top level is not an object (67.857007ms)
✔ unset removes a key the schema does not carry - the whole reason it exists (97.308506ms)
✔ unset reports only the keys that were actually there (27.535955ms)
✔ unset walks OWN properties only, and still reaches a literal __proto__ key (438.229471ms)
✔ debtMarkersIn: a well-formed marker parses text, ceiling and trigger (2.728679ms)
✔ debtMarkersIn: the token WITHOUT a colon is not a marker (0.120691ms)
✔ debtMarkersIn: a marker missing trigger keeps the entry and NAMES the gap (0.147462ms)
✔ debtMarkersIn: a marker missing both named fields names both (0.11507ms)
✔ debtMarkersIn: two markers in one file keep their own line numbers (0.207407ms)
✔ debtMarkersIn: nothing to find is an empty array, never a throw (0.100242ms)
✔ renderDebtSection: no markers renders the placeholder, not an empty body (1.756049ms)
✔ renderDebtSection: bullets are ordered by path then line (0.228927ms)
✔ renderDebtSection: an unstated field is VISIBLE in the queue (0.139607ms)
✔ renderDebtSection: the same markers render byte-identically (0.171147ms)
✔ debtMarkersIn: TWO markers on one line are two entries, neither wearing the other's fields (0.20908ms)
✔ debtMarkersIn: a second marker on the line does not lend the first its fields (0.142262ms)
✔ the queue member and the record that supersedes it differ only in their stem (3.74284ms)
✔ a well-formed payload comes back ok with the findings VERBATIM (0.435113ms)
✔ an EMPTY findings array is a queue member, not a refusal (0.293963ms)
✔ a payload that is not a JSON object is refused, never coerced (0.117465ms)
✔ a key beside `findings` is refused - the payload IS the returned object (0.159275ms)
✔ a non-array `findings` is refused rather than read as one finding (0.098869ms)
✔ a finding is bounded by the SAME rule the adjudication record bounds it by (0.913558ms)
✔ the two seams give the SAME sentence for the same malformed finding (0.403973ms)
✔ isQueueName selects a member filename and nothing that merely sits beside one (0.134798ms)
✔ queueIdentity answers the fire a member belongs to, and COUNTS its findings (0.332005ms)
✔ a member whose fields spell ANOTHER filename is refused, never adopted (0.15689ms)
✔ every field the identity is built from is refused when it cannot bear one (0.600348ms)
✔ the finding BODIES are not re-validated on the way out (0.090544ms)
✔ the module emits nothing: not one byte on stdout or stderr (0.18295ms)
✔ the deferred re-arm cap is spent by a round-2 member, whatever corr the caller holds (0.315974ms)
✔ a SUPERSEDED round still spends the round it was fired on (0.093438ms)
✔ register: the surviving cut rows are byte-identical, and the register is exactly the rows the cuts made (1.029589ms)
✔ AC3: a contract skill anchor is clean while its Read sentence stands (2.370335ms)
✔ AC3: deleting that one sentence reports exactly one deferred-read-unread (0.808486ms)
✔ AC3: the sentence in the WRONG step of the contract does not answer for step 3 (0.429291ms)
✔ file: an absent PARENT directory is a partial fixture and reports nothing (0.260258ms)
✔ file: a present parent with the file absent is one deferred-read-missing-file (0.414553ms)
✔ grammar: every shipped row's Read line still carries that row's anchor (4.773612ms)
✔ AC1: a <step name="..."> anchor is clean while its Read sentence stands (0.578106ms)
✔ AC1: deleting that sentence reports exactly one deferred-read-unread (0.489306ms)
✔ AC4: a Read in item 1 of a named step does not satisfy item 3 of the same step (2.321521ms)
✔ AC4: the named step is not a PREFIX match for its own numbered items (1.763794ms)
✔ D-04: a <step name="..."> with NO <process> wrapper is still a region (2.01271ms)
✔ AC2: a heading-scoped walk step is clean while its Read sentence stands (0.704037ms)
✔ AC2: deleting it reports exactly one deferred-read-unread naming the walk step (0.84693ms)
✔ AC2: the same sentence in walk step 1 does not answer for walk step 2 (0.964345ms)
✔ AC2: the same sentence under another `##` heading does not answer either (1.649375ms)
✔ grammar: a heading path truncates, and a new heading ends the old numbering (0.089902ms)
✔ grammar: a heading INSIDE an open block does not compete with the frame (0.050456ms)
✔ D-07: a Read inside <worktree_mode> is anchorable at `worktree_mode` (0.29813ms)
✔ D-07: deleting it reports one deferred-read-unread naming worktree_mode (2.185711ms)
✔ D-07: label EXACTNESS, not null-ness, is what blocks a relocation (0.360099ms)
✔ grammar: a nested close does not switch the enclosing frame off (0.374226ms)
✔ grammar: a numbered item with an EMPTY frame stack stays regionless (0.065916ms)
✔ AC4: cad-context / templates/CONTEXT.md is unread without its one sentence (0.917665ms)
✔ AC4: cad-context / references/recall.md is unread without its one sentence (0.656656ms)
✔ AC4: cad-debug / references/recall.md is unread without its one sentence (0.452535ms)
✔ AC4: cad-execute / references/execute-parallel.md is unread without its one sentence (1.266323ms)
✔ AC4: cad-executor-contract / references/worktree-executor.md is unread without its one sentence (0.572595ms)
✔ AC4: cad-plan / references/plan-revision.md is unread without its one sentence (0.762559ms)
✔ AC4: cad-config / references/config-catalog.md is unread without its one sentence (1.365281ms)
✔ file: still-eager watches the SKILL.md even when the anchor is a workflow (0.583837ms)
✔ the exact sentence #88 filed is one issue, and the detail carries its line (1.971722ms)
✔ the batch-shaped rewrite that replaced it yields nothing (0.644743ms)
✔ a host hedge with no loop head still trips it (0.368364ms)
✔ a concurrency word only inside code spans or a fence is not prose (0.171839ms)
✔ prose that serializes on purpose is legal - no concurrency claim (0.100893ms)
✔ a compliant list item does not excuse the next one (block boundary) (0.17249ms)
✔ `in one batch` satisfies the phrasing as well as `in ONE message` (0.110231ms)
✔ a non-string input returns [] rather than throwing (0.107305ms)
✔ the eager arm: a bare concurrent set-dispatch with no loop head and no hedge (0.114589ms)
✔ the serialization arm: "one dispatch per message" is named, at its own line (1.883142ms)
✔ the batch-affirming vocabulary: the shipped rewrite of that item yields nothing (1.293154ms)
✔ a batch affirmation does not excuse a serialization in the same sentence (0.218067ms)
✔ a batch affirmation does not excuse a host hedge (0.127884ms)
✔ a batch affirmation opening a sentence does not excuse its serialization (0.086796ms)
✔ an `e.g.` inside a compliant sentence is not a sentence end (0.079703ms)
✔ a ``` shown inside a ```` container cannot close it early (3.574909ms)
✔ a `~~~ not a closing fence` line is content, not a boundary (0.084782ms)
✔ an indented ~~~ sample opens no fence, so the rest of the file is still read (0.091214ms)
✔ a compliant sentence no longer excuses a non-compliant one in the same block (0.090654ms)
✔ the line map: an offender on the third line of a block reports line 3 (0.079362ms)
✔ a table row is its own block, so two cells never glue into one sentence (0.061358ms)
✔ a ~~~ fence masks its example, and a nested ``` fence cannot close it early (0.056659ms)
✔ a rationale sentence beside a compliant mandate is not an instruction (0.063111ms)
✔ a negation forbidding the serial shape is not an instruction to use it (0.070023ms)
✔ an inflected dispatch verb describing the parallel path issues nothing (0.061427ms)
✔ a catalog table row naming the parallel path instructs nothing (0.074442ms)
✔ a table row that DOES issue the set concurrently is still named (0.076837ms)
✔ prose that serializes a non-dispatch thing is not this rule's business (0.065406ms)
✔ a semicolon inside a citation is not a sentence end (0.059894ms)
✔ an unclosed bracket swallows no sentence boundary (0.07315ms)
✔ stop-at-first-failure: the failing step is the last thing that runs (1.250532ms)
✔ continue-past-failure: every thunk is attempted and the failures keep loop order (0.134979ms)
✔ the error is carried AS THROWN, never stringified inside the module (0.144416ms)
✔ all three steps succeeding reports every key completed (stop-at-first-failure) (0.100693ms)
✔ all three steps succeeding reports every key completed (continue-past-failure) (0.160728ms)
✔ an empty step list succeeds with nothing completed (0.099039ms)
✔ an object key comes back by IDENTITY, never as a clone (0.10981ms)
✔ pre-flight: the first unsatisfied condition refuses, and no thunk runs (0.433229ms)
✔ pre-flight: a refusal creates no file anywhere under the planning root (0.612001ms)
✔ pre-flight: every condition satisfied runs the steps normally (stop-at-first-failure) (0.322116ms)
✔ pre-flight: every condition satisfied runs the steps normally (continue-past-failure) (0.17787ms)
✔ pre-flight: an empty condition list behaves exactly as no pre-flight at all (0.123887ms)
✔ a survived blocker stays behind; a downgraded high and a survived low are the set (1.909723ms)
✔ a survived high is the thing the gate halts over, so it is not in the set (0.15163ms)
✔ a refuted blocker IS in the set - the ruling, not the severity, decides that one (0.150849ms)
✔ a survived medium and a survived low are both the blocking arm remainder (0.170076ms)
✔ an OVERRIDDEN survived blocker is in the set - nobody is fixing that one (0.180025ms)
✔ an overridden survived HIGH is in the set too - the marker is not blocker-only (0.166879ms)
✔ a survived blocker WITHOUT the marker still stays behind (0.142853ms)
✔ the marker beside a real fix commit is in NO set - the commit wins (D-05) (0.125079ms)
✔ the marker on a medium changes nothing - that entry was already in the set (0.206375ms)
✔ an unreadable payload carrying the marker is still a REFUSAL, not an empty set (0.247273ms)
✔ a survived blocker naming a fix commit is FIXED, and is in none of the three (0.151139ms)
✔ an OVERRIDDEN survived blocker with no commit is filed and named, never halting (0.071677ms)
✔ D-05: both markers on one entry is FIXED - the commit beats the override (0.048252ms)
✔ a survived blocker with NEITHER marker is `halting` alone - the fail-closed rail (0.039406ms)
✔ a survived MEDIUM naming a fix commit is FIXED too - the exclusion is not severity-gated (0.034116ms)
✔ a survived medium with no commit is `filing` alone - confirmed and not fixed (0.033494ms)
✔ a BLANK fix_commit is not a usable one, so that entry still halts (0.035608ms)
✔ an unoverridden survived blocker citing a NON-COMMIT string still halts (0.034887ms)
✔ every unusable fix_commit shape leaves the fail-closed rail closed (0.145058ms)
✔ an abbreviated id through a full one reads as a landed fix (0.071748ms)
✔ usableFixCommit asks the SHAPE and never whether the object exists (0.03669ms)
✔ the payload and a prose fixture disagree, and the answer is the payload (0.143174ms)
✔ two findings differing only in LINE share one fingerprint (0.356933ms)
✔ two findings differing in CLAIM do not (0.079462ms)
✔ two findings differing in FILE do not (0.050697ms)
✔ severity is outside the fingerprint: a downgrade does not mint a new one (0.045858ms)
✔ the token is fixed-width lowercase hex (0.076877ms)
✔ the NUL join cannot be forged by moving the boundary (0.086145ms)
✔ a finding missing both fields fingerprints rather than throwing (0.083219ms)
✔ a payload buildEntries refuses comes back ok:false naming the entry (0.100302ms)
✔ an unruled finding refuses by index rather than being dropped from the set (0.193731ms)
✔ a non-object payload refuses with the grammar detail, not an empty answer (0.108958ms)
✔ the forgejo create and lookup vectors are exactly these (0.19343ms)
✔ the github create and lookup vectors are exactly these (0.095082ms)
✔ the gitlab create vector carries -y, and its lookup is exactly this (0.089681ms)
✔ every row supplies a body/description on create, on all three providers (0.082036ms)
✔ the three keys are PROVIDER_TABLE's own, so a persisted provider is the key (0.04181ms)
✔ no row names a binary: PROVIDER_TABLE already says which drives which (0.096144ms)
✔ a github chunk of six is five OR operators, and the query opens with in:title (0.08891ms)
✔ no provider's lookup vector carries DECLINE_LABEL - an ACCEPTED issue has none (0.076206ms)
✔ only the row whose lookup was RUN is marked measured (0.056017ms)
✔ the chunk constant is six, and it is what the builders are exercised with (0.060536ms)
✔ the decline label is one frozen literal with no separator a forge reads (0.073951ms)
✔ a response of exactly the page size is INCOMPLETE and carries no records (0.487352ms)
✔ one row under the page size is COMPLETE and carries its tokens (0.241612ms)
✔ a response that is not a JSON array reports incomplete rather than throwing (0.119078ms)
✔ an empty page is a COMPLETE read of nothing - the first fire on a tracker (0.08924ms)
✔ a row with no readable title fails the WHOLE read: the output shape moved (0.065174ms)
✔ a hand-labelled issue is SKIPPED, not a failure - a human can apply a label (0.084511ms)
✔ lookup: a page of exactly the limit is INCOMPLETE and carries no pairs (0.373905ms)
✔ lookup: one row under the page size is COMPLETE and every number is read (0.284735ms)
✔ lookup: the junk table answers incomplete without throwing (0.120049ms)
✔ lookup: a token-carrying row missing its number fails WHOLE, naming the shape (0.162561ms)
✔ lookup: a row whose title carries no token is SKIPPED, not a failure (0.317347ms)
✔ lookup: each provider's number key is read through its row's stated fact (0.234749ms)
✔ lookup: a CLOSED row is returned like any other - `state` is never read (D-05) (0.079573ms)
✔ a title round-trips to the fingerprint the finding digests to (0.050727ms)
✔ a claim long enough to clip the title still round-trips (0.051198ms)
✔ a claim with newlines becomes one line (0.040768ms)
✔ a title carrying no token, or a non-string, recovers null (0.054915ms)
✔ the body names the finding and never a CLI response (0.137914ms)
✔ the body is never empty, whatever the finding is missing (0.089592ms)
✔ the provider table names three providers, in a fixed order, and is frozen (2.24267ms)
✔ the provider names are HOST_TABLE's own keys, not a second spelling (2.334987ms)
✔ the provider names are exactly git.forge_provider's enum values (0.354659ms)
✔ installedProviders reports the resolving providers in TABLE order (0.175967ms)
✔ installedProviders on a machine with none of them is the empty list (0.143395ms)
✔ installedProviders with no predicate answers empty rather than throwing (0.10997ms)
✔ github and gitlab are complete on provider + slug, with no host (0.136581ms)
✔ forgejo is NOT complete until the instance host is named (0.130419ms)
✔ a missing provider or a missing slug is incomplete (0.090373ms)
✔ a provider spelling no row carries is incomplete, not honoured (0.12028ms)
✔ a non-string or blank persisted value reads as unasked, never as a value (0.150869ms)
✔ a complete record is `configured`, whatever is installed (0.154786ms)
✔ a partly answered forgejo record with a binary present is `ask` (0.075334ms)
✔ an unanswered record with a binary present is `ask`, naming what resolved (0.050958ms)
✔ an unanswered record with NO binary is `refuse`, naming all three and an install (0.163563ms)
✔ a PARTLY answered record with no binary refuses too (0.052039ms)
✔ decideForge is TOTAL: no arguments at all still answers (0.039997ms)
✔ a non-array `installed` is read as none rather than throwing (0.040938ms)
✔ every reason is ONE line, so the setup step prints one line (0.122054ms)
✔ lib/forge-decision.mjs does no I/O and touches no process state (0.180004ms)
✔ isForgeSlug accepts the two and three segment shapes forges serve (0.118927ms)
✔ isForgeSlug refuses a single segment - there is no repository selector (0.038915ms)
✔ isForgeSlug refuses a segment that reads as a FLAG once interpolated (0.034637ms)
✔ isForgeSlug refuses traversal segments in selector position (0.03115ms)
✔ isForgeSlug refuses every character that could end an argument (0.062781ms)
✔ isForgeSlug refuses a slug longer than any forge serves (0.048924ms)
✔ isForgeSlug refuses a non-string rather than throwing (0.133085ms)
✔ splitForgeHost accepts a hostname and splits a ported one into two halves (0.195324ms)
✔ a portless value splits to a NULL port rather than to a defaulted one (0.131992ms)
✔ splitForgeHost refuses every port spelling that is not the canonical one (0.126041ms)
✔ splitForgeHost refuses a value that reads as a FLAG once interpolated (0.044005ms)
✔ splitForgeHost refuses everything outside the hostname alphabet (0.070725ms)
✔ splitForgeHost refuses a value longer than DNS serves (0.063382ms)
✔ splitForgeHost refuses a bracketed IPv6 literal, as a decision (0.033033ms)
✔ splitForgeHost refuses a non-string rather than throwing (0.037081ms)
✔ originDefaults offers a provider for github and gitlab and for nothing else (0.079011ms)
✔ originDefaults offers the slug whenever one parsed, provider or not (0.06266ms)
✔ originDefaults offers NO host default under any verdict (0.082298ms)
✔ originDefaults drops a slug that fails the grammar rather than passing it through (0.042972ms)
✔ originDefaults is TOTAL over anything a caller hands it (0.065645ms)
✔ splitSlug takes the two halves apart at the LAST separator (0.068291ms)
✔ splitSlug refuses everything the slug grammar refuses, rather than re-deriving one (0.139717ms)
✔ the create table names the same three providers as the provider table (0.407279ms)
✔ the create table repeats no binary name - PROVIDER_TABLE is the one spelling (0.103398ms)
✔ each provider builds the ONE argv measured for it, element for element (0.1205ms)
✔ the tea row DROPS --owner when the owner is the login user (the personal case) (0.073601ms)
✔ the tea row NAMES the login it was asked about (0.113988ms)
✔ ownerIsLoginUser answers rather than throwing on anything it is handed (0.085354ms)
✔ the two positional grammars rejoin a nested owner, and tea keeps it split (0.061638ms)
✔ EVERY row pins --private, so a fourth provider cannot be added without one (0.091485ms)
✔ exactly one row says it cannot build an argv without a login, and it is tea (0.273603ms)
✔ the row flagged as wiring its own remote is exactly the one whose argv wires it (0.117705ms)
✔ detect: two stubs on PATH is `ask`, naming exactly those two (48.0141ms)
✔ detect: all three on PATH is `ask` naming all three (33.527938ms)
✔ detect: an EMPTY stub dir refuses, with a hint and no installed entries (28.461737ms)
✔ detect: a complete github record is `configured` even with NO binary (28.870759ms)
✔ detect: a forgejo record with a NULL host is `ask`, still carrying what is answered (30.545392ms)
✔ detect: a forgejo record WITH a host is `configured` (31.433501ms)
✔ detect: an unasked repository with a binary present is `ask`, carrying three nulls (33.406286ms)
✔ detect: the scaffolded template answers `ask` rather than defaulting a provider (37.120641ms)
✔ detect: an unparseable config layer surfaces a warning on the envelope (33.232674ms)
✔ detect: an ABSENT --dir reads the process cwd (30.469097ms)
✔ detect: an EMPTY --dir refuses, rather than answering about ./.planning (49.483691ms)
✔ detect: a VALUELESS --dir refuses the same way (60.603873ms)
✔ an unknown subcommand prints the usage line naming both it has (42.871332ms)
✔ no subcommand at all is the same usage refusal (28.988634ms)
✔ detect: a split SSH endpoint offers the slug and NO provider (33.312806ms)
✔ detect: a gitlab origin offers BOTH defaults, subgroup path intact (35.52575ms)
✔ detect: a github origin offers both defaults (33.028844ms)
✔ detect: NO host default is ever offered (35.462378ms)
✔ detect: a slug failing the grammar yields NO slug default, not raw text (34.614737ms)
✔ detect: a repository with NO origin offers no defaults and still asks (34.574009ms)
✔ detect: a directory that is not a repository at all still asks (27.450071ms)
✔ detect: the `configured` and `refuse` arms carry no defaults at all (63.402778ms)
✔ detect: NO forge CLI is spawned while the defaults are derived (AC1) (36.44036ms)
✔ create: the github arm records the pinned argv, then wires origin itself (34.168824ms)
✔ create: the gitlab arm records its own grammar, --remoteName and all (32.098354ms)
✔ create: the forgejo arm asks tea who it is, then records the org grammar (31.994805ms)
✔ create: a repository under the LOGIN USER is created with no --owner at all (35.236637ms)
✔ create: two logins on ONE hostname are told apart by the PORT the url names (143.141836ms)
✔ create: the scheme default port is the SAME endpoint, never a mismatch (35.16005ms)
✔ create: an SSH remote still resolves its login - its port is not an API port (33.166306ms)
✔ create: no tea login for the instance refuses, and creates NOTHING (27.628894ms)
✔ create: an UNREADABLE login list refuses the same way, leaking none of it (63.761233ms)
✔ create: a login NAME that would read as a flag is skipped, not sanitized (30.085313ms)
✔ create: the two arms that need no login never ask for one (63.542956ms)
✔ create: WITHOUT --confirmed nothing is spawned at all (28.844529ms)
✔ create: a CLI that fails leaks none of its own text and nulls detail (33.760994ms)
✔ create: a provider whose CLI is absent refuses, naming the install (24.754535ms)
✔ create: a provider outside the table refuses before any lookup (30.927814ms)
✔ create: a --repo failing the slug grammar refuses rather than reaching an argv (118.375018ms)
✔ create: --provider and --repo refuse a valueless spelling, before anything runs (57.726559ms)
✔ create: an ABSENT selector is answered by the seam, not by the argument door (60.487601ms)
✔ create: no --remote-url on an arm that wires none creates NOTHING (56.84353ms)
✔ create: a --remote-url the origin grammar cannot read refuses before the spawn (152.218579ms)
✔ create: a VALUELESS --remote-url refuses at the declared row (30.258273ms)
✔ create: a failed `git remote add` says the repository EXISTS (35.12318ms)
✔ create: the gitlab arm is never asked for a --remote-url (29.963379ms)
✔ create: an http(s) --remote-url on the WRONG port refuses, naming both (32.636773ms)
✔ create: an scp --remote-url refuses naming the 22 it implies (25.241596ms)
✔ create: a URL naming the configured port reaches the create (35.842706ms)
✔ create: an SSH port over a non-http scheme is ACCEPTED, never compared (35.960541ms)
✔ create: a --remote-url on a DIFFERENT host is not compared at all (38.457287ms)
✔ create: a MIXED-CASE persisted host still refuses the wrong port (28.763724ms)
✔ create: a PORTLESS or null git.forge_host fires nothing at all (72.910645ms)
✔ create: the gitlab arm REFUSES a --remote-url, naming the conflict (32.379971ms)
✔ gateTriggers reads the trigger names off the schema, in key order (1.222419ms)
✔ gateTriggers ignores tier/effort/surfaces keys and any non-gate leaf (0.126512ms)
✔ a fifth trigger is walked the day its key lands, with no edit here (1.109933ms)
✔ a schema with no gate rows at all yields nothing (0.196977ms)
✔ all THREE fields of a trigger are walked, not the gate alone (0.384977ms)
✔ AC1: every pre-patch purpose states no default, so each is reported (0.176938ms)
✔ AC1: the pre-patch defaults are all real gates, so none is invalid (0.107706ms)
✔ a real default with a purpose naming it yields no problem at all (0.570041ms)
✔ a purpose naming NO member is gate-prose-missing, naming the key (0.268253ms)
✔ a purpose naming a DIFFERENT member is gate-prose-drift, naming both values (0.210804ms)
✔ the prose half is MANDATORY - a correct default does not excuse silent prose (0.174995ms)
✔ a purpose that is not a string is gate-prose-missing, and says that is why (0.158573ms)
✔ the clause grammar is case-insensitive and takes an unwrapped value (0.12569ms)
✔ the clause grammar takes "default to" and a quoted value too (0.114749ms)
✔ naming a member OUTSIDE the clause is free prose, not a claim (0.115952ms)
✔ a member that only PREFIXES a word in the purpose does not count as a clause (0.123586ms)
✔ a NULL default is gate-default-invalid - the sentinel is gone (0.178401ms)
✔ a default OUTSIDE its own values is gate-default-invalid, naming the value (0.284424ms)
✔ a boolean default is gate-default-invalid too, not a silent pass (0.161449ms)
✔ an absent default reads as absent, never as null (0.144666ms)
✔ a default valid for ANOTHER field is still invalid here - each row has its own enum (0.153684ms)
✔ a row with two faults reports both, rather than short-circuiting (0.128767ms)
✔ an invalid default whose prose names a real member reports invalid AND drift (0.127965ms)
✔ a schema row that is not an object is gate-row-malformed, never a throw (0.34525ms)
✔ a non-object schema map yields nothing, never a throw (0.098238ms)
✔ a row with no values enum reports rather than passing green (0.184914ms)
✔ milestone + auto on a protected base: create the named integration branch (35.595393ms)
✔ milestone + ask on a protected base: ask, naming the integration branch (30.871687ms)
✔ milestone + off on a protected base: stay (32.667633ms)
✔ milestone already on a work branch: stay (lazy, once per cycle) (31.680283ms)
✔ trunk on a protected base: stay, no integration branch (branch null) (33.160425ms)
✔ defaults (no git block set): milestone + ask on a protected base -> ask (35.371134ms)
✔ a STRING protected_branches is honored here too, not dropped (#38, COR-01) (66.392467ms)
✔ published: a milestone the repo has ALREADY TAGGED asks, naming both numbers (AC8) (40.16793ms)
✔ published: an untagged maintenance milestone below a higher tag still creates (AC8) (74.61693ms)
✔ published: a milestone above every tag still creates - the guard refuses no new cycle (73.346219ms)
✔ published: a non-semver tag is skipped, not guessed at (80.734213ms)
✔ published: an enclosing repository's tags are not this project's (TAG-01) (34.138817ms)
✔ tags: the repository at --dir answers with its own tag list (37.190484ms)
✔ tags: a non-repository project inside a tagged repository has published nothing (TAG-01) (35.11824ms)
✔ tags: a directory that is no repository at all reads as no tags, not an error (29.889258ms)
✔ an unknown subcommand names BOTH arms, so the new one is reachable from the usage line (28.425547ms)
✔ warnings[] rides the envelope, and a torn layer puts the parse failure on it (59.15934ms)
✔ decide: an EMPTY --dir refuses by name, exit 1, no tree read (29.280042ms)
✔ decide: a VALUELESS --dir refuses by name, exit 1, no tree read (29.024082ms)
✔ tags: an EMPTY --dir refuses by name, exit 1, no tree read (30.131ms)
✔ tags: a VALUELESS --dir refuses by name, exit 1, no tree read (25.516112ms)
✔ silent outside a Cadence project (25.604831ms)
✔ silent for non-git commands inside a project (32.320718ms)
✔ guard applies from a subdirectory of the project (walk-up) (35.919964ms)
✔ walk-up stops at a repo root without .planning (still not policed) (23.020959ms)
✔ git push always asks (publishing is /cad-land's call) (28.600642ms)
✔ auto_close true does not exempt any push - every push still asks (27.997618ms)
✔ compound command still catches the push half (29.3258ms)
✔ global git options are skipped when finding the subcommand (29.160222ms)
✔ git stash push is not a publish (the verb is stash) (27.382332ms)
✔ push as an argument or inside quotes never fires the rail (151.527287ms)
✔ commit on a protected branch asks by default, silent on a task branch (79.125024ms)
✔ git.on_protected=refuse denies; =allow stays silent (65.773814ms)
✔ on_protected "deny" is an alias of refuse, not a silent soft-ask (#38) (35.292274ms)
✔ a string protected_branches guards THAT branch, not the default list (#38) (66.250826ms)
✔ an EMPTY protected_branches list still means nothing is protected (D-09) (66.714794ms)
✔ a protected_branches naming NO branch guards the default list (GRD-01) (102.52117ms)
✔ custom protected_branches list is honored (66.934785ms)
✔ a commit message naming the push rail is a commit, not a push (30.416496ms)
✔ a mention or a read-only search is silent, so no deny gate is needed (136.270622ms)
✔ shapes the anchored reader declines to see (stated cost, not an oversight) (280.515327ms)
✔ malformed stdin exits 0 with no output (guard never blocks work) (22.143159ms)
✔ payload without a command stays silent inside a project (26.308087ms)
✔ commit guard degrades silently when .planning has no git repo (27.906395ms)
✔ detached HEAD is not a protected branch (rev-parse says HEAD) (35.185499ms)
✔ the payload size that OOMed the deleted reader still decides (44.270227ms)
✔ a torn config asks on a NON-protected branch, naming the parse failure (31.019259ms)
✔ a torn config asks ONCE on a protected branch, not twice (33.258823ms)
✔ on_protected: allow with a torn layer still asks - the value was not read (39.966885ms)
✔ a torn layer never DENIES - fail-open stands (32.503157ms)
✔ a well-formed config on a non-protected branch is still silent (64.556865ms)
✔ the push rail is unchanged by a torn layer (27.582194ms)
✔ a torn USER-GLOBAL layer asks too, naming that layer - it carries the same keys (34.515597ms)
✔ a torn global layer asks on `release` too - the list that would have named it is gone (33.790049ms)
✔ a torn GLOBAL layer whose path merely PREFIXES the repo layer asks as itself (32.618037ms)
✔ a torn repo layer never CANCELS a deny the global layer configured (32.999497ms)
✔ census: no gate value reaches the protected-branch guard (D-11) (0.949948ms)
✔ a deferred gate in the config layer changes no guard decision (97.577132ms)
✔ the checked-out branch, trimmed (18.68297ms)
✔ a SUBDIRECTORY of the repo answers the same (git -C discovers upward) (7.482254ms)
✔ a directory that is NOT a git repo is "" - never a throw (1.271121ms)
✔ an absent path and a repo with NO COMMITS are both "" (5.186983ms)
✔ a detached HEAD answers git's own "HEAD", not a reinterpretation (8.699973ms)
✔ publish: auto_close true on a non-protected branch pushes exactly that ref (60.231001ms)
✔ refuse: auto_close false -> auto-close-off, bare gains no branch (45.508115ms)
✔ refuse: HEAD on a protected branch -> protected-branch, no push (41.93462ms)
✔ refuse: a STRING protected_branches protects that branch too (#38, COR-01) (43.804197ms)
✔ refuse: no origin remote configured -> remote-not-configured (36.379282ms)
✔ refuse: detached HEAD -> no-branch, no push (46.964391ms)
✔ refuse: auto_close ONLY in the global layer (repo omits) -> auto-close-off (D-08) (88.032825ms)
✔ usage: an unknown subcommand -> ok:false reason usage (48.608237ms)
✔ reap: a merged integration branch is actually deleted (50.007433ms)
✔ reap: an UNMERGED branch is deleted too - land-cleanup owns the merged verdict (53.877045ms)
✔ reap: an already-absent branch SKIPS with ok:true and exit 0 (idempotent close) (39.564286ms)
✔ reap refuse: a protected branch, and it is still there afterwards (39.442502ms)
✔ reap refuse: the CHECKED-OUT branch, named rather than left to a git error (43.057488ms)
✔ reap refuse: an option-shaped branch name never reaches git (38.089674ms)
✔ reap refuse: no --branch at all -> no-branch, and no git ran (41.509977ms)
✔ reap needs no auto_close: a close-off repo still reaps its local branch (42.856163ms)
✔ usage: the detail names all three subcommands (27.756417ms)
✔ publish refuse: off-everywhere and requested-globally read DIFFERENTLY (83.567211ms)
✔ authorized: a user-global true is refused - the repository never opted in (35.506664ms)
✔ authorized: the repository's own opt-in answers ok:true, and needs no git (67.964063ms)
✔ authorized: the GitLab arm refuses with NO forge CLI spawned at all (37.569449ms)
✔ authorized: off in BOTH layers refuses with the other sentence (39.182124ms)
✔ publish refuse: a TORN layer that could carry protected_branches pushes NOTHING (40.548287ms)
✔ reap refuse: a TORN layer leaves the branch it would have protected in place (42.686608ms)
✔ warnings[] rides the git-publish envelope on the acting AND the skip arms (70.49279ms)
✔ publish: a git:// remote carrying userinfo fails without leaking it (39.769258ms)
✔ publish: a PATH-shaped remote carrying userinfo fails without leaking it (39.780078ms)
✔ source: every git-publish failure detail goes through redactUrl (0.38701ms)
✔ publish: an EMPTY --dir refuses by name, exit 1, nothing run (31.813649ms)
✔ publish: a VALUELESS --dir refuses by name, exit 1, nothing run (25.399178ms)
✔ reap: an EMPTY --dir refuses by name, exit 1, nothing run (27.66387ms)
✔ reap: a VALUELESS --dir refuses by name, exit 1, nothing run (28.122467ms)
✔ authorized: an EMPTY --dir refuses by name, exit 1, nothing run (28.255692ms)
✔ authorized: a VALUELESS --dir refuses by name, exit 1, nothing run (28.408064ms)
✔ a segment whose command word is git reports its verb (4.752291ms)
✔ the verb is the first NON-FLAG word (0.137974ms)
✔ a global option taking a separate argument is skipped WITH its argument (0.109108ms)
✔ an =-glued global option needs no entry of its own - it is one flag word (0.108648ms)
✔ a segment whose command word is not git is SILENT (the accepted cost) (0.239277ms)
✔ the anchor is the command word, so a git word mid-segment does not count (0.097556ms)
✔ only the VERB is read, so an operand naming another verb is not one (0.095864ms)
✔ TOTAL: any input at all returns an array and never throws (0.14603ms)
✔ LINEAR: the input size that OOMed the deleted reader is answered instantly (6.463234ms)
✔ LINEAR: many separated invocations are all reported, in order (8.5575ms)
✔ a separator run does not manufacture a verb (0.189172ms)
✔ the set is exactly the three keys CFG-02 names, and is frozen (1.607946ms)
✔ a non-null value is removed from the layer the merge consumes (0.269115ms)
✔ a non-null value warns, naming BOTH the key and the file it came from (0.174083ms)
✔ all three keys are stripped, one warning each - not just the first (0.201705ms)
✔ a null value is stripped too - the strip is value-agnostic (D-13) (0.138004ms)
✔ a null value warns about NOTHING - presence is not setting (D-13) (0.072128ms)
✔ an empty string IS a set value: stripped and warned about (0.0888ms)
✔ a layer setting none of them is returned untouched and silent (0.115571ms)
✔ sibling keys under the same parent survive the strip (0.121122ms)
✔ the input object is never mutated - the strip returns a COPY (0.233487ms)
✔ a non-object layer is handed back as-is, never a throw (0.11497ms)
✔ a scalar PARENT is stripped: it would replace the global section wholesale (0.096575ms)
✔ a scalar parent warns, naming the section, the file and the keys it hid (0.083249ms)
✔ a scalar parent warns ONCE, not once per key beneath it (0.053632ms)
✔ a null parent is stripped silently - presence is not setting (D-13) (0.055496ms)
✔ a section with no global-only key beneath it is left alone whatever its type (0.065796ms)
✔ the census walks the whole bin tree, lib/ and test files included (0.782957ms)
✔ exactly one definition of the defaulting disposition (fallback) (1.596514ms)
✔ exactly one definition of the throwing flag-value reader (flagValue) (1.010473ms)
✔ exactly one definition of the ''-on-failure file reader (readText) (4.33911ms)
✔ exactly one definition of the current-branch reader (readCurrentBranch) (2.489663ms)
✔ exactly one definition of the lease-grammar containment predicate (covers) (1.067342ms)
✔ exactly one definition of the executable-resolution predicate (onPath / executableIn) (2.215328ms)
✔ exactly one definition of the rotated-report name grammar (rotatedSource / isReportName) (1.396962ms)
✔ exactly one definition of the worker-key grammar (requirePlanKey) (2.715745ms)
✔ exactly one definition of the multi-file transition step loop (runTransition) (3.506578ms)
✔ exactly one definition of the genuinely-unfixed test (unfixedFromEntries) (4.589038ms)
✔ every register row states an event name and a reason for it (1.452639ms)
✔ the shipped register covers the shipped hooks.json - the tree agrees with itself (0.247604ms)
✔ an unregistered event is reported by name; the registered ones beside it are not (0.389285ms)
✔ SubagentStop is registered TODAY, so a rename of it is what the check catches (0.196206ms)
✔ ONE DIRECTION: a register row no hooks.json carries is not a problem (0.164465ms)
✔ the register is a PARAMETER, so a test never asserts it against itself (0.177068ms)
✔ an absent file is lenient on a partial root and missing-input on a full install (0.168973ms)
✔ an unreadable or shapeless file is ONE issue, never a throw (0.349438ms)
✔ AC5: the live cad-verify bytes report exactly one unnamed include (2.715885ms)
✔ AC5: the same bytes report nothing under a one-row WAIVED (1.848436ms)
✔ AC5: cad-help passes under both, because its objective names the include (0.604135ms)
✔ AC6: an include named ONLY by its own `@`-include line still reports (0.386339ms)
✔ a self-citing INCLUDED file does not answer for the command that includes it (0.442296ms)
✔ a workflows/ include is exempt even when nothing names it anywhere (0.268864ms)
✔ naming is the <branch>/<file> path form, never the basename (0.644473ms)
✔ an included surface named by the command WORKFLOW satisfies the check (0.312598ms)
✔ WAIVED ships EMPTY, and is frozen (0.106093ms)
✔ DOWNWARD bound: the waiver cannot outlive its `@`-include line (0.430564ms)
✔ UPWARD bound: a checked-off removeInPhase expires the waiver (0.440623ms)
✔ UPWARD bound: an UNCHECKED phase, or no ROADMAP at all, reports nothing (0.488124ms)
✔ a waiver row whose skill is absent from the root reports nothing (0.202728ms)
✔ an absent skills/ directory contributes nothing at all (0.097577ms)
✔ github: the report names each referenced issue with its state, plus the open list (63.392909ms)
✔ gitlab: the report names each referenced issue with its state, plus the open list (67.555271ms)
✔ forgejo: the report names each referenced issue with its state, plus the open list (66.783154ms)
✔ forgejo: an SSH host that differs from the login host still reports (95.300307ms)
✔ a branch referencing NO issue still reports the open list as the fallback (97.504364ms)
✔ a protected_branches naming NO branch still names the referenced issues (GRD-01, D-02) (64.416747ms)
✔ the forge call names the --dir repo, not the one the process cwd sits in (80.416475ms)
✔ the github and gitlab argv are byte-identical to what they were (122.465383ms)
✔ a forge CLI that never returns is killed at the bound and the land continues (560.223772ms)
✔ unknown subcommand: usage (29.014955ms)
✔ degrades in ONE line: the key is off (62.544937ms)
✔ degrades in ONE line: no forge configured (55.535488ms)
✔ degrades in ONE line: no tea login (62.913722ms)
✔ degrades in ONE line: the resolved binary is absent (57.044344ms)
✔ degrades in ONE line: the CLI exits nonzero (63.96302ms)
✔ degrades in ONE line: a response truncated at the page limit (61.728806ms)
✔ degrades in ONE line: a response with a renamed field (59.605013ms)
✔ degrades in ONE line: the ref scan fails (68.146803ms)
✔ an EMPTY tea login list skips on the existing line, and queries nothing (61.06721ms)
✔ an origin NO login names skips, and asks tea nothing about it (61.525467ms)
✔ a persisted host a login NAMES is bound with --login <that login's name> (64.920892ms)
✔ forgejo: every call names the login the persisted host resolves, and no other (66.599162ms)
✔ forgejo: a number the open list missed resolves, or is named unresolved (66.53022ms)
✔ forgejo: the resolve stops at its cap, and the remainder are unresolved (83.128512ms)
✔ the per-issue resolves share ONE wall-clock budget, not one bound each (2076.657952ms)
✔ a FAST nonzero resolve does not stop the loop: the numbers behind it still resolve (66.102602ms)
✔ a budget spent mid-loop is still a report: real states behind it, unresolved ahead (2087.835388ms)
✔ the key-off arm spawns NO forge CLI at all, not merely an empty report (137.974008ms)
✔ a token-carrying CLI stderr never reaches the envelope, in ANY shape (75.1247ms)
✔ check: an EMPTY --dir refuses by name, exit 1, no forge CLI spawned (38.228379ms)
✔ check: a VALUELESS --dir refuses by name, exit 1, no forge CLI spawned (31.246283ms)
✔ check: a malformed --timeout-ms still runs on the default, unlike --dir (73.204096ms)
✔ AC4: with the forge keys set and NO origin, forgejo still reports, bound by --login (75.930682ms)
✔ AC4: the same repository whose host NO login serves skips, and asks tea nothing (66.903733ms)
✔ AC4: a repository with a WORKING origin but no forge keys names the keys to set (57.956959ms)
✔ AC4: a github record with NO origin reports too, and never touches tea (61.974343ms)
✔ classifyOrigin reads BOTH url shapes for github and gitlab (1.328832ms)
✔ classifyOrigin: any other host is `unrecognized` and STILL carries its slug (0.195243ms)
✔ classifyOrigin takes ONE argument: a second is ignored, not consulted (0.170636ms)
✔ classifyOrigin: an absent origin is no-remote, and garbage is unrecognized (0.18838ms)
✔ a hostname carrying a control character is REJECTED, never cleaned (1.08229ms)
✔ classifyOrigin says whether the URL SPELLED a port, which httpPort cannot (0.138365ms)
✔ a classification with no URL to read spells no port either (0.582243ms)
✔ teaLoginNameForHost answers the login NAME, by any of the three fields (0.351422ms)
✔ teaLoginNameForHost matches on EQUALITY, never on a shared suffix (0.154346ms)
✔ teaLoginNameForHost takes the FIRST match in tea's own list order (0.165226ms)
✔ teaLoginNameForHost is TOTAL over every unreadable input (0.152522ms)
✔ a persisted host naming a port picks the login serving THAT port (0.113387ms)
✔ a persisted `:443` matches a login whose url spells no port at all (0.06807ms)
✔ a port no login serves resolves to NO login rather than to a neighbour (0.049795ms)
✔ a PORTLESS persisted host resolves exactly as it does today (0.064443ms)
✔ a host the grammar REFUSES answers null rather than throwing (0.085614ms)
✔ scanIssueRefs finds the three forms, dedupes, sorts, and mints no near-miss (0.583716ms)
✔ scanIssueRefs is total on non-text and empty input (0.080995ms)
✔ scanIssueRefs excludes a reference outside the safe-integer range (ARG-04) (0.087157ms)
✔ partitionIssues answers open / closed / not-found, and not-found is never closed (0.196977ms)
✔ partitionIssues answers NOTHING over a fetch that is not complete (0.079122ms)
✔ every row carries its own paging flag with the limit it states (0.148424ms)
✔ the gitlab row is proved against a CAPTURED glab sample, with no glab spawned (0.199782ms)
✔ the github and forgejo normalizers read their CLIs own captured shapes (0.139426ms)
✔ the forgejo row resolves ONE issue, and reads both shapes tea prints (0.145869ms)
✔ only the forgejo row carries a resolve; the other two still list every state (0.101885ms)
✔ a response TRUNCATED at the limit is unreadable, never an issue list (0.235531ms)
✔ a RENAMED field is unreadable, not an empty record set (0.142242ms)
✔ a number OUTSIDE the safe-integer range is unreadable, never a neighbour (ARG-04) (0.14128ms)
✔ all eight reasons are distinct strings, and only `query` proceeds (0.328399ms)
✔ the not-configured line names the keys that are unset, and only those (0.178642ms)
✔ a persisted host carrying a control character never reaches the ONE-line reason (0.129127ms)
✔ decideIssueCheck is total: no arguments at all still answers (0.049194ms)
✔ a five-finding fire spawns NO forge child at all (35.9492ms)
✔ the decline set is read even where no forge CLI resolves (38.299106ms)
✔ a finding DECLINED.md already carries is absent from the answer (37.018946ms)
✔ a decline recognized by (file, claim) survives the file shifting by a line (34.024287ms)
✔ a survived blocker never reaches the ask, so the fire has nothing to file (34.968564ms)
✔ a survived medium whose fix is already committed is never put to the user (33.934095ms)
✔ each returned finding carries its fingerprint BESIDE it, never inside it (92.333692ms)
✔ a decline set far past any old page size is read whole (62.067855ms)
✔ a missing DECLINED.md is an empty decline set, not a refusal (38.297673ms)
✔ an unreadable DECLINED.md refuses rather than re-asking what was declined (34.768772ms)
✔ three accepts and two declines make exactly THREE creates, none labelled (50.396317ms)
✔ a declined finding lands in DECLINED.md and never in FILED.md (39.49332ms)
✔ a decline written by `file` is what the next `unfixed` reads back (69.374331ms)
✔ every create supplies a body, on every entry (38.094644ms)
✔ a create exiting nonzero refuses and NAMES the findings that were not filed (49.46738ms)
✔ a fire with accepts asks the tracker ONCE, and the ask precedes every create (45.687539ms)
✔ the list call is TITLE-SCOPED and names every accepted fingerprint (46.952058ms)
✔ a fingerprint the tracker already holds gets no create and is reported by NUMBER (41.434623ms)
✔ a CLOSED issue suppresses exactly as an open one does (D-05) (43.359596ms)
✔ a lookup that FILLED ITS PAGE refuses the fire before any create (40.685991ms)
✔ a lookup child that could NOT RUN does not refuse - the creates still run (40.435392ms)
✔ a fire of DECLINES alone spawns no child at all - no list and no create (36.104046ms)
✔ the forgejo arm's ISSUE list call carries --login, like its create (44.628262ms)
✔ the forgejo arm carries --login on both calls, resolved off the persisted host (44.236954ms)
✔ no login naming the persisted host refuses BEFORE any create (37.009769ms)
✔ an unconfigured forge refuses by naming the unset keys, spawning nothing (34.897408ms)
✔ a configured forge whose CLI does not resolve refuses without spawning (37.270588ms)
✔ warnings from the config merge ride every envelope (34.992821ms)
✔ an absent payload file refuses before the forge is touched (37.217987ms)
✔ a payload that is not JSON refuses naming the file (35.587488ms)
✔ BOTH payload arms redact a credential out of the path they name (67.597092ms)
✔ a payload buildEntries refuses names the entry, and no forge call is made (36.213906ms)
✔ a dispositions payload with an unknown disposition refuses before any create (30.161167ms)
✔ a dispositions entry whose finding has no claim refuses: it is half the fingerprint (33.564768ms)
✔ a bare --payload refuses at the declared door, naming the flag (33.549379ms)
✔ an unknown subcommand reports usage naming both faces (28.057473ms)
✔ a CLI that prints a URL on create leaks none of it onto the envelope (42.492016ms)
✔ three accepts and two declines leave exactly THREE bullets in FILED.md (50.927242ms)
✔ a fire of declines ALONE writes no FILED.md, and two DECLINED.md rows (37.315594ms)
✔ the bullet is a POINTER: the title and no finding body (48.587506ms)
✔ a second fire appends rather than replacing the first run's rows (81.871608ms)
✔ a create that fails part way mirrors what landed AND marks the ambiguous one (46.274402ms)
✔ a create failure whose mirror ALSO failed says so, and the hint stops the retry losing it (2050.849573ms)
✔ the create-failed hint is honest that the failed create may have LANDED (100.782614ms)
✔ a fingerprint FILED.md already carries gets no SECOND row, even when it is re-filed (43.938623ms)
✔ an UNCONFIRMED write over a CONFIRMED row rewrites that row rather than adding one (45.585624ms)
✔ a payload carrying the same fingerprint TWICE spawns one create (45.899314ms)
✔ an accept followed by a DECLINE of the same finding creates once and declines nothing (39.352219ms)
✔ a lookup that could not run falls through to FILED.md, per fingerprint (44.837603ms)
✔ a lookup that could not run with NO ledger creates every accept (47.319921ms)
✔ on a forge whose lookup is UNMEASURED, a complete miss cannot overrule a confirmed row (47.36636ms)
✔ an unmeasured forge still honours a lookup HIT, which is the arm that was measured true (42.9228ms)
✔ AC4 end to end: an ambiguous create is not re-filed on the next fire (79.644897ms)
✔ an unreadable FILED.md refuses BEFORE any create, like the decline record (36.845514ms)
✔ a DECLINED.md row never stops `file` creating what the user just accepted (46.041305ms)
✔ `unfixed` writes nothing at all - the ask is not a filing (33.689417ms)
✔ an unreadable EXISTING DECLINED.md is never replaced by this batch alone (33.417426ms)
✔ a row the grammar rejects refuses rather than reporting the batch recorded (32.719832ms)
✔ a DANGLING SYMLINK at DECLINED.md refuses; it is an entry, not an absence (36.113714ms)
✔ a conflicted DECLINED.md refuses rather than reading past the damage (34.075896ms)
✔ a create failure AFTER a decline still lands that decline row (48.319583ms)
✔ cleanup on a repo with the branch merged into base: reap true, return to base (60.161498ms)
✔ cleanup --merged true forced but branch not in merged list (deleted at merge): reap false, branch null (34.388644ms)
✔ cleanup --merged false: cleanup but reap false (never reap an unmerged branch) (31.710171ms)
✔ a STRING protected_branches resolves base to that branch (#38, COR-01, D-07) (72.748436ms)
✔ a protected_branches naming NO branch resolves base to main (GRD-01, D-02) (61.634375ms)
✔ cleanup with git.on_land_cleanup=false: skip, all flags false (56.641133ms)
✔ gate with a blocker on stdin + git.auto_close=true: halt (38.089004ms)
✔ gate with only a medium finding: proceed (33.556232ms)
✔ gate with git.auto_close=false + a blocker: proceed (chain not running) (31.375571ms)
✔ gate: auto_close ONLY in the global layer (repo omits) -> halt (34.215263ms)
✔ gate: the repo layer wins the merge over a global auto_close:false -> halt (35.240685ms)
✔ gate: global auto_close:true beaten by repo false -> proceed (repo wins) (31.834559ms)
✔ gate under auto_close: stdin-empty halts with a reason naming it, never "no surviving finding" (30.611589ms)
✔ gate with auto_close absent: stdin-empty still proceeds (no unattended chain) (27.730518ms)
✔ gate under auto_close: malformed-json halts with a reason naming it, never "no surviving finding" (31.891598ms)
✔ gate with auto_close absent: malformed-json still proceeds (no unattended chain) (34.92456ms)
✔ gate under auto_close: not-a-findings-payload halts with a reason naming it, never "no surviving finding" (28.989175ms)
✔ gate with auto_close absent: not-a-findings-payload still proceeds (no unattended chain) (30.466262ms)
✔ gate under auto_close: an EXPLICIT {"findings":[]} is the one spelling that proceeds (32.968518ms)
✔ gate: a bare JSON array on stdin still reads as the findings list (59.3685ms)
✔ gate: a usable fix_commit on the same entry flips halt to proceed (LND-02) (59.988036ms)
✔ gate: a refuted or downgraded ruling stops no close, at any severity (64.572976ms)
✔ gate: `unruled` is read off the same stdin object, and a malformed one fails CLOSED (187.110798ms)
✔ gate: no stdin piped at all halts under auto_close, whatever the platform calls it (30.615396ms)
✔ gate: a genuinely unreadable stdin is the fourth halting state, named (30.526767ms)
✔ v3.7.7 (a): the ruled record PROCEEDS - the regression LND-02 closes (33.174291ms)
✔ v3.7.7 (b): delete that ONE key and the same set halts, on that entry alone (30.62753ms)
✔ v3.7.7 (c): the same review with nothing ruling it halts as unruled-review (60.889519ms)
✔ v3.7.7 (d): the same high, overridden - named on `overridden`, `action` unmoved (67.097175ms)
✔ warnings[] rides BOTH land-cleanup envelopes, empty and torn (132.5478ms)
✔ unknown subcommand: usage, ok false (30.594476ms)
✔ cleanup: an EMPTY --dir refuses by name, exit 1 - no stdin (29.870562ms)
✔ cleanup: a VALUELESS --dir refuses by name, exit 1 - no stdin (33.485917ms)
✔ gate: an EMPTY --dir refuses by name, exit 1 - a blocking findings payload on stdin (30.318759ms)
✔ gate: a VALUELESS --dir refuses by name, exit 1 - a blocking findings payload on stdin (27.487753ms)
✔ gate: an EMPTY --dir refuses by name, exit 1 - unparseable stdin (34.134058ms)
✔ gate: a VALUELESS --dir refuses by name, exit 1 - unparseable stdin (31.402422ms)
✔ covers: the declaration/path table (0.600178ms)
✔ intersects: symmetric on every row of the table (0.145629ms)
✔ a non-path string answers, it never throws (0.103077ms)
✔ isRefusedSpelling: exactly three forms, and nothing else (3.798798ms)
✔ completedPhases reads only the checked boxes (1.756861ms)
✔ pruneRoadmap removes checked lines and their detail sections, nothing else (0.318339ms)
✔ a decimal phase is matched exactly - 2.1 never consumes 21 or 291 (0.127514ms)
✔ a phase with no detail section is reported, not invented (0.088499ms)
✔ archiveRequirements moves shipped rows to a created ## Shipped and cleans both sources (0.672557ms)
✔ an existing ## Shipped table is appended to, never duplicated (0.316305ms)
✔ no shipped rows means no text change at all (0.118366ms)
✔ archiveRequirements never ships a Deferred row, whatever phase it names (0.188882ms)
✔ the Active-bullet scan is bounded to ## Active, not the whole file (## Deferred) (0.159295ms)
✔ the Active-bullet scan is bounded to ## Active, not the whole file (## v2 Requirements) (0.149326ms)
✔ no ## Active heading: no bullet removed, no summary captured, the row still ships (0.143214ms)
✔ a wrapped bullet is removed whole - no orphaned continuation line survives (0.364698ms)
✔ a wrapped-bullet prune leaves the section's trailing paragraph and the unshipped bullet (0.198971ms)
✔ the archived parenthetical is the whole span joined, first letter as authored (0.217286ms)
✔ a `|` inside a bullet is escaped before it reaches the Shipped cell (0.213559ms)
✔ a `## Active` heading inside a code fence is not the section (0.124789ms)
✔ a fenced `## Shipped` is not the section - the row lands under the real one (0.13598ms)
✔ a document whose only `## Shipped` is fenced gets a REAL section created (0.142823ms)
✔ a fenced `## ` inside ## Shipped does not cut the append scan short (0.08338ms)
✔ corpus: pruning this repository's own REQUIREMENTS.md needs no hand repair (2.628619ms)
✔ seam: archive mode prunes docs and moves completed dirs, leaves the open phase (53.859883ms)
✔ seam: delete mode removes the dirs and a second run is a clean skip (102.635008ms)
✔ seam: a missing phase dir is reported in dirs.missing, never a failure (60.708915ms)
✔ seam: missing REQUIREMENTS.md degrades to a warning, roadmap half still lands (109.946354ms)
✔ seam: a REQUIREMENTS.md whose sections are only fenced comes back byte-identical (52.552893ms)
✔ seam: with real sections below the fence, the row lands under the REAL ## Shipped (48.301971ms)
✔ seam: a phase whose directory move fails is refused, and keeps its docs (52.401022ms)
✔ seam: when every phase fails, neither document is written at all (51.017756ms)
✔ seam: an _archive-<label> that is a symlink is refused before anything moves (46.665049ms)
✔ seam: a regular file squatting _archive-<label> is refused the same way (51.047693ms)
✔ seam: delete mode builds no archive root, so the type check does not apply (48.434454ms)
✔ seam: bad args are refused - label required, mode must be delete|archive (145.62153ms)
✔ seam: a label from a file archives exactly where the inline label does (96.197734ms)
✔ seam: both label terms still run on a label that arrived in a FILE (96.873516ms)
✔ seam: every --label-file refusal is bad-args and leaves the tree untouched (242.076716ms)
✔ seam: a delete-mode close writes its residue before the directories go (52.948789ms)
✔ seam: the archive arm writes the same rows the delete arm does (51.145901ms)
✔ seam: a second identical run adds no row and leaves ARCHIVE.md byte-identical (105.330504ms)
✔ seam: an interrupted close keeps its rows, and the re-run neither duplicates nor drops them (112.751009ms)
✔ seam: phases holding no readable artifact write no ARCHIVE.md at all (53.60745ms)
✔ falsifier: a close in `delete` mode leaves its phase recallable (RCL-07) (209.174084ms)
✔ falsifier: a close in `archive` mode leaves its phase recallable (RCL-07) (203.260832ms)
✔ seam: a foreign heading that prefixes this label does not suppress the write (44.804599ms)
✔ seam: a partial section re-runs the artifacts it is missing, not the phase whole (51.532891ms)
✔ seam: a held ARCHIVE.md lock refuses the close before any directory moves (2056.683421ms)
✔ a bullet carrying its tracker suffix is removed WHOLE, and keeps the ref (0.435263ms)
✔ onPath: a name made reachable by a stub directory prepended to PATH (4.560254ms)
✔ onPath: a name nothing on PATH provides is false, never a throw (0.227315ms)
✔ onPath: an EMPTY PATH entry is skipped, not read as the cwd (0.164785ms)
✔ onPath: a PATH entry that does not exist is skipped, not a throw (0.137853ms)
✔ onPath: a same-named file with no execute bit does not resolve (0.197768ms)
✔ onPath: an unset PATH answers false rather than throwing (0.091134ms)
✔ executableIn: answers about ONE named directory, ignoring PATH (0.17748ms)
✔ executableIn: a non-string or empty side is false, never a throw (0.132994ms)
✔ cursorPhase returns the cursor phase (1.247366ms)
✔ cursorPhase returns a decimal phase as a Number (0.233617ms)
✔ a missing STATE.md is null, silently - the ordinary pre-project state (0.152391ms)
✔ a garbled STATE.md is null, never a throw (0.130029ms)
✔ two conforming plans both parse: the union, found 2, clean 2 (1.496734ms)
✔ a plan out of grammar contributes NO path, warns, and leaves clean below found (0.400597ms)
✔ an unreadable plan does the same: no path, one warning, clean below found (0.317237ms)
✔ an absent phase directory is zero found and NO warning - the pre-plan state (0.157461ms)
✔ a phase directory holding no PLAN file is zero found, no warning, no throw (0.216474ms)
✔ a plan whose `files:` list is empty counts found and clean, and is named undeclared (0.312036ms)
✔ a plan with no `files:` key at all takes the same arm as an empty list (0.222105ms)
✔ a plan declaring one path is NOT undeclared, even when a sibling declared it first (0.38152ms)
✔ the named-plan face reports undeclared for the plan its key names (0.260608ms)
✔ a plan that could not be read is NOT undeclared - it is unclean (0.173211ms)
✔ a `- **Files:**` task line contributes nothing to either face (D-05) (0.180756ms)
✔ the named-plan face reads ONLY the file its key names (0.219319ms)
✔ key `1` reads PLAN.md when PLAN-1.md is absent, and PLAN-1.md when it is not (0.239568ms)
✔ a key naming no plan file is found 0 with a warning - a wrong dispatch, not a pre-plan state (0.182139ms)
✔ the named face carries the same two failure arms as the union (0.132984ms)
✔ the by-path reader answers exactly what the phase-keyed face does (0.199872ms)
✔ the by-path reader carries the out-of-grammar and unreadable arms too (0.220742ms)
✔ an unreadable directory is silent for the union face and warns for a named plan (0.150578ms)
✔ the locator finds live and archived phase directories, in a stable order (0.513492ms)
✔ an unreadable archive directory is skipped, never a throw (0.195654ms)
✔ an absent planning root is an empty list - the ordinary pre-project state (0.191887ms)
✔ the locator does not leave the planning root through a symlink (0.247814ms)
✔ a symlink that stays INSIDE the planning root is still a phase (0.220252ms)
✔ adjudication: --phase 1.10 refuses against a tree holding phases/1.1/ (54.333559ms)
✔ adjudication: --phase 1.10 gets past the phase check when only phases/1.10/ exists (46.055132ms)
✔ adjudication: the token rails still fire after a clean spelling (56.321141ms)
✔ deferred record: --phase 1.10 refuses against a tree holding phases/1.1/ (93.903715ms)
✔ deferred record: --phase 1.10 gets past the phase check when only phases/1.10/ exists (55.891118ms)
✔ deferred record: the token rails still fire after a clean spelling (50.821731ms)
✔ the collision refusal is TREE-aware, not the unconditional one: 08 with no phases/8/ (48.609599ms)
✔ a canonical spelling is never refused, whatever else is on the tree (48.784964ms)
✔ criteria-size: --phase 1.10 acts on phases/1.10/ when no phases/1.1 exists (49.879779ms)
✔ criteria-size: --phase 1.10 refuses against a tree holding phases/1.1/ (49.272417ms)
✔ criteria-size: --phase 08 refuses against a tree holding phases/8/ (51.121965ms)
✔ plan-size: --phase 1.10 acts on phases/1.10/ when no phases/1.1 exists (48.944229ms)
✔ plan-size: --phase 1.10 refuses against a tree holding phases/1.1/ (51.240562ms)
✔ plan-size: --phase 08 refuses against a tree holding phases/8/ (46.432184ms)
✔ plan-overlap: --phase 1.10 acts on phases/1.10/ when no phases/1.1 exists (50.452665ms)
✔ plan-overlap: --phase 1.10 refuses against a tree holding phases/1.1/ (46.078446ms)
✔ plan-overlap: --phase 08 refuses against a tree holding phases/8/ (50.118766ms)
✔ cite-count: --phase 1.10 acts on phases/1.10/ when no phases/1.1 exists (50.370898ms)
✔ cite-count: --phase 1.10 refuses against a tree holding phases/1.1/ (44.523051ms)
✔ cite-count: --phase 08 refuses against a tree holding phases/8/ (48.818728ms)
✔ uat: --phase 1.10 acts on phases/1.10/ when no phases/1.1 exists (52.26952ms)
✔ uat: --phase 1.10 refuses against a tree holding phases/1.1/ (49.59808ms)
✔ uat: --phase 08 refuses against a tree holding phases/8/ (49.804154ms)
✔ lease-check: --phase 1.10 acts on phases/1.10/ when no phases/1.1 exists (58.24944ms)
✔ lease-check: --phase 1.10 refuses against a tree holding phases/1.1/ (55.239531ms)
✔ lease-check: --phase 08 refuses against a tree holding phases/8/ (56.114055ms)
✔ deferred carry: --phase 1.10 carries out of phases/1.10/ when no phases/1.1 exists (51.29738ms)
✔ deferred carry: --phase 1.10 refuses against a tree holding phases/1.1/, moving nothing (54.177089ms)
✔ deferred carry: --phase 08 refuses against a tree holding phases/8/ (46.810978ms)
✔ deferred list: --phase 1.10 lists phases/1.10/ when no phases/1.1 exists (50.916772ms)
✔ deferred list: --phase 1.10 refuses against a tree holding phases/1.1/ (52.337209ms)
✔ deferred list: --phase 08 refuses against a tree holding phases/8/ (51.889253ms)
✔ trace append: --phase 1.10 appends when no phases/1.1 exists (53.739592ms)
✔ trace append: --phase 1.10 refuses against a tree holding phases/1.1/, appending nothing (52.521101ms)
✔ trace close: the same body, so it refuses on the same tree (50.963892ms)
✔ capture: --phase 1.10 still writes the tag (phase 1.10) on a tree holding phases/1.1/ (49.361597ms)
✔ trace render: --phase 1.10 still renders on a tree holding phases/1.1/ (101.551194ms)
✔ census: every phase-argument callsite under planning/ carries a disposition (2.987716ms)
✔ census: every path-resolving callsite actually calls its check (2.717939ms)
✔ requirePlanKey: the stated table (4.352386ms)
✔ an accepted key comes back VERBATIM, never normalized (0.102656ms)
✔ a refusal carries no value at all (0.438919ms)
✔ risk-check run: a fix-pass key is RECORDED, where it answered bad-args (79.315478ms)
✔ risk-check status: a 1-fix bracket is satisfiable - record, then fire receipt (341.684453ms)
✔ risk-check status: a bracketed key the grammar REFUSES is malformed, not missing (59.423435ms)
✔ risk-check status: a bracket with NO plan at all is still required (62.380562ms)
✔ every spelling in the table is accepted by BOTH faces or refused by BOTH (1258.472321ms)
✔ adjudication: the record lands beside the sibling REVIEW discriminator (AC1) (110.936499ms)
✔ adjudication: every entry carries full 40-char ids from a 7-char base and a literal HEAD (AC2) (107.647367ms)
✔ adjudication: a payload whose ruling paraphrases the claim is refused, no file written (AC2) (99.966483ms)
✔ adjudication: a --discriminator spelled "../escaped" is refused with NO file created (95.617725ms)
✔ adjudication: a --discriminator spelled "sub/plan-1" is refused with NO file created (94.604876ms)
✔ adjudication: a --discriminator spelled "plan-1.json" is refused with NO file created (92.529877ms)
✔ adjudication: a --discriminator spelled "." is refused with NO file created (97.03252ms)
✔ adjudication: a --discriminator spelled "-plan-1" is refused with NO file created (95.719168ms)
✔ adjudication: a --trigger carrying a path separator is refused the same way (95.63143ms)
✔ adjudication: an unresolvable --head is refused with no file created (103.374072ms)
✔ adjudication: a re-arm passes --round 2 and round one survives byte for byte (163.074938ms)
✔ adjudication: a second fire that forgot --round is REFUSED, not merged and not overwritten (159.217097ms)
✔ adjudication: a phase directory that does not exist is refused rather than minted (104.490978ms)
✔ adjudication: --task lands the record in the task's own home (GH-227) (106.20656ms)
✔ adjudication: a task fire's record NAMES its slug in the body (D-07) (106.380302ms)
✔ adjudication: a phase fire's record carries NO task key - absent, never empty (D-07) (107.85911ms)
✔ adjudication: --task naming no directory is refused by that name, not as a phase (100.533387ms)
✔ adjudication: --task never falls back to a phase home that does exist (93.504251ms)
✔ adjudication: a --task that could reach outside its own home is refused (283.370749ms)
✔ adjudication: --phase 0 without --task is refused, even where phases/0 exists (98.928447ms)
✔ adjudication: --task beside a REAL phase is refused, the converse of the guard above (D-08) (90.718392ms)
✔ adjudication: both legitimate directions still pass on that same tree (D-08) (156.324123ms)
✔ adjudication: a SYMLINKED tasks/ is refused, not followed out of the tree (94.775542ms)
✔ adjudication: a SYMLINKED phases/ is refused the same way (98.594818ms)
✔ adjudication: without --task the two phase homes resolve exactly as before (102.979365ms)
✔ adjudication: an absent --payload is bad-args, never a read of stdin (92.145911ms)
✔ adjudication: a payload file that was never written is no-payload, not a record (103.653716ms)
✔ adjudication: --round 0 and a non-numeric round are refused (139.374178ms)
✔ adjudication: a citation absent at head is MARKED and still stored, the present one is not (AC5) (104.190753ms)
✔ adjudication: a citation pointing outside the repository is marked, never a crash (AC5) (105.850738ms)
✔ risk-check status: a `deferral` receipt settles the range it names (283.762997ms)
✔ risk-check status: the acceptance is FIRE_RECEIPTS membership, not any outcome event (238.84985ms)
✔ GH-159: a blocking fire whose highest finding is a survived MEDIUM settles end to end (362.11978ms)
✔ RSK-08: both refusals land where they are stated, over a mixed-ruling fixture end to end (420.79356ms)
✔ RSK-08: a REASONLESS receipt over a record holding a cleared halt is refused (294.290305ms)
✔ LND-02: a cleared halt that ALSO names a fix commit takes a reasonless receipt (319.800104ms)
✔ RSK-08: a FIGURELESS receipt cannot settle the range at all (408.67136ms)
✔ RSK-08: the guard cannot be discharged by dropping one settled figure (250.441373ms)
✔ RSK-08: an UNREADABLE record over a partial settle line is refused, never passed (269.714852ms)
✔ RSK-08: a record holding NO cleared halt takes a reasonless receipt unchanged (312.389005ms)
✔ an OVERRIDDEN blocking fire settles end to end, with the record present rather than absent (308.050465ms)
✔ D-04: a WRONG count on a task settlement is refused, exactly as under a phase (164.909273ms)
✔ D-04: the figures the seam returned settle the same task fire (160.342568ms)
✔ D-04: the recount does NOT widen to deferred/<N>/, which keeps its stated posture (154.889977ms)
✔ D-01: a receipt naming the earlier window settles the fire that ran in it (366.525695ms)
✔ D-01: the IDENTICAL receipt without --anchor leaves that range unfired (313.592906ms)
✔ D-03: one authorization id does NOT let a receipt settle a second range (458.230871ms)
✔ audit: traces every break kind, orphans, and deferred (51.577226ms)
✔ audit: a colon-aligned separator row is not a requirement (#41.1) (101.030118ms)
✔ audit: rows under a ## section AFTER Traceability are not requirements (#41.2) (99.753756ms)
✔ audit: a block-YAML requirements list reads as ids, not zero (#48.1) (53.798755ms)
✔ audit: the inline requirements form with a bracketed trailing comment still reads exactly two ids (48.121094ms)
✔ audit: a comment-only requirements: value falls through to a block list surviving a heading comment, a splitting comment, and a blank line (48.072151ms)
✔ audit: a no-space `#TODO` comment on the key line still falls through to the block list (52.68263ms)
✔ audit: a quoted scalar requirements: value reads as the single id (56.042788ms)
✔ audit: an unpicked ## Active id BREAKS at zero rows - the additive shape is reversed (55.95506ms)
✔ audit: unseeded reports no_active_section: true when the ## Active heading itself is absent (56.249845ms)
✔ audit: a tree with rows and no ## Active heading gains no unpicked break (53.428016ms)
✔ audit: the partially-planned state - a row for AUD-01, none for AUD-02, so AUD-02 breaks and the verdict FAILs (53.005989ms)
✔ audit: a ## Deferred id is excluded by SECTION PLACEMENT, and a Deferred-status row is never unpicked (49.168077ms)
✔ audit: an ## Active id that is not id-shaped can never reach the arithmetic, at zero rows either (55.251795ms)
✔ audit: a digit-leading category with a letter in it reaches the arithmetic (PRS-02) (54.193801ms)
✔ audit: a category with NO letter at all is still a phantom, reported and never counted (52.503097ms)
✔ audit: a v1.3.1-shaped ## Active table is reported in active_issues - and its ids stay invisible to the break (51.921515ms)
✔ audit: a prose bold bullet in ## Active is REPORTED, never a break - the phantom-id upgrade pin (51.028677ms)
✔ audit: a colon INSIDE the bold span reports, and is never normalized into the id it resembles (51.120292ms)
✔ audit: a doc version a tag already carries, with the cycle still open, emits version_drift (57.02674ms)
✔ audit: the SAME tagged version with every phase complete is the interrupted close, not drift (58.111756ms)
✔ audit: a phase whose checklist holds only a blocked item does not hold the cycle open (59.372849ms)
✔ audit: one still-answerable item beside a blocked one keeps the cycle open (55.935643ms)
✔ audit: a doc version that merely SORTS BELOW the newest tag is not drift - membership, not order (55.826373ms)
✔ audit: no git repo at all leaves the envelope unchanged - no tags is no evidence, never a failure (47.37122ms)
✔ audit: with no ### Active version, the ROADMAP title supplies the comparand (50.91583ms)
✔ audit: the v2.4.0 state of this repo (issue #87) fires - the regression pin FRI-03 exists for (54.68991ms)
✔ audit: a phase rolled forward - every row Deferred - does not hold the cycle open (54.557687ms)
✔ audit: the same phase with its rows still Pending keeps the gate armed (58.154007ms)
✔ audit: an enclosing repository's tags are not this project's (TAG-01) (52.241797ms)
✔ audit: a LINKED WORKTREE still reads its own repository's tags (TAG-01) (60.519642ms)
✔ seed-reqs: a v1.3.1-shaped ## Active table leaves its envelope unchanged - the delegation did not leak into the writer (45.019711ms)
✔ audit + plan-overlap: a PLAN-gaps.md is reported as nonconforming_plans; PLAN-2.md is not, overlaps unchanged (96.046945ms)
✔ plan-overlap: a phase with no directory still returns no-phase-dir, exit 1 (regression pin across the listPlanFiles refactor) (50.487121ms)
✔ audit: a roadmap phase with no directory is still treated as unplanned, ok:true (regression pin across the listPlanFiles refactor) (49.406763ms)
✔ audit: missing REQUIREMENTS or ROADMAP degrades with named reasons (102.525398ms)
✔ capture-check: a freshly created queue is zero, unannotated and archive-free (56.803444ms)
✔ capture-check: the annotated bullets and the archived section are all named (48.287683ms)
✔ capture-check: an absent CAPTURE.md is an EMPTY queue, never a failure (49.868437ms)
✔ capture-check: a PRESENT but unreadable queue refuses, and says what it is not claiming (53.561001ms)
✔ capture-check: a VALUELESS --file is bad-args, never silently the --dir default (54.722552ms)
✔ capture-check: a queue over its bound is REPORTED, with both numbers, and refuses nothing (53.966967ms)
✔ capture-check: the same tree under a bound of 4 reports no crossing (54.361592ms)
✔ capture-check: a torn config layer rides the envelope rather than silently defaulting (49.727688ms)
✔ capture-sections: every section is named with its count and its walk membership (57.230681ms)
✔ capture-sections: a bullet appended to an out-of-walk section raises THAT count and no other (AC4) (101.549391ms)
✔ capture-sections: an absent CAPTURE.md is ok:true with no sections, never a failure (49.63492ms)
✔ capture-sections: a VALUELESS --file is bad-args, never silently the --dir default (48.653522ms)
✔ cite-count: the envelope names both sides per item, with the unjoinable arms marked (51.868083ms)
✔ cite-count: the queried phase's own rows are dropped and archived same-numbered ones are kept (52.683051ms)
✔ cite-count: two runs over an unchanged plan and payload are byte-identical (98.045598ms)
✔ cite-count: the run records no lifecycle/dispatch - it is a reader, not a subagent (48.595331ms)
✔ cite-count: memory.backend none is a third state, and needs no payload (140.957487ms)
✔ cite-count: the count records itself, under the phase's own correlation id (46.423466ms)
✔ cite-count: a record that refuses the write moves no figure (86.906008ms)
✔ cite-count: three runs are told apart by their records alone (146.042735ms)
✔ criteria-coverage: phase 6 shipped fieldless beside declared ids - ONE break, no exemption (53.919336ms)
✔ criteria-coverage: the synthesized fixture breaks on exactly the two dropped ids (45.278236ms)
✔ criteria-coverage: the same fixture with all 14 items returns zero breaks (48.263627ms)
✔ criteria-coverage: an item with neither criterion nor origin is untraced, never a break (51.165127ms)
✔ criteria-coverage: origin verifier and smoke exempt an item from untraced entirely (50.632418ms)
✔ criteria-coverage: origin criterion with no id is STILL untraced - it names nothing (45.443872ms)
✔ criteria-coverage: a fieldless checklist beside declared ids breaks, it does not exempt (42.863095ms)
✔ criteria-coverage: an UNCHECKED box does not suppress the fieldless-checklist break (44.602123ms)
✔ criteria-coverage: fields_version present and NO criterion, NO origin is NOT legacy (44.584279ms)
✔ criteria-coverage: the phase-3 shape (marker, 7 criterion, 0 origin) is not legacy and does not break (45.751611ms)
✔ criteria-coverage: a marked checklist whose links are intact is unaffected by the marker (43.870994ms)
✔ criteria-coverage: legacy still applies when the CONTEXT declares no AC ids (48.513094ms)
✔ criteria-coverage: legacy applies with no acceptance-criteria heading at all (45.816345ms)
✔ criteria-coverage: a near-miss criteria heading takes the break arm, not the exemption (48.653933ms)
✔ criteria-coverage: a missing colon is a DECLARED id - the fieldless checklist beside it breaks, it does not exempt (44.342355ms)
✔ criteria-coverage: emphasis around the id is a DECLARED id - the fieldless checklist beside it breaks, it does not exempt (47.448487ms)
✔ criteria-coverage: an indented criterion bullet is a DECLARED id - the fieldless checklist beside it breaks, it does not exempt (48.392273ms)
✔ criteria-coverage: an unboxed bullet is a DECLARED id - the fieldless checklist beside it breaks, it does not exempt (53.621617ms)
✔ criteria-coverage: a non-dash marker is a DECLARED id - the fieldless checklist beside it breaks, it does not exempt (48.47437ms)
✔ criteria-coverage: a criterion written as a heading is a DECLARED id - the fieldless checklist beside it breaks, it does not exempt (47.585149ms)
✔ criteria-coverage: an ordered list item is a DECLARED id - the fieldless checklist beside it breaks, it does not exempt (48.111976ms)
✔ criteria-coverage: a bullet whose PROSE names an id declares nothing - still legacy (48.925413ms)
✔ criteria-coverage: no criterion but at least one origin is NOT legacy - every criterion breaks (43.437915ms)
✔ criteria-coverage: an EMPTY checklist is not legacy - the drop itself, every criterion breaks (48.42238ms)
✔ criteria-coverage: an unchecked roadmap box counts uncovered but contributes no break (47.629383ms)
✔ criteria-coverage: an absent CONTEXT.md leaves the phase out of the envelope, ok:true (47.569429ms)
✔ criteria-coverage: a CHECKED phase with criteria and no UAT.md breaks as missing-uat (51.256342ms)
✔ criteria-coverage: an UNCHECKED phase with no UAT.md counts uncovered but never breaks (45.197942ms)
✔ criteria-coverage: a phase with no CONTEXT and no UAT is still exempt - the pruned case (49.326109ms)
✔ criteria-coverage: a CONTEXT.md at chmod 000 breaks instead of being exempted (44.584578ms)
✔ criteria-coverage: a CONTEXT.md that is a DIRECTORY takes the same break (45.168065ms)
✔ criteria-coverage: an UNCHECKED phase with an unreadable CONTEXT still breaks (46.88504ms)
✔ criteria-coverage: a near-miss criteria heading is reported, not silent (48.541027ms)
✔ criteria-coverage: a CONTEXT of bare bullets surfaces criterion-unidded, additively (48.098601ms)
✔ criteria-coverage: a criterion value naming no declared id reports unknown_criterion (45.906959ms)
✔ criteria-coverage: the counts identity holds across a mixed tree (47.165586ms)
✔ criteria-coverage: every run states the plugin version and the UAT fields version (49.512986ms)
✔ criteria-coverage: CADENCE_PLUGIN_MANIFEST pins the version the run reports (51.565262ms)
✔ criteria-coverage: an unreadable manifest reports version.plugin null, never a throw (48.48015ms)
✔ criteria-coverage: CADENCE_PLUGIN_MANIFEST without the sentinel is ignored (99.690695ms)
✔ criteria-coverage: an absent ROADMAP.md degrades with no-roadmap (49.426862ms)
✔ criteria-size: under the floor and over the ceiling are both named, heading `**Success Criteria:**` (50.23591ms)
✔ criteria-size: under the floor and over the ceiling are both named, heading `Success criteria:` (49.014773ms)
✔ criteria-size: an absent CONTEXT.md is not-found, never compared, and never a pass (51.183592ms)
✔ criteria-size: a CONTEXT that declared its criteria IS compared, both bounds (50.777736ms)
✔ criteria-size: no ceiling flags compares nothing and reports within: null (48.059777ms)
✔ criteria-size: a phase with no criteria heading is not-found, and a floor never fires on it (51.056118ms)
✔ criteria-size: a non-integer bound is bad-args, never a coerced comparison (85.425997ms)
✔ plan-overlap: block-form files: lists intersect like inline ones (#48.1) (46.743799ms)
✔ plan-overlap: a comment line inside each files: block list does not truncate it - both share src/shared.rs (D-04 acceptance criterion) (47.596471ms)
✔ audit + plan-overlap: a stray line BETWEEN two block ids is reported and skipped, not a terminator (143.22785ms)
✔ audit + plan-overlap: the frontmatter_issues diagnostic is not key-scoped (143.961444ms)
✔ cursor get: parses the canonical schema; missing file is no-cursor (97.979512ms)
✔ cursor get: malformed STATE.md degrades to unparseable-cursor (47.643891ms)
✔ cursor set: falls back to the existing cursor when ROADMAP is absent (49.600885ms)
✔ cursor set: a --phase spelling that cannot round-trip is refused, STATE.md untouched (D-07) (225.39328ms)
✔ cursor set: derives name/total from ROADMAP, stamps today, writes 4 lines (46.786431ms)
✔ cursor set: derives `of 0 (no active cycle)` from a pruned roadmap, with no --name/--total (46.167267ms)
✔ cursor set: the closed cursor it writes round-trips through cursor get, never unparseable-cursor (95.270759ms)
✔ cursor set: the closed arm beats the prior cursor, so a stale total is not inherited (48.531498ms)
✔ cursor set: --status paused preserves a non-zero prior total, so a pause cannot erase the interrupted-close evidence (100.139533ms)
✔ cursor set: paused preserves nothing when the prior cursor names a different phase (47.513682ms)
✔ cursor set: every non-paused status still derives of 0 against a stale prior cursor (188.64452ms)
✔ cursor set: an out-of-grammar roadmap is broken, not closed - still cannot-derive (43.041086ms)
✔ cursor set: rejects a status outside the lifecycle (47.937082ms)
✔ cursor set: a non-integer --total is bad-args and writes nothing (#42) (92.102839ms)
✔ cursor set: --total -2 is bad-args and leaves a readable cursor (135.503984ms)
✔ cursor set: --total 1e21 is bad-args and leaves a readable cursor (141.291355ms)
✔ cursor set: --total 1.5 is bad-args and leaves a readable cursor (142.687987ms)
✔ cursor set: --phase -1 is bad-args and leaves a readable cursor (141.975364ms)
✔ cursor set: --phase 1e21 is bad-args and leaves a readable cursor (145.25088ms)
✔ cursor set: a decimal phase insertion (2.1) is still accepted (97.793946ms)
✔ cursor set: no ROADMAP and no flags cannot derive (50.840126ms)
✔ cursor set: --next-file writes the STATE.md the inline value writes (158.907554ms)
✔ cursor set: a --next-file value no shell could expand lands verbatim (107.320971ms)
✔ cursor set: a TWO-LINE --next-file is bad-args - the cursor is four lines (149.154657ms)
✔ cursor set: every --next-file refusal is bad-args, STATE.md byte-unchanged (304.19376ms)
✔ usage: unknown subcommand degrades, never crashes (49.793032ms)
✔ debt-harvest: a planted marker is collected with its ceiling and trigger (63.170653ms)
✔ debt-harvest: the 19 conventional markers contribute NOTHING (AC5) (55.29627ms)
✔ debt-harvest: an untracked file and an ignored node_modules contribute nothing (AC5) (56.406584ms)
✔ debt-harvest: a FORCE-ADDED node_modules file is enumerated and still skipped (48.68329ms)
✔ debt-harvest: running twice leaves CAPTURE.md byte-identical (AC6) (98.509716ms)
✔ debt-harvest: ## Todos is never touched, and a deleted marker disappears (AC6) (101.416226ms)
✔ debt-harvest: a fenced ## line in someone else's bullet is never touched (D-12) (55.4582ms)
✔ debt-harvest: the section bound reads a fence, so stale debris cannot survive (D-12) (53.340929ms)
✔ debt-harvest: a FENCED example of the owned heading is not mistaken for it (56.297145ms)
✔ debt-harvest: a TRACKED CAPTURE.md already holding a section stays idempotent (109.877302ms)
✔ debt-harvest: a malformed marker is reported, never dropped (54.81527ms)
✔ debt-harvest: a tracked SYMLINK out of the tree contributes nothing (52.425297ms)
✔ debt-harvest: a non-git root is ok:false, never a zero-marker answer (51.754976ms)
✔ debt-harvest: a --root present with nothing usable is refused, never the cwd (89.590313ms)
✔ debt-harvest: an absent CAPTURE.md is created with the /cad-capture headings (51.095835ms)
✔ debt-harvest: a planning doc QUOTING a literal marker is not harvested (53.199168ms)
✔ deferred record: the member lands beside the sibling REVIEW discriminator (108.855166ms)
✔ deferred record: a second call refuses instead of overwriting the queue member (202.756035ms)
✔ deferred record: --trigger and --discriminator are refused by the FILENAME rule (251.448934ms)
✔ deferred record: a malformed finding is refused in buildEntries own words (140.571778ms)
✔ deferred record: an absent phase directory is refused, never minted (96.526612ms)
✔ deferred list: a member is queued until its ADJUDICATION sibling is beside it (243.919489ms)
✔ deferred list: a round 2 member is superseded by round 2 and by nothing else (263.652187ms)
✔ deferred list: both homes are read, and --phase narrows to one (215.371007ms)
✔ deferred list: an unreadable directory refuses instead of reporting an empty queue (100.240146ms)
✔ deferred list: a member that cannot be read lands on the same refusing list (109.921976ms)
✔ deferred list: an ADJUDICATION symlink does not settle a member (149.065255ms)
✔ status: the deferred block is on EVERY envelope, off the same derivation (213.549111ms)
✔ status: an unreadable queue rides the envelope without failing the status (52.972474ms)
✔ deferred carry: the unadjudicated members move, the settled ones are pruned with the phase (158.641214ms)
✔ deferred carry: a destination that already exists refuses, and moves NOTHING (221.094014ms)
✔ deferred carry: an unreadable phase refuses BEFORE the prune deletes it (104.538448ms)
✔ deferred carry: a symlink squatting the destination is refused, never followed (117.406193ms)
✔ deferred carry: a symlink squatting the PARENT is refused too (109.958716ms)
✔ deferred carry: a phase with nothing queued is an answer, not a refusal (100.58783ms)
✔ adjudication + deferred record: a carried fire resolves its home in deferred/<N>/ (343.728157ms)
✔ adjudication + deferred record: the live phase directory still wins (190.236053ms)
✔ adjudication + deferred record: with NEITHER home present the refusal names both (173.778631ms)
✔ adjudication + deferred record: a symlink at the carried home is refused, never followed (108.910921ms)
✔ detect-commands: a package.json lint script is the command (43.861595ms)
✔ detect-commands: both package.json typecheck spellings (97.768649ms)
✔ detect-commands: Cargo.toml answers both slots (49.139502ms)
✔ detect-commands: pyproject.toml answers per TABLE, not per file (145.028815ms)
✔ detect-commands: go.mod answers both slots (47.47111ms)
✔ detect-commands: an eslint config, flat or legacy, is the last lint arm (93.151977ms)
✔ detect-commands: the project's own script beats a tool config in the same tree (46.221991ms)
✔ detect-commands: two EXACT tsconfig names, each with the form that points at it (94.515625ms)
✔ detect-commands: a tree carrying BOTH tsconfigs answers with the project's own (51.891446ms)
✔ detect-commands: a NEAR-miss tsconfig name still matches nothing (47.816622ms)
✔ detect-commands: nothing detected is ok:true with both null (46.214076ms)
✔ detect-commands: a malformed package.json warns and contributes nothing (47.302107ms)
✔ detect-commands: a malformed package.json does not block a later arm (46.666531ms)
✔ detect-commands: a scripts block that is not an object is not read as one (43.539339ms)
✔ detect-commands: the root is read one directory deep, never recursively (45.064266ms)
✔ detect-commands: an unlistable root is ok:false, never a silent nothing (47.476131ms)
✔ detect-commands: an unreachable winning arm nulls its slot and never falls through (50.246219ms)
✔ detect-commands: an npx arm probes the DELEGATED tool, not the driver alone (100.872325ms)
✔ detect-commands: the LIVE probe resolves a delegated tool out of node_modules/.bin (50.041117ms)
✔ detect-commands: an EMPTY reachable set means nothing is reachable (50.976807ms)
✔ detect-commands: the reachable set WITHOUT the sentinel is ignored (55.678862ms)
✔ detect-commands: --root with nothing after it is bad-args, not answered about cwd (50.385666ms)
✔ detect-commands: an empty --root "" is bad-args, not answered about cwd (48.921766ms)
✔ detect-commands: a whitespace-only --root is bad-args, not answered about cwd (50.195552ms)
✔ detect-surfaces: --root with nothing after it is bad-args, not answered about cwd (54.652027ms)
✔ detect-surfaces: an empty --root "" is bad-args, not answered about cwd (48.132906ms)
✔ detect-surfaces: a whitespace-only --root is bad-args, not answered about cwd (46.909736ms)
✔ detect-commands: a real --root still answers about THAT tree (56.852436ms)
✔ detect-surfaces: a real --root still answers about THAT tree (51.951441ms)
✔ grammar: template requirements: [] with its trailing comment (2.917301ms)
✔ grammar: template files: [] with its trailing comment (0.144467ms)
✔ grammar: inline quoted (0.192308ms)
✔ grammar: inline unquoted (0.139447ms)
✔ grammar: inline with a bracketed trailing comment (0.096985ms)
✔ grammar: inline mixing a quoted #-shaped id with an unquoted one (0.073991ms)
✔ grammar: unterminated inline list (no closing bracket) (0.085885ms)
✔ grammar: trailing content after the closing bracket (0.08403ms)
✔ grammar: a two-space block list (0.16186ms)
✔ grammar: a block list with a comment heading it (0.158403ms)
✔ grammar: a comment splitting a block list (0.070414ms)
✔ grammar: a blank line inside a block list (0.033864ms)
✔ grammar: termination at the next key line (0.034546ms)
✔ grammar: termination at the closing fence (0.024086ms)
✔ grammar: a block item that is entirely a comment (0.018997ms)
✔ grammar: a block item `- "#41"` (0.018897ms)
✔ grammar: a bare `-` item (0.018115ms)
✔ grammar: a quoted scalar (0.028665ms)
✔ grammar: an unquoted scalar (0.027512ms)
✔ grammar: a key line whose remainder is entirely a `# ` comment (0.031731ms)
✔ grammar: the #TODO no-space comment form (0.021381ms)
✔ grammar: a whole-file CRLF variant (0.035798ms)
✔ grammar: a leading blank line before the fence (0.017664ms)
✔ grammar: a BOM before the fence (0.079833ms)
✔ grammar: an unterminated fence (0.035087ms)
✔ grammar: a missing key (0.024267ms)
✔ grammar: a file with no frontmatter at all (0.024717ms)
✔ grammar: a prose requirements: line below the closing fence contributes nothing (0.023245ms)
✔ grammar: unterminated quote INLINE (an apostrophe with no closing quote) (0.027853ms)
✔ grammar: unterminated quote as a SCALAR (0.031451ms)
✔ grammar: unterminated quote as a BLOCK ITEM (0.034777ms)
✔ grammar: a stray line BETWEEN two block items - both survive, plus one issue (0.052851ms)
✔ grammar: a stray line between two inline keys - items unaffected, issue still reported (0.044344ms)
✔ grammar: a quoted block item with a trailing annotation (0.028695ms)
✔ grammar: an unquoted block item with a trailing annotation (D-18 symmetry) (0.059584ms)
✔ grammar: a quoted #-shaped block item with stray trailing content (0.021491ms)
✔ grammar: a quoted #-shaped scalar with stray trailing content (0.015941ms)
✔ grammar: an inline list element with stray trailing content dedupes to one issue (0.027383ms)
✔ grammar: an apostrophe inside a double-quoted value is in the grammar - no residual-quote (0.016893ms)
✔ grammar: a one-element backslash escape is detected, not silently fabricated (D-20) (0.028214ms)
✔ grammar: an unquoted value containing either quote character (D-20) (0.022403ms)
✔ grammar: the D-20 two-element escape case reports both codes on the one fabricated fragment (0.020439ms)
✔ grammar: a backtick-WRAPPED value is reported, payload kept byte-exact (UAT-21) (0.016231ms)
✔ grammar: a backtick INSIDE a value is a legal path character - no diagnostic (UAT-21 over-fire guard) (0.016812ms)
✔ grammar: a half-wrapped value (leading backtick only) is reported (UAT-21) (0.03137ms)
✔ grammar: a half-wrapped value (trailing backtick only) is reported (UAT-21) (0.030759ms)
✔ grammar: a backtick wrap followed by punctuation is reported (UAT-21) (0.031039ms)
✔ grammar: a backtick-wrapped id survives the # rule as a lone backtick and is reported, not minted silently (UAT-21) (0.051588ms)
✔ grammar: a backtick-wrapped path containing a space reports both its codes (UAT-21) (0.043603ms)
✔ grammar: a bare `-` with no trailing whitespace is not an item - unknown-line (UAT-12) (0.034416ms)
✔ grammar: a `- ` with a trailing space is an empty item - contributes nothing, no issue (UAT-12) (0.040548ms)
✔ grammar: a `-` followed by a TAB is an empty item too - any whitespace serves (UAT-12) (0.04691ms)
✔ grammar: a dash followed directly by non-whitespace is not an item either - unknown-line (UAT-12) (0.045698ms)
✔ grammar: items under an inline [] key report item-without-key, one per line (0.035328ms)
✔ grammar: a block item with no key at all (0.019006ms)
✔ grammar: a non-empty inline list key followed by a block item still opens no block (0.022793ms)
✔ grammar: a no-space key line is malformed-key-line, not silently parsed or unknown-line (0.017042ms)
✔ grammar: a commented-out key line folds the next key's items into the previous key (D-14 accepted cost), pinned exactly (0.018886ms)
✔ grammar: an ordinary prose comment that happens to be key-shaped reports commented-key-line too, accepted noise (0.018476ms)
✔ grammar: a column-0 bare URL is malformed-key-line, never parsed as key http value //example.com (0.019988ms)
✔ grammar: a comment-only line that is NOT key-shaped does not over-fire commented-key-line (0.017152ms)
✔ grammar: a backtick-wrapped goal: scalar raises nothing on a files: read (0.038404ms)
✔ grammar: the same defect under files: itself still reports, on the same read (0.021782ms)
✔ grammar: a value-level defect owned by requirements: still reaches a files: read (0.027512ms)
✔ grammar: a structural unknown-line inside requirements: still appears on a files: read (0.027633ms)
✔ grammar: an unterminated quote under goal: is scoped away, not reported to a files: read (0.023816ms)
✔ grammar: the two bracket-level codes are not gated: goal: keeps reporting them (0.024086ms)
✔ grammar: an item with no block key open reports item-without-key even when its value-level code is scoped away (0.035879ms)
✔ planning-files: unknown-line issue carries the correct line number and text (0.089011ms)
✔ planning-files: malformed-key-line issue carries the correct line number and text (0.042381ms)
✔ planning-files: unterminated-frontmatter issue carries the opening fence line number (0.032032ms)
✔ planning-files: the shipped templates/PLAN.md frontmatter reads empty and clean (0.161449ms)
✔ planning-files: a path added under the template's bare files: block key is read, not dropped (0.161499ms)
✔ parsePlanFiles: bold reports markdown-decorated-path (0.403232ms)
✔ parsePlanFiles: underscore bold reports markdown-decorated-path (0.089732ms)
✔ parsePlanFiles: asterisk italic reports markdown-decorated-path (0.049114ms)
✔ parsePlanFiles: underscore italic reports markdown-decorated-path (0.039295ms)
✔ parsePlanFiles: autolink reports markdown-decorated-path (0.038725ms)
✔ parsePlanFiles: bare bracket wrap reports markdown-decorated-path (0.04185ms)
✔ parsePlanFiles: link form reports markdown-decorated-path (0.058642ms)
✔ parsePlanFiles: matched interior backtick pair reports markdown-decorated-path (0.05736ms)
✔ parsePlanFiles: plain path does not report markdown-decorated-path (0.03651ms)
✔ parsePlanFiles: one interior backtick does not report markdown-decorated-path (0.035448ms)
✔ parsePlanFiles: leading underscore only does not report markdown-decorated-path (0.033034ms)
✔ parsePlanFiles: trailing underscore only does not report markdown-decorated-path (0.026371ms)
✔ parsePlanFiles: interior underscores does not report markdown-decorated-path (0.029106ms)
✔ parsePlanFiles: unmatched bracket does not report markdown-decorated-path (0.026301ms)
✔ parsePlanFiles: every decorated shape survives in files byte-exact beside its diagnostic (0.146971ms)
✔ parsePlanFiles: a backtick-WRAPPED path reports the boundary code alone, not decoration too (0.107345ms)
✔ parsePlanFiles: the decoration rule does not reach the - **Files:** task arm (D-06) (0.141881ms)
✔ normalize: CRLF to LF (0.070434ms)
✔ normalize: a lone CR to LF (0.02118ms)
✔ normalize: a BOM is stripped (0.02091ms)
✔ normalize: plain LF text is returned unchanged (0.017614ms)
✔ phase-list: a single canonical entry (0.402751ms)
✔ phase-list: several canonical entries mixing checked and unchecked boxes (0.071948ms)
✔ phase-list: a decimal insertion sorts between its neighbours (0.066918ms)
✔ phase-list: a CRLF checkout parses live, not as a near-miss scan (0.044445ms)
✔ phase-list: canonical entries plus their ### Phase N: details report no issues (the checkbox list is the phase set) (0.038324ms)
✔ phase-list: an empty ## Phases section is a closed milestone (0.075204ms)
✔ phase-list: ordinary prose carrying no phase token is still closed (0.027402ms)
✔ phase-list: a stray `- [ ] decide scope` bullet carries no number, so it is not a near miss (0.032753ms)
✔ phase-list: a bolded **Phase word with no number is prose, not a near miss (0.033444ms)
✔ phase-list: a fully pruned template-shaped roadmap - empty ## Phases and a bare ## Phase Details heading - is closed (0.027994ms)
✔ phase-list: a roadmap with no ## Phases heading at all (0.02606ms)
✔ phase-list: phase-bullet: `- Phase 1: Ship auth` (no checkbox, no bold) (0.073321ms)
✔ phase-list: phase-bullet: `- ✓ Phase 1: Auth` (a tick instead of a checkbox) (0.246662ms)
✔ phase-list: phase-bullet: `- [ ] Phase 1: Auth` (checkbox, unbolded) (0.046769ms)
✔ phase-list: phase-bullet: `- [ ] **Phase 1 Auth**` (bolded, no colon) (0.02608ms)
✔ phase-list: phase-heading: a ### Phase 1: detail surviving a wiped checkbox list (0.024087ms)
✔ phase-list: phase-heading: `## Phase 12: Auth` written as a section heading (0.04184ms)
✔ phase-list: phase-ordered-item: `1. Phase 1: Auth` (0.04713ms)
✔ phase-list: phase-ordered-item: `1) Phase 1: Auth` (0.037291ms)
✔ phase-list: phase-table-row: `| Phase 1 | Auth |` (0.041439ms)
✔ phase-list: phase-prose-line: the catch-all, so a shape outside the grammar is never silent (0.033905ms)
✔ phase-list: phase-outside-section: a canonical entry under a LATER ## heading (0.025148ms)
✔ phase-list: phase-outside-section beats phase-bullet: the shape tests cannot tell them apart (0.02649ms)
✔ phase-list: a canonical entry INSIDE ## Phases is live, never phase-outside-section (0.033504ms)
✔ phase-list: one issue per line, in line order, across mixed shapes (0.028435ms)
✔ classifyPhaseList: the surviving-detail issue carries its exact line, code and text (0.066147ms)
✔ classifyPhaseList: the shipped templates/ROADMAP.md is no-section, not two phantom phases (0.118917ms)
✔ classifyPhaseList: a fenced example above a real section reads the REAL phases (0.103247ms)
✔ classifyPhaseList: a fenced phase token inside the section raises no issue (0.052801ms)
✔ cutPhaseDetail: a bare `### Phase N:` heading and its body are cut on a CRLF checkout (0.197729ms)
✔ cutPhaseDetail: a named `### Phase N: Name` heading and its body are cut on a CRLF checkout (0.120661ms)
✔ parseRoadmapPhases: a CRLF checkout parses to real phases (0.093399ms)
✔ parseRoadmapPhases: a lone-CR file stays unparseable, so write paths never see it (0.051578ms)
✔ classifyPhaseList: a lone-CR file is no-section, not live (0.041248ms)
✔ setPhaseBox: a CRLF line is flipped in place with its `\r` intact (0.128867ms)
✔ setPhaseBox: a lone-CR file matches nothing - the parse path must not have let it here (0.055937ms)
✔ phaseCriteria: the template spelling `**Success Criteria:**` is counted (0.286738ms)
✔ phaseCriteria: the bare `Success criteria:` spelling reads the same count (0.098038ms)
✔ phaseCriteria: a block with no criteria heading is not-found, never zero (0.079302ms)
✔ phaseCriteria: a phase's block ends at the next heading, so the next phase's criteria are not its own (0.103558ms)
✔ phaseCriteria: a fenced example inside the block does not inflate the count (0.075644ms)
✔ phaseCriteria: a heading that exists only inside a fence is not-found (0.060807ms)
✔ parseActiveIds: a plain bullet (0.378113ms)
✔ parseActiveIds: a checkbox bullet (0.076567ms)
✔ parseActiveIds: an unbolded bullet is ignored, no fallback guess (0.186777ms)
✔ parseActiveIds: a duplicate id is de-duplicated first-occurrence-wins (0.085103ms)
✔ parseActiveIds: an absent ## Active heading returns null, not [] (0.070615ms)
✔ parseActiveIds: a present-but-empty ## Active heading returns [] (0.08876ms)
✔ parseActiveIds: a ## Active-shaped list under a later heading is not read (0.066798ms)
✔ active-section: a plain bold bullet declares its id (0.08383ms)
✔ active-section: an unchecked `- [ ]` bullet declares its id (0.05228ms)
✔ active-section: a checked `- [x]` bullet declares its id (0.060867ms)
✔ active-section: a duplicate id is de-duplicated first-occurrence-wins (0.044485ms)
✔ active-section: an absent ## Active heading is ids null, NOT [] and NOT an issue (0.03149ms)
✔ active-section: a present-but-empty ## Active heading is [] with no issues (0.034115ms)
✔ active-section: an ## Active-shaped list under a LATER ## heading is not read (0.037541ms)
✔ active-section: a CRLF checkout parses its bold bullet with no issue (0.043694ms)
✔ active-section: an indented continuation line naming another id is not an issue (0.119098ms)
✔ active-section: active-non-id-bullet: a prose bold bullet is STILL an id - the sharp edge, reported (0.085373ms)
✔ active-section: active-non-id-bullet: a prose bold bullet naming NO id token at all still reports (0.054845ms)
✔ active-section: active-non-id-bullet: a colon INSIDE the bold span - the id is not normalized, it is reported (0.044866ms)
✔ active-section: active-multi-id-bullet: a second id-shaped bold span is reported, not dropped silently (0.070695ms)
✔ active-section: active-multi-id-bullet: three ids report ONCE for the line, not once per extra span (0.051939ms)
✔ active-section: active-multi-id-bullet: ordinary emphasis is NOT an extra id - nothing is dropped, nothing reported (0.050286ms)
✔ active-section: active-multi-id-bullet: the issue-form `#41` counts as an extra id too (0.040537ms)
✔ active-section: active-non-id-bullet: a bold span carrying the id plus prose (0.029797ms)
✔ active-section: the `#41` issue spelling IS id-shaped in a bold span - no issue (0.02096ms)
✔ active-section: a digit-leading category with a letter in it IS an id - reports nothing (PRS-02) (0.029797ms)
✔ active-section: a category with NO letter at all is still held out and reported (0.039325ms)
✔ active-section: a digit-leading id UNBOLDED is SILENT - REQ_ID_TOKEN keeps its letter head (0.037011ms)
✔ active-section: a non-id bold bullet BESIDE real ones: the real ids parse, only the phantom reports (0.063422ms)
✔ active-section: active-table-row: the v1.3.1 milestone-ask table parses to NO ids and reports every row (0.064113ms)
✔ active-section: active-table-row: that same table BESIDE a real bullet - the id parses AND both rows still report (0.076907ms)
✔ active-section: active-table-row: the `#41` issue-id spelling is an id token too (0.044736ms)
✔ active-section: active-unbolded-bullet: `- AUD-01: text` declares nothing and says so (0.07338ms)
✔ active-section: an unbolded bullet carrying NO id token is ordinary prose, no issue (0.056077ms)
✔ active-section: active-indented-bullet: a BOLDED sub-bullet is unread for its indent, not its bolding (0.064975ms)
✔ active-section: active-indented-bullet: an unbolded indented bullet reports the indent too (0.065736ms)
✔ active-section: active-nondash-bullet: a column-0 `*` bullet is legal GFM the grammar does not read (0.045618ms)
✔ active-section: active-nondash-bullet: a `+` marker reports the same way (0.038994ms)
✔ active-section: active-ordered-item: `1. AUD-01: text` (0.039847ms)
✔ active-section: active-heading: a `### AUTH-01` sub-heading inside the section (0.03692ms)
✔ active-section: active-prose-line: a section authored entirely as prose is never silent (0.080775ms)
✔ active-section: active-prose-line: a CLOSED milestone naming its shipped ids reports NOTHING (0.051969ms)
✔ active-section: active-prose-line: prose naming ONE id the file records nowhere else still reports (0.05236ms)
✔ active-section: active-prose-line: a bullet declaring NO ADMISSIBLE id does not silence the prose line (0.048513ms)
✔ active-section: the SAME prose line beside real bullets reports NOTHING - the intro-paragraph guard (0.054865ms)
✔ active-section: one issue per line, in line order, across mixed shapes (0.045667ms)
✔ classifyActiveSection: the shipped templates/REQUIREMENTS.md declares nothing (0.134848ms)
✔ classifyActiveSection: a fenced example above a real section reads the REAL ids (0.093098ms)
✔ classifyActiveSection: a fenced `## ` inside the section neither ends it nor declares an id (0.091896ms)
✔ acceptance-criteria: the canonical bullet parses to {id, text} (0.346734ms)
✔ acceptance-criteria: a checked `- [x]` bullet is still a criterion (0.061548ms)
✔ acceptance-criteria: a capital `- [X]` checkbox is still a criterion (0.056528ms)
✔ acceptance-criteria: a two-digit id parses as itself (0.068221ms)
✔ acceptance-criteria: several criteria keep presentation order (0.048193ms)
✔ acceptance-criteria: a wrapped criterion joins its continuation lines with one space (0.114159ms)
✔ acceptance-criteria: a continuation line naming another AC<N> reports NOTHING - the silence the rule buys (0.045728ms)
✔ acceptance-criteria: a trailing (human-verify: ...) suffix stays in the text verbatim (D-11) (0.034226ms)
✔ acceptance-criteria: a CRLF checkout parses exactly as its LF twin (0.039064ms)
✔ acceptance-criteria: a lone-CR file parses too - this is a pure reader, so `normalize` applies (D-03) (0.038694ms)
✔ acceptance-criteria: an absent heading is criteria null, NOT [] and NOT an issue (0.097046ms)
✔ acceptance-criteria: criteria-heading-near-miss: a capital C drops the whole section, so it is reported (0.069212ms)
✔ acceptance-criteria: criteria-heading-near-miss: a trailing colon (0.756898ms)
✔ acceptance-criteria: criteria-heading-near-miss: the wrong heading level (0.055165ms)
✔ acceptance-criteria: criteria-heading-near-miss is reported ONCE - the section is singular (0.03125ms)
✔ acceptance-criteria: the exact heading wins over a near-miss elsewhere in the file (0.051609ms)
✔ acceptance-criteria: a present-but-empty heading is [] with no issues (0.036129ms)
✔ acceptance-criteria: a criterion-shaped bullet under a LATER ## heading is not read (0.04194ms)
✔ acceptance-criteria: a criterion-shaped bullet inside a fence is an EXAMPLE, not a criterion (0.051769ms)
✔ acceptance-criteria: an out-of-grammar shape inside a fence reports nothing either (0.041128ms)
✔ acceptance-criteria: a ## line inside a fence does not bound the section (0.048372ms)
✔ acceptance-criteria: a tilde fence closes only on tildes at least as long (0.030668ms)
✔ acceptance-criteria: a fenced heading is not the section heading (0.029677ms)
✔ acceptance-criteria: ordinary prose naming no AC<N> token is silent (0.028555ms)
✔ acceptance-criteria: criterion-unidded: a bare checkbox bullet - the legacy shape, the central diagnostic (0.159716ms)
✔ acceptance-criteria: criterion-unidded fires on a bullet naming NO id token at all (checked before the token gate) (0.054224ms)
✔ acceptance-criteria: criterion-unidded: a bullet whose PROSE names an id is still unidded, not malformed (0.041399ms)
✔ acceptance-criteria: criterion-malformed-id: a second space after the checkbox (a list re-indent) (0.025149ms)
✔ acceptance-criteria: criterion-malformed-id: emphasis around the id token (0.027783ms)
✔ acceptance-criteria: criterion-malformed-id: a lowercase ac1 - the token is case-sensitive (0.029156ms)
✔ acceptance-criteria: criterion-malformed-id: the colon is missing (0.02612ms)
✔ acceptance-criteria: criterion-duplicate-id: the second bullet reusing an id is reported and NOT pushed (0.036199ms)
✔ acceptance-criteria: criterion-empty-text: reported AND still pushed with an empty text (parse-then-diagnose) (0.034896ms)
✔ acceptance-criteria: criterion-unboxed-bullet: no checkbox, so not a criterion (0.039416ms)
✔ acceptance-criteria: criterion-nondash-bullet: legal GFM, but the grammar reads `-` only (0.027062ms)
✔ acceptance-criteria: criterion-indented-bullet: an indented criterion with nothing open (0.022964ms)
✔ acceptance-criteria: criterion-indented-bullet: the continuation exception - an indented AC bullet UNDER an open criterion (0.025509ms)
✔ acceptance-criteria: criterion-ordered-item: a numbered list item (0.023445ms)
✔ acceptance-criteria: criterion-heading: a criterion written as a heading (0.021501ms)
✔ acceptance-criteria: criterion-prose-line: the catch-all - phase 5s own CONTEXT footer (0.022053ms)
✔ acceptance-criteria: one issue per line, in line order, across mixed shapes beside a real criterion (0.0262ms)
✔ classifyAcceptanceCriteria: an issue carries its exact line, code and truncated text (0.055456ms)
✔ acceptance-criteria declaresIds: a parsed criterion declares its id (0.032913ms)
✔ acceptance-criteria declaresIds: a missing colon is still a declaration (0.027212ms)
✔ acceptance-criteria declaresIds: emphasis around the token is still a declaration (0.020238ms)
✔ acceptance-criteria declaresIds: a backticked token is still a declaration, though its code is unidded (0.022993ms)
✔ acceptance-criteria declaresIds: a lowercase ac1 is still a declaration (0.022252ms)
✔ acceptance-criteria declaresIds: a second space after the checkbox is still a declaration (0.024557ms)
✔ acceptance-criteria declaresIds: an indented criterion bullet is still a declaration (0.025279ms)
✔ acceptance-criteria declaresIds: an unboxed bullet is still a declaration (0.023656ms)
✔ acceptance-criteria declaresIds: a non-dash marker is still a declaration (0.022624ms)
✔ acceptance-criteria declaresIds: a criterion written as a heading is still a declaration (0.027463ms)
✔ acceptance-criteria declaresIds: an ordered list item is still a declaration (0.023776ms)
✔ acceptance-criteria declaresIds: a bare `AC1: text` prose line is still a declaration (0.02623ms)
✔ acceptance-criteria declaresIds: bare checkbox bullets declare nothing - the pre-id shape (0.0263ms)
✔ acceptance-criteria declaresIds: a bullet whose PROSE names an id declares nothing - the head is empty (0.02622ms)
✔ acceptance-criteria declaresIds: a prose line mentioning an id mid-sentence declares nothing (0.023836ms)
✔ acceptance-criteria declaresIds: a criterion inside a fence is an EXAMPLE and declares nothing (0.022593ms)
✔ acceptance-criteria declaresIds: a present-but-empty section declares nothing (0.029416ms)
✔ acceptance-criteria declaresIds: an absent heading declares nothing (0.027563ms)
✔ acceptance-criteria declaresIds: a near-miss heading is unknown, never none - its section is never walked (0.034025ms)
✔ acceptance-criteria declaresIds: a near-miss heading is unknown even when nothing under it names an id (0.031991ms)
✔ classifyAcceptanceCriteria: phases 1-4 of this repo read AC1-AC7 with no issues (0.175386ms)
✔ isRequirementId: the whole string and nothing else, in both shipped spellings (0.077528ms)
✔ classifyActiveSection: the v1.3.1 table issues carry their exact line, code and text (0.108157ms)
✔ insertReqRows: insertion into an empty table lands directly under the separator, prose byte-identical after (0.369887ms)
✔ insertReqRows: insertion after existing rows appends below the last one (0.137033ms)
✔ insertReqRows: a re-insert of the same id reports skipped and returns byte-identical text (0.118176ms)
✔ insertReqRows: a differing phase is reported in mismatched, and the row is still skipped (0.097467ms)
✔ insertReqRows: a CRLF fixture gets a CRLF row (0.115311ms)
✔ insertReqRows: a table with no separator returns no-traceability-table, text unchanged (0.104671ms)
✔ traceability: a fenced-only heading is not the section - no rows are parsed (0.061798ms)
✔ traceability: a fenced-only heading is not written to - setReqStatus returns byte-identical text (0.116243ms)
✔ traceability: a fenced-only heading is no-traceability-table - the table is never fabricated (0.060896ms)
✔ traceability: with a real section below the fence, only the real rows parse (0.05719ms)
✔ traceability: setReqStatus writes the real row and leaves the fenced example alone (0.139728ms)
✔ traceability: insertReqRows lands under the REAL separator, below the real last row (0.098738ms)
✔ traceability: a fenced `## ` inside the section does not end it (0.101825ms)
✔ atomicWrite: a DIRECTORY squatting <file>.tmp does not stop the write (0.327597ms)
✔ atomicWrite: two concurrent writers of one target land one payload whole (80.502288ms)
✔ atomicWrite: a symlink at every candidate temp path is refused, nothing written through it (0.95667ms)
✔ atomicWrite: the audit's <file>.tmp reproduction writes nothing outside the tree (0.192469ms)
✔ capture-tag: (phase N) (0.353446ms)
✔ capture-tag: (phase N) behind an unchecked box (0.085123ms)
✔ capture-tag: (phase N) behind a checked box (0.06306ms)
✔ capture-tag: (phase N.M) (0.055446ms)
✔ capture-tag: (phase N.M) behind an unchecked box (0.031901ms)
✔ capture-tag: (phase N.M) behind a checked box (0.022503ms)
✔ capture-tag: (vX.Y.Z phase N) (0.023736ms)
✔ capture-tag: (vX.Y.Z phase N) behind an unchecked box (0.02101ms)
✔ capture-tag: (vX.Y.Z phase N) behind a checked box (0.022322ms)
✔ capture-tag: (phase N, label) (0.029366ms)
✔ capture-tag: (phase N, label) behind an unchecked box (0.025749ms)
✔ capture-tag: (phase N, label) behind a checked box (0.030418ms)
✔ capture-tag: (vX.Y.Z phase N, label) (0.026601ms)
✔ capture-tag: (vX.Y.Z phase N, label) behind an unchecked box (0.168413ms)
✔ capture-tag: (vX.Y.Z phase N, label) behind a checked box (0.028805ms)
✔ capture-tag: (cadence-wide) is a scope marker, not a tag (0.032412ms)
✔ capture-tag: (tooling) is a scope marker, not a tag (0.022142ms)
✔ capture-tag: (vX.Y.Z close) names a milestone, not a phase (0.021881ms)
✔ capture-tag: (Phase N) capitalized is not the tag (0.021241ms)
✔ capture-tag: (phase) with no number (0.022723ms)
✔ capture-tag: (phase two) with a non-numeric phase (0.020349ms)
✔ capture-tag: a tag-shaped parenthetical that is not at the head (0.02108ms)
✔ capture-tag: an unclosed (phase 2 (0.022162ms)
✔ capture-tag: (phase <400 digits>) is Infinity, not a phase (0.037813ms)
✔ capture-tag: (phase 9007199254740993) reads back as a DIFFERENT number (0.047771ms)
✔ capture-tag: (phase 9007199254740990.1) rounds to a different phase under a magnitude bound (0.027252ms)
✔ capture-tag: (phase 1.10) is phases/1.10, never phases/1.1 (D-07) (0.024006ms)
✔ captureSections: every section is counted, with its walk membership (0.189242ms)
✔ captureSections: a FENCED ## line inside a body does not mint a section (0.059794ms)
✔ captureSections: a CRLF checkout counts exactly as its plain-LF twin (0.058121ms)
✔ archive: a written row round-trips its snippet byte-identically (0.333969ms)
✔ archive: each origin filename keeps its own source (0.098659ms)
✔ archive: a decimal phase number parses to the decimal, never to 21 (0.066127ms)
✔ archive: a snippet carrying a colon, a backtick and a pipe survives whole (0.048793ms)
✔ archive: a non-matching line under a section mints no row (0.045026ms)
✔ archive: a phase number that does not round-trip names no directory (ARG-04) (0.110502ms)
✔ archive: a row above the first heading belongs to no milestone and is skipped (0.049434ms)
✔ archive: a second append under the same label extends the existing section (0.139948ms)
✔ archive: an append into empty text writes a preamble with no column-0 ## heading (0.112886ms)
✔ archive: an empty row set changes nothing; a newline is flattened on write (0.043663ms)
✔ archive: a CRLF residue parses exactly as its plain-LF twin (0.037161ms)
✔ archive: label and origin ride beside source, never recovered by splitting it (0.064263ms)
✔ parseTaskRecordSnippets: the `## What shipped` bullets come back (0.104821ms)
✔ parseTaskRecordSnippets: a `None yet` placeholder is the template's prose, not content (0.03145ms)
✔ parseTaskRecordSnippets: an angle-bracket placeholder is skipped too (0.025669ms)
✔ parseTaskRecordSnippets: an absent section is DATA - [] and never a throw (0.024317ms)
✔ parseTaskRecordSnippets: it stops at the next `## ` heading (0.024768ms)
✔ filed: a row written by the appender reads back through the parser (0.20879ms)
✔ filed: an empty file gets the preamble, which carries no `## ` heading (0.072199ms)
✔ filed: a second row appends and the first is byte-preserved (0.063762ms)
✔ filed: a title carrying a colon, a backtick and a pipe survives whole (0.042752ms)
✔ filed: a newline in any field is flattened on write (0.040688ms)
✔ filed: a row whose fixed fields are out of grammar is REFUSED, not written (0.073541ms)
✔ filed: a line that is not a row is skipped, so a human note mints nothing (0.049504ms)
✔ filed: a row with an empty title is dropped rather than indexed (0.025449ms)
✔ filed: a CRLF checkout indexes as its plain-LF twin (0.034035ms)
✔ filed: the parser is total over junk (0.031139ms)
✔ filed: an unconfirmed row reads back as ONE row, title-only, state readable (0.045878ms)
✔ filed: a confirmed row is byte-identical to what it was before the marker (0.039426ms)
✔ filed: a title that itself begins with the word is not misread as a marker (0.039135ms)
✔ filed: a hand-written unconfirmed row parses on the stated grammar line (0.030758ms)
✔ declined: a row written by the appender reads back through the parser (0.03687ms)
✔ declined: an empty file is created with the DECLINED preamble, not the FILED one (0.022844ms)
✔ declined: a row whose fields break the grammar returns the text unchanged (0.03148ms)
✔ declined: an existing file is byte-preserved and the row lands at the end (0.032853ms)
✔ declined: a line that is not a row is skipped, so a human note mints nothing (0.027142ms)
✔ declined: the parser is total over junk (0.025539ms)
✔ filed: the preamble no longer sends a reader to the forge for a decline (0.021801ms)
✔ planning-files: CURSOR_STATUSES holds exactly its six values (0.066597ms)
✔ lease-check: a clean lease is ok:true (62.026174ms)
✔ lease-check: an undeclared staged path is refused and NAMED (59.657152ms)
✔ lease-check: the plan's OWN report file is the one exemption (113.677581ms)
✔ lease-check: the ROTATED report is exempt too, beside the canonical one (105.567307ms)
✔ lease-check: the widened exemption is still THIS plan's, not the directory's (332.069116ms)
✔ lease-check: a declared directory ends in / and matches by PREFIX (105.666195ms)
✔ lease-check: a two-file clean lease still reports staged: 2, declared: 2 through the shared predicate (55.609208ms)
✔ lease-check: a plan whose files: list is empty is still refused as undeclared-files, exit 1 (57.835718ms)
✔ lease-check: PLAN-<k>.md is selected by --plan (113.641051ms)
✔ lease-check: widening the plan's files: is what clears the fix commit (114.710668ms)
✔ lease-check: a sole declaration of ./a.txt licenses nothing - the spelling reached neither reader (58.130421ms)
✔ lease-check: a missing plan is ok:false, never an empty-lease pass (58.386881ms)
✔ lease-check: an unreadable staged set is ok:false, never a pass (55.591855ms)
✔ lease-check: the no-staged-set detail names the failure without a credential (50.729343ms)
✔ source: planning.mjs's no-staged-set detail goes through redactUrl (1.105425ms)
✔ lease-check: nothing staged is a clean lease, not a refusal (56.987554ms)
✔ lease-check: a plan declaring nothing licenses nothing (62.249802ms)
✔ lease-check: bad flags are refused before any read (165.404462ms)
✔ lease-check: a rename is checked on BOTH sides, so another plan's file is not renamed away (63.560589ms)
✔ lease-check: a declared non-ASCII path is admitted, not refused for its bytes (61.324712ms)
✔ lease-check: a rename between two un-decodable paths is never a clean lease (67.746747ms)
✔ lease-check: a staged path that is not valid UTF-8 is refused BY NAME, never guessed at (64.346392ms)
✔ lease-check: a staged census FILE is refused by a reason of its own, and leaves a record (60.700467ms)
✔ lease-check: an undeclared path holding no count keeps the old reason, and writes nothing (61.426867ms)
✔ lease-check --plan-time: phase 5's own lease names every census its work would move (55.32785ms)
✔ lease-check --plan-time: the answer needs no repository, and spawns no git (54.179523ms)
✔ lease-check --plan-time: the arm reads declared PATHS, never the plan's instructions (115.199752ms)
✔ lease-check --plan-time: a lease declaring the holding files is a PASS, not a silence (53.693614ms)
✔ lease-check --plan-time: a phase with no plan file is still no-plan on this arm (48.330694ms)
✔ lease-check --plan-time and plan-overlap read ONE two-plan fixture the same way (153.348289ms)
✔ lease-check --plan-time: two plans that declare real paths are a PASS on both (99.708748ms)
✔ lease-check --plan-time: no registry entry refuses more than half of this repository's own plans (21.465182ms)
✔ milestone-prune --mode archive: a --label escaping the tree is refused before any mkdir or rename (50.39311ms)
✔ milestone-prune --mode delete: a --label escaping the tree is refused before any mkdir or rename (44.316867ms)
✔ milestone-prune: a --label containing a pipe is refused (46.632085ms)
✔ milestone-prune: a --label containing a newline is refused (46.640621ms)
✔ milestone-prune: a --label containing a carriage return is refused (42.048758ms)
✔ milestone-prune: a spaced milestone-name label still prunes normally (50.582092ms)
✔ phase-done: flips the box and the phase rows; Deferred untouched; --undo reverses (99.973796ms)
✔ phase-done: decimal phase flips its own box and rows only (45.30165ms)
✔ phase-done --reqs: explicit ids override the phase filter (even Deferred) (47.337314ms)
✔ phase-done: valueless --reqs is bad-args, not internal (#45.1) (46.048189ms)
✔ phase-done: --reqs "" refuses instead of flipping the phase (53.262108ms)
✔ phase-done: --reqs "   " refuses instead of flipping the phase (42.851193ms)
✔ phase-done: --reqs "," refuses instead of flipping the phase (43.224337ms)
✔ phase-done: --reqs ",," refuses instead of flipping the phase (47.336282ms)
✔ phase-done: --reqs names exactly the rows it flips; omitting it closes the phase (94.40838ms)
✔ phase-done: unknown phase refuses; nothing written (50.854844ms)
✔ phase-done: a valueless --n refuses; neither doc is written (53.442924ms)
✔ phase-done: a abc --n refuses; neither doc is written (47.957601ms)
✔ phase-done: a empty string --n refuses; neither doc is written (48.423683ms)
✔ phase-done: --n 02 still boxes phase 2 (47.9096ms)
✔ phase-done: an unreadable REQUIREMENTS.md refuses whole; ROADMAP.md is byte-identical (47.646135ms)
✔ phase-done: an ABSENT REQUIREMENTS.md still boxes the phase, ok:true (49.671279ms)
✔ phase-done: a non-regular REQUIREMENTS.md that reads CLEANLY still refuses (51.222758ms)
✔ phase-done: `wrote` names the documents that moved, on both shapes (97.161266ms)
✔ phase-done: a non-empty queue is NAMED at close, and the phase still closes (50.587913ms)
✔ phase-done: a queue holding only the placeholders names nothing (54.472574ms)
✔ phase-done: an absent CAPTURE.md is an EMPTY queue, and closes cleanly (52.975129ms)
✔ phase-done: a queue that cannot be READ closes anyway, reported unread (50.629823ms)
✔ phase-done --undo: reopening a phase makes NO assertion about the queue (93.829623ms)
✔ plan-size: counts the requirements a ROADMAP detail block names, deduped (49.126988ms)
✔ plan-size: a phase over --max-reqs is phase-too-big, naming both numbers (43.204549ms)
✔ plan-size: NO detail block is unmeasured, never zero - it is not compared (48.283735ms)
✔ plan-size: the task ceiling is PER PLAN - 4+4+4 against a ceiling of 4 is within (46.615985ms)
✔ plan-size: ONE plan over the ceiling is flagged, naming the plan file (50.154995ms)
✔ plan-size: an unwritten plan is never over its ceiling (45.551107ms)
✔ plan-size: no ceiling flags nothing but still reports the counts (48.295006ms)
✔ plan-size: a missing --phase is bad-args, never the cursor (87.368032ms)
✔ plan-size: a plan reports the summed on-disk bytes its files: frontmatter declares (51.741039ms)
✔ plan-size: a declared path that is not on disk counts zero bytes and one absent (50.347973ms)
✔ plan-size: a declared DIRECTORY and a path climbing out both land on absent, unread (47.201274ms)
✔ plan-size: a plan over --max-bytes is plan-too-many-bytes, naming the plan and both numbers (46.779607ms)
✔ plan-size: the same plan under a higher --max-bytes yields no byte entry and within: true (47.136941ms)
✔ plan-size: an out-of-grammar files: list is never compared against --max-bytes (49.950053ms)
✔ plan-size: a bare or non-integer --max-bytes is bad-args naming the flag (93.895869ms)
✔ plan-size: a files: list out of grammar reports null bytes, never 0 (53.024003ms)
✔ audit + plan-overlap: a CRLF-checked-out PLAN.md reads identically to its LF twin (206.576213ms)
✔ audit: a BOM + leading blank line PLAN.md reads identically to its plain twin (104.248634ms)
✔ audit + plan-overlap: an unterminated frontmatter fence reports on both envelopes, audit stays ok:true (108.762889ms)
✔ audit: the per-code payload table is falsifiable - each dropping code moves counts.broken, each preserving code does not (755.406572ms)
✔ plan-overlap: a trailing-annotated block item still overlaps, with the diagnostic naming which plan (UAT-9) (52.254481ms)
✔ plan-overlap: a backtick-wrapped path does not silently miss a real collision (UAT-21) (52.427642ms)
✔ plan-overlap: a markdown-decorated path does not silently miss a real collision (FRM-02) (46.61858ms)
✔ plan-overlap: a block item under an inline files: key is diagnosed and dropped on both plans, not overlapped (D-13) (102.351033ms)
✔ plan-overlap: disjoint declared lists come back clean (53.627978ms)
✔ plan-overlap: a shared file is reported with both plan names (56.772062ms)
✔ plan-overlap: a directory lease src/ overlaps the file src/auth.js the other plan declares (59.186942ms)
✔ plan-overlap: a directory lease src/ overlaps the nested directory lease src/auth/ (50.752668ms)
✔ plan-overlap: task **Files:** lines count even when frontmatter omits them (54.845608ms)
✔ plan-overlap: a task **Files:** annotation still normalizes to the bare path - the frontmatter narrowing is scoped to one arm (D-19) (52.984898ms)
✔ plan-overlap: frontmatter-declared paths with parens or a backtick overlap byte-exact, unmangled by add() (acceptance criterion 5) (58.510398ms)
✔ plan-overlap: a frontmatter path with parens overlaps its raw twin declared only on a task line (the cross-arm bridge) (57.57034ms)
✔ plan-overlap: a frontmatter backtick-bearing path overlaps its raw twin declared only on a task line (the cross-arm bridge, other direction) (51.927675ms)
✔ plan-overlap: ./a.txt declared on the frontmatter is refused as redundant-path-segment and reaches neither reader (50.578294ms)
✔ plan-overlap: ./a.txt declared on the task line is refused as redundant-path-segment and reaches neither reader (50.252701ms)
✔ plan-overlap: src//a.txt declared on the frontmatter is refused as redundant-path-segment and reaches neither reader (52.420609ms)
✔ plan-overlap: src//a.txt declared on the task line is refused as redundant-path-segment and reaches neither reader (49.53598ms)
✔ plan-overlap: the same refused spelling twice in one files: list reports two issues on their OWN lines (52.879476ms)
✔ plan-overlap: a plan with no declared files is flagged undeclared (52.176421ms)
✔ plan-overlap: single plan and missing phase degrade predictably (152.830739ms)
✔ fold fixture: every corpus document comes back under the source its row states (292.733257ms)
✔ fold fixture: every committed query returns its named hits in the top 5 (813.487521ms)
✔ fold rules: step 1a, and `es` is NOT a rule of its own (0.440262ms)
✔ fold rules: step 1b strips ed and ing only over a stem with a vowel (0.173282ms)
✔ fold rules: the eed guard turns on the measure of the stem before it (0.121933ms)
✔ fold rules: each of the three cleanup branches after a strip (0.129588ms)
✔ fold rules: a base form is a fixed point, and a short token is untouched (0.08923ms)
✔ fold at the seam: each inflected group returns one and the same document set (921.967646ms)
✔ fold ordering: a word whose fold is a stopword is still in the index (0.330783ms)
✔ fold ordering: `noted` reaches `note`, not the stopword `not` (0.192238ms)
✔ fold ordering: a document of raw stopwords alone still contributes nothing (0.117786ms)
✔ fold ordering: at the seam, `notes` and `being` both still return results (115.884491ms)
✔ recall: a matching SUMMARY deviation ranks first, with source and phase (48.473909ms)
✔ recall: empty and absent corpus both return ok:true with no results (96.465836ms)
✔ recall: two runs on the same corpus are byte-identical (92.161812ms)
✔ recall: durable decisions resurface; phase-local ## Decisions do not (94.504404ms)
✔ recall: legacy CONTEXT.md with only ## Decisions (no durable heading) still resurfaces (49.502106ms)
✔ recall: a present-but-empty ## Durable decisions does NOT fall back to ## Decisions (51.132695ms)
✔ recall: two runs over a corpus with ## Durable decisions are byte-identical (106.194335ms)
✔ recall: bare words after the query are joined, not truncated (#47.2) (96.760809ms)
✔ recall: a completed capture keeps its phase and gains a closed marker (#47.1) (55.106987ms)
✔ capture -> recall: a bullet written through the seam comes back, with its phase (AC1) (111.638089ms)
✔ capture -> recall: a seed and a note come back too, unphased (150.030582ms)
✔ capture -> recall: a bullet under ## Archive is NOT returned (the falsifier) (159.619546ms)
✔ recall: memory.backend none reports off with empty results, exit 0 (50.950496ms)
✔ recall: an archived row comes back with its milestone label and its origin (51.174425ms)
✔ recall: a tree with no ARCHIVE.md answers byte-identically to one that never had it (162.14657ms)
✔ recall: two runs over a corpus holding live AND archived rows are byte-identical (105.110191ms)
✔ recall: memory.backend none reads no ARCHIVE.md either (53.312855ms)
✔ recall: a task record comes back, sourced by slug and with NO phase field (55.5109ms)
✔ recall: a tree with no tasks/ answers byte-identically to one with an empty tasks/ (180.184796ms)
✔ recall: two runs over a corpus holding a task record are byte-identical (111.81113ms)
✔ recall: a RECORD.md symlinked OUT of the planning root is never indexed (51.80431ms)
✔ task-record -> recall: a record written by the seam is found by what it says (133.457959ms)
✔ recall: a filed issue comes back by its title, sourced FILED.md (50.027511ms)
✔ recall: a tree with no FILED.md answers byte-identically to one that never had it (162.611538ms)
✔ recall: a note in FILED.md that is not a row mints no corpus entry (50.453545ms)
✔ recall: two runs over a corpus holding a filed row are byte-identical (110.659637ms)
✔ recall: a zero-padded phase directory is not corpus, and 1.10 still is (54.574479ms)
✔ renumber insert --dry-run: full op plan, nothing touched (53.316472ms)
✔ renumber insert: shifts dirs, tokens, traceability, and cursor (101.65913ms)
✔ renumber remove: cuts line + detail, orphans reqs, shifts down, reports prose refs (110.861644ms)
✔ renumber insert at total+1 appends: nothing shifts, only the slot opens (104.167729ms)
✔ renumber insert: an existing phase CONTEXT keeps its AC ids byte-identical (D-02) (59.27993ms)
✔ renumber remove: the shift DOWN leaves an existing phase CONTEXT byte-identical too (58.862722ms)
✔ renumber insert: integer dirs shift even when a decimal phase is highest (#36) (58.951883ms)
✔ renumber remove: dirs shift DOWN low-to-high (collision-safe order) (110.470195ms)
✔ renumber remove of the LAST phase cuts the final detail section cleanly (55.4477ms)
✔ renumber remove: a detail heading as the last line (no trailing newline) still cuts (55.225193ms)
✔ renumber remove: a name-less `### Phase N:` detail heading still cuts (#48.2) (54.148804ms)
✔ renumber: prose phase refs are reported, never rewritten; key absent when none (113.911298ms)
✔ renumber: out-of-range and unknown phase refuse (111.790039ms)
✔ renumber: refuses a colliding destination before any write (#49.2) (99.187291ms)
✔ renumber: a dangling symlink at the destination still collides (#49.2) (50.791873ms)
✔ renumber remove: a dangling symlink at phases/<at> collides instead of dying mid-apply (#49.2) (51.628283ms)
✔ renumber remove: uncommitted work in phases/<at> is refused before any write (192.238404ms)
✔ PHS-01: an unreadable git state refuses the remove, a non-repo still removes (191.622977ms)
✔ renumber remove: a partial apply reports which ops completed (#49.2) (66.401083ms)
✔ renumber remove: a failure before ANY step says so, rather than claiming a half-renumbered tree (54.560002ms)
✔ PHS-01: a repository rooted INSIDE phases/<at> is not deleted out from under itself (58.566465ms)
✔ PHS-01: a GIT_DIR-selected repository counts as present when its state cannot be read (66.331719ms)
✔ source: the nested-repository probe reads the filesystem, not entry names (0.213358ms)
✔ source: the renumber rm fallback's recursive delete is gated by the .git probe (0.149446ms)
✔ renumber: decimal phase tokens are never shifted, and are reported (55.138929ms)
✔ AC1: every plan reporting PLAN COMPLETE is a replay, and nothing is dispatched (56.709593ms)
✔ AC1: a multi-plan phase is a replay only when EVERY plan reports complete (48.717504ms)
✔ AC2: no reports directory at all is not a replay (49.349003ms)
✔ AC2: PLAN PARTIAL is a continuation, not a replay (49.451589ms)
✔ AC2: PLAN CHECKPOINT is a continuation, not a replay (55.201889ms)
✔ AC2: the status word is the FIRST LINE ONLY - a quoted one in the body cannot fire it (51.783811ms)
✔ AC2: the first line must match EXACTLY - a suffixed status is not complete (53.115779ms)
✔ AC3: plan 1 complete and plan 2 unreported dispatches ONLY plan 2 (52.70335ms)
✔ AC3: a partially reported phase skips only the plans that finished (52.058005ms)
✔ AC4: --rerun clears the replay and widens the dispatch set to every plan (53.066294ms)
✔ a bare PLAN.md is keyed k=1 and PLAN-<k>.md by its own number (53.873608ms)
✔ a rotated sibling plan-<k>.<n>.md never decides the answer (52.94894ms)
✔ a phase with no plan files is not a replay - that is the unplanned state (50.084459ms)
✔ a missing phase directory refuses by name and exits non-zero (61.600038ms)
✔ no --phase refuses by name rather than guessing a phase (54.522729ms)
✔ risk-carry: the risk_surface artifacts arrive and every other record stays put (52.000145ms)
✔ risk-carry: a COPY - the originals are still where they were (53.670319ms)
✔ risk-carry: EVERY round arrives, not the highest one alone (51.352375ms)
✔ risk-carry: a re-run finishes the job instead of refusing it (105.015781ms)
✔ risk-carry: a DIFFERING destination file refuses, and copies nothing (49.791549ms)
✔ risk-carry: a symlink squatting the destination is refused, never followed (50.261709ms)
✔ risk-carry: a symlink squatting the PARENT is refused too (49.411553ms)
✔ risk-carry: a symlink at a carried NAME is refused, never read as already carried (53.766563ms)
✔ risk-carry: a mistyped phase spelling refuses before anything is copied (49.31068ms)
✔ risk-carry: a phase with no risk_surface fire is an answer, not a refusal (50.741356ms)
✔ risk-carry: a symlinked source artifact is refused, and its target never lands (49.338493ms)
✔ risk-carry: a symlinked phases/<N> is refused before it is listed (52.488498ms)
✔ risk-carry: a symlinked phases/ is refused too (55.091798ms)
✔ risk-carry + milestone-prune --mode delete: the same verdict, off the carried records (204.463139ms)
✔ seed-reqs: a declared id with an ## Active bullet is seeded at Pending; a second run reports it skipped, file byte-identical (108.753421ms)
✔ seed-reqs: an id with no ## Active bullet is reported under orphan_ids, no row written, and audit still lists it under orphans.plan_ids (106.192452ms)
✔ seed-reqs: a missing ## Active heading returns no_active_section: true (50.762888ms)
✔ seed-reqs: --phase absent/non-numeric/negative all return bad-args, nothing written (150.617074ms)
✔ seed-reqs: a --phase spelling that cannot round-trip is refused before any read (D-07) (308.949597ms)
✔ seed-reqs: a malformed requirements: line surfaces frontmatter_issues (53.226019ms)
✔ seed-reqs: absent REQUIREMENTS.md / absent phase dir / no conforming plan file degrade with named reasons (154.96949ms)
✔ seed-reqs: a seeded row survives renumber insert, reading Phase 2 (120.789535ms)
✔ status: missing .planning degrades with a recovery hint (52.070038ms)
✔ status: missing ROADMAP.md is no-roadmap (49.745841ms)
✔ status: a ## Phases section holding no phase token is a closed milestone, not a parse failure (53.748779ms)
✔ status: a non-canonical phase-shaped line is unparseable-roadmap with a per-line diagnostic (53.961015ms)
✔ status: a wiped checkbox list whose ### Phase N: details survive is NOT a closed milestone (54.232735ms)
✔ status: no ## Phases section at all is still unparseable-roadmap (53.287326ms)
✔ status: an interrupted close reports the closed state AND a phase-dir drift entry (54.175084ms)
✔ status: a tagged close that never ran cursor set reports cursor drift on the stale total, while still agreeing (56.264733ms)
✔ status: a finished close (cursor of 0) reports no drift at all (49.041794ms)
✔ status: closed milestone, cursor "phase complete" agrees=true (55.998502ms)
✔ status: closed milestone, cursor "ready to plan" agrees=true (59.287003ms)
✔ status: closed milestone, cursor "paused" agrees=true (53.527827ms)
✔ status: closed milestone, cursor "planned" agrees=false (54.331644ms)
✔ status: closed milestone, cursor "executed" agrees=false (58.635798ms)
✔ status: closed milestone, cursor "context gathered" agrees=false (51.337357ms)
✔ status: derives unplanned/planned/executed/complete from artifacts (57.730386ms)
✔ status: SUMMARY without UAT is executed, not complete (63.92183ms)
✔ status: all complete -> current null; multi-plan files listed (50.765001ms)
✔ status: skipped without a reason blocks completeness (52.975439ms)
✔ status: roadmap-box drift both directions (51.807695ms)
✔ status: req-status drift; Deferred and unmapped rows exempt (53.398018ms)
✔ status: cursor agreement and disagreement (103.91245ms)
✔ status: decimal insertion phases sort and derive like integers (53.967448ms)
✔ status: paused cursor always agrees (legal at any point) (57.73794ms)
✔ status: named and zero-padded phase dirs are reported, grouped by prefix (52.398656ms)
✔ status: a tree of legal phase dirs reports no drift at all (59.417733ms)
✔ status: a stray FILE under phases/ is not a phase directory and is not reported (56.614631ms)
✔ status: 08 beside a legal 8 names the phase it collides with (52.720151ms)
✔ status: a zero-padded fraction is reported and 1.10 is not (56.030012ms)
✔ status: 08 beside 8 survives the close as ONE phase-dir entry, on the legal name (63.340788ms)
✔ status: a legal sub-phase directory still survives the close (64.229158ms)
✔ status: two legal sub-phases that parse to one number are reported (64.333587ms)
✔ status: distinct sub-phase numbers report no collision (56.994759ms)
✔ status: an unexecuted gap plan beside a SUMMARY is executed AND outstanding (55.092018ms)
✔ status: every plan reporting complete lists the phase nowhere, and the key is still there (50.369324ms)
✔ status: the outstanding plan list IS replay-check's dispatch_set, from one definition (109.326847ms)
✔ status: a planned phase that has run nothing is outstanding in full (57.742739ms)
✔ status: an unplanned phase has no plans and so takes no entry (57.408981ms)
✔ task-record: writes the record, with the range's own commits and files (84.626577ms)
✔ task-record: a second identical run leaves the file byte-identical (141.531764ms)
✔ task-record: no planning root means nothing is created and written:false says why (70.635463ms)
✔ treeless run: every seam /cad-task calls answers written:false, and nothing is created (409.001893ms)
✔ task-record: a slug that is not one path segment is refused, nothing written (276.372098ms)
✔ task-record: a tasks/<slug> that is a symlink OUT is refused, nothing written (73.384812ms)
✔ task-record: a --base that does not resolve is ok:false with nothing written (70.043129ms)
✔ task-record: --text and --text-file together are refused, and neither is guessed (126.897348ms)
✔ trace ignore: a fresh repo with no .gitignore gets the line written (79.498547ms)
✔ trace ignore: a re-run adds no second line and touches no byte (151.320449ms)
✔ trace ignore: a brownfield .gitignore keeps every line it had (88.326134ms)
✔ trace ignore: a project ignoring .planning/ wholesale is already correct (168.78607ms)
✔ trace ignore: a non-git root falls back to the literal scan and still writes (138.000198ms)
✔ trace ignore: a tracked run record is REPORTED, never quietly ignored (81.527318ms)
✔ trace ignore: a TRACKED record whose line is present reports ignored and writes nothing (228.857504ms)
✔ trace ignore: a .git/info/exclude match does NOT satisfy the line (145.266007ms)
✔ trace ignore: a project covered for the record alone is REPORTED, then upgraded (243.902725ms)
✔ trace ignore: the sibling rule names the file the writer actually creates (96.973656ms)
✔ trace ignore: a project covered for the trace AND the live reads line gains only the rest (249.262838ms)
✔ trace ignore: the reads rules name the files the writer actually produces (87.026718ms)
✔ trace ignore: git itself answers for the reads record and its sibling, from the repo's own .gitignore (82.581294ms)
✔ trace ignore: THIS repository already covers the reads sibling (D-11) (5.690947ms)
✔ trace ignore: a --root present with nothing usable is refused, never the cwd (178.26913ms)
✔ uat init: writes all-pending checklist and returns the first item (109.282512ms)
✔ uat init: refuses a malformed payload, writes nothing (162.268062ms)
✔ uat record: unknown item and bad result refuse without writing (166.803608ms)
✔ uat record: a valueless --item refuses; UAT.md is byte-unchanged (108.315353ms)
✔ uat record: a abc --item refuses; UAT.md is byte-unchanged (107.701779ms)
✔ uat record: a empty string --item refuses; UAT.md is byte-unchanged (103.58353ms)
✔ uat record: a clean integer naming no item still answers unknown-item (100.865531ms)
✔ uat record: a normal --item still records, with counts and first_pass (99.189555ms)
✔ uat record: --fields-file writes the SAME UAT.md the five inline flags write (220.458938ms)
✔ uat record: a --fields-file value no shell could expand lands verbatim (107.958279ms)
✔ uat record: every --fields-file refusal is bad-args, UAT.md byte-unchanged (539.913379ms)
✔ uat merge: matches by k, and a verifier pass never rewrites first_pass (214.578818ms)
✔ uat record: sets status, first_pass once, returns next pending (zero re-reads) (209.694415ms)
✔ uat record: fixed failure resets to pending, first_pass survives (147.361505ms)
✔ uat record: verifier source cannot overwrite a recorded result (144.910997ms)
✔ uat record --source model: stores the provenance and it survives a later record (133.754645ms)
✔ uat record: an out-of-enum --source is refused with the file byte-unchanged (82.916765ms)
✔ uat record --source user: writes no source line - user stays implicit (83.074386ms)
✔ uat merge: a human_checks why_human is carried onto the appended item and survives (123.820111ms)
✔ uat refresh: appends only new names, never touches recorded results (134.030253ms)
✔ uat merge: fills pending only, appends unmatched gaps and human checks (131.099426ms)
✔ uat: a criterion written by init is byte-present after a refresh AND after a record (131.557452ms)
✔ uat init: writes fields_version unconditionally, and it survives refresh and record (120.898782ms)
✔ uat init: a payload with no criterion and no origin still gets the marker (41.16669ms)
✔ uat: an origin written by init survives refresh and record the same way (120.300509ms)
✔ uat refresh: carries source, criterion and origin onto an appended item, in lockstep with init (85.902837ms)
✔ uat record --origin: sets provenance after the fact on an existing item (82.873823ms)
✔ uat record: an out-of-enum --origin is refused with the file byte-unchanged (79.919131ms)
✔ uat record --criterion: restores a dropped link in the registered field position (76.308654ms)
✔ uat record: an out-of-shape --criterion is refused by name, file byte-unchanged (147.125493ms)
✔ uat init: an out-of-shape criterion or origin is bad-payload, nothing written (73.816717ms)
✔ uat merge: both append paths write origin verifier - the item-level provenance source cannot carry (72.641008ms)
✔ uat merge: a MATCHED pending item gets source verifier and no origin - it was not verifier-added (73.690185ms)
✔ uat merge: an entry with no usable name is rejected, never written (#46.2) (74.675951ms)
✔ uat merge: an untrimmed name fills the pending item, never appends a duplicate (74.852668ms)
✔ uat merge: a finding conflicting with a recorded result is skipped and counted (#46.3) (109.702224ms)
✔ uat merge: FINDINGS.json holds the five counters plus every discarded entry (111.934654ms)
✔ uat merge: a human_check matching an existing item is recorded while its counter stays deferred (71.217956ms)
✔ uat merge: a clean payload still writes FINDINGS.json, both arrays empty (72.730438ms)
✔ uat merge: a later uat record leaves FINDINGS.json byte-identical (109.5069ms)
✔ uat merge: a second merge replaces the file with the second merge envelope (111.13238ms)
✔ uat merge: a newline in verifier text cannot inject a status line (#35) (117.247778ms)
✔ uat merge: a --payload path that does not exist is no-payload (73.915496ms)
✔ uat merge: an empty --payload file is no-payload (73.803632ms)
✔ uat merge: a whitespace-only --payload file is no-payload (72.977642ms)
✔ uat merge: a --payload file holding null is bad-payload, not silence (73.613438ms)
✔ uat merge: a --payload file holding a bare string is bad-payload (69.904684ms)
✔ uat merge: a --payload file holding {} is bad-payload, not an all-zero success (76.546529ms)
✔ uat merge: a --payload file holding a JSON array is bad-payload (74.376177ms)
✔ uat merge: gaps present but not an array is bad-payload (74.448786ms)
✔ uat merge: passes present but not an array is bad-payload (75.96712ms)
✔ uat merge: human_checks present but not an array is bad-payload (74.40394ms)
✔ uat merge: an omitted list is not a malformed one (72.304774ms)
✔ uat merge: --payload with no path refuses, never a read of fd 1 (77.277687ms)
✔ uat merge: --payload <file> and stdin merge identically (156.279733ms)
✔ uat merge: a payload carrying ONLY passes merges (76.264068ms)
✔ uat merge: a payload carrying ONLY gaps merges (74.427795ms)
✔ uat merge: a payload carrying ONLY human_checks merges (76.435937ms)
✔ uat init: a literal null on stdin is bad-payload, not silence (38.7624ms)
✔ uat refresh: a literal null on stdin is bad-payload, not silence (73.372537ms)
✔ uat: a hand-added ### section mints no item and survives rewrites (#46.1) (157.286709ms)
✔ uat: a `## ` inside a fenced block does not truncate a preserved section (117.216638ms)
✔ uat status: complete only when every item passes or is skipped-with-reason (184.86232ms)
✔ uat: missing checklist degrades to no-uat (36.532865ms)
✔ renumber remove: a CRLF roadmap renumbers correctly and stays CRLF (59.242679ms)
✔ renumber remove: a lone-CR roadmap is refused, not silently corrupted (54.863631ms)
✔ status: a lone-CR roadmap refuses rather than reporting a closed milestone (55.304575ms)
✔ renumber: refuses to operate ON a decimal phase (105.397661ms)
✔ renumber: the decimal refusal names decimals, not a missing flag (107.891061ms)
✔ renumber remove: a valueless --n refuses; roadmap and dirs untouched (50.455369ms)
✔ renumber remove: a non-numeric --n refuses the same way (50.115569ms)
✔ renumber insert: a valueless --at refuses; roadmap and dirs untouched (53.471478ms)
✔ renumber insert: a non-numeric --at refuses the same way (51.74228ms)
✔ renumber: a decimal cursor is warned about, never shifted (#37) (338.700809ms)
✔ phase-done: a decimal phase flips its own line, dot not a wildcard (55.207749ms)
✔ status: --dir with nothing after it is bad-args naming the flag, and stderr stays empty (50.365046ms)
✔ status: an empty --dir "" is bad-args naming the flag, and stderr stays empty (55.104583ms)
✔ status: a whitespace-only --dir is bad-args naming the flag, and stderr stays empty (52.608277ms)
✔ status: a flag-shaped --dir value is bad-args naming the flag, and stderr stays empty (54.014658ms)
✔ status: a genuinely ABSENT --dir still defaults to ./.planning (57.111231ms)
✔ lease-check: --phase 1.10 leases against phases/1.10 when no phases/1.1 exists (67.002162ms)
✔ lease-check: --phase 1.10 refuses when phases/1.1 is also on the tree (115.646136ms)
✔ lease-check: --phase 08 names phases/08 when no phases/8 exists (63.15916ms)
✔ lease-check: --phase 08 beside a legal phases/8 is refused, naming both (56.357659ms)
✔ plan-overlap: --phase 08 reports no-phase-dir naming phases/08 when no phases/8 exists (50.084219ms)
✔ plan-overlap: --phase 08 beside a legal phases/8 is refused, naming both (102.691644ms)
✔ plan-overlap: --phase 1.10 intersects phases/1.10's plans when no phases/1.1 exists (51.568939ms)
✔ plan-overlap: --phase 1.10 is refused once phases/1.1 is on the tree too (48.273154ms)
✔ uat: --phase 1.10 reads phases/1.10/UAT.md when no phase 1.1 directory exists (98.955006ms)
✔ uat: --phase 1.10 is refused on a tree holding phase 1.1, leaving its checklist alone (102.022684ms)
✔ uat: a malformed --phase is refused in the shared wording, before any read (147.876431ms)
✔ seed-reqs: --phase 08 is refused outright, never answering about phases/8 (96.482716ms)
✔ cad-plan-checker-contract states one dimension count in all three places (1.377996ms)
✔ phase_diff: the schema purpose names the gate a no-gate resolve really answers (37.5124ms)
✔ risk_surface row: its shape (c) clause names no producer, and task.md still holds its rails (1.033937ms)
✔ risk-surface categories: the schema enum, the detector and the detection list are one list (0.466883ms)
✔ plan authority: Action never invents, Verify decides, in all five documents (0.548359ms)
✔ risk_surface fires on a completed range, and both fire sites carry the transient-file rails (0.322658ms)
✔ every deferred-read row states its consult-site count at each anchor (5.381384ms)
✔ the lockfile lease: both contracts name the same lockfiles and the reason lease-check emits (0.349238ms)
✔ the analyzer spend gate precedes the resolve, and four surfaces state two questions (0.613644ms)
✔ the reviewer brief carries the same bar the reviewer contract states (0.359147ms)
✔ the reviewer brief costs under 1% of the default review.max_prompt_tokens (2.207583ms)
✔ the turn bound: every rung file and the spawn-agent seam name one maxTurns value (0.592063ms)
✔ WIR-01: the recovery arm names its producers in both documents, and the default reviewer names its bound (0.683127ms)
✔ #195: execute.md locates unconditionally and refuses an already-executed phase (0.290566ms)
✔ EXP-03: execute.md asks the replay seam and obeys its answer (0.285967ms)
✔ EXP-03: only the plans without a completed report reach a dispatch (0.522379ms)
✔ README's "Today it is N skills and M agent roles across K rung files" matches the tree (0.656135ms)
✔ PROJECT.md's `### Active` declares its milestone as the section's first version token (0.646667ms)
✔ the executor dispatch hands over the resolve's answered surfaces, and the contract says what to do with them (0.324531ms)
✔ both fire sites invoke the risk-check seam rather than reading a prose list (0.099901ms)
✔ cad-land step 3: the auto_close branch takes its value from `config.mjs get` (0.270758ms)
✔ cad-land 3(b): the GitLab arm consults the authorization seam BEFORE it creates (0.2299ms)
✔ cad-land step 3: the deferred queue refuses ahead of BOTH publish arms (0.211014ms)
✔ LND-02: milestone.md carries the rulings BEFORE the prune, and stops on ok:false (0.294293ms)
✔ LND-02: cad-land 3(b) unions the RULINGS from both roots, not the review findings (0.444299ms)
✔ progress.md: the deferred count is read off the envelope at both its sites (0.581282ms)
✔ progress.md: an executed phase with outstanding dispatches routes to /cad-execute (0.254707ms)
✔ execute.md state: a deferring run points the cursor at its queue and commits it (0.684729ms)
✔ ENFORCEMENT, execute.md: the plan is not reported done while risk-check status refuses (0.247844ms)
✔ ENFORCEMENT, task.md: the completion rule decides `written: false`, in ONE place (0.389856ms)
✔ RSK-11, task.md: the surfaces-unanswered refusal is answered in the run, not stopped at (0.132253ms)
✔ ENFORCEMENT, execute.md: the blocking FAIL arm dispatches a continuation cad-executor (0.262693ms)
✔ ENFORCEMENT, execute.md: the guardrail still forbids a coordinator Edit/Write outside .planning/ (0.161128ms)
✔ PAR-01: the parallel path REACHES execute.md's risk sequence instead of copying it (0.102977ms)
✔ ENFORCEMENT, execute-parallel.md: a plan is not reported done while risk-check status refuses (0.036871ms)
✔ PAR-01: both parallel risk-check calls name that plan's OWN merge range (0.278082ms)
✔ GAT-04: every fenced outcome receipt names its trigger, plan and both range ends (0.265878ms)
✔ RSK-07: all four surfaces state the SEVERITY-GATED meaning of `survived` (1.263056ms)
✔ MSR-01: the spawn seam's close-half rule states the turn count, its omission and its own counter (0.242033ms)
✔ MSR-02: report.md names every excluded source the seam exports, where it prints the spend figure (0.141581ms)
✔ TRN-02: the bulk-output rule is stated once, and every converted site performs it (5.509349ms)
✔ PLN-01: the max_plan_tasks decision reads the same off the schema and the catalog (0.590991ms)
✔ SGT-01: the suggest seam's unset-layer defaults are config.schema.json's own (0.398603ms)
✔ REL-01: git.create_tag is read at one prose site, and its purpose names that site (0.970997ms)
✔ AC6: report.md renders its Gates line from the record, states the unrecorded arm, and leaves Refuted on SUMMARY (0.314411ms)
✔ IVW-01: the prose and scanTree state one `recommended`, and only the reason moves (2.162847ms)
✔ IVW-01: both risk-surface interview sites carry the ask-user rules, and the builder holds the cap (0.860255ms)
✔ triage-gate.md: the corr-keyed re-arm read-back survives the deferred arm beside it (0.171859ms)
✔ triage-gate.md: the re-arm read-back, RUN, answers per PLAN and not per corr alone (254.874234ms)
✔ RDX-01: report.md prints the in-dispatch figure with its coverage, its exclusion and the null rule (0.305484ms)
✔ TRC-10: suggest.md's scope step names what shortens the reads record (0.182559ms)
✔ RDX-01: suggest.md qualifies its no-tweak line to CONFIG KEYS and states the info exception (0.179313ms)
✔ every decideManifestBump verdict code is named in BOTH documents (D-07) (0.703836ms)
✔ every frontmatter grammar code has a row in plan-frontmatter.md (D-12) (0.729416ms)
✔ setup: a declined provider question stops both entry points before any write (0.180816ms)
✔ setup: the none-of-these check FAILS when the arm is deleted (0.281599ms)
✔ setup: the create confirmation is put BEFORE the create runs (0.15197ms)
✔ setup: the confirmation-order check FAILS when the create is moved above it (0.151359ms)
✔ EXP-05: the executor verifies a task with the run that task names (0.248435ms)
✔ EXP-05: the targeted-run check FAILS when the sentence is deleted (0.155357ms)
✔ EXP-05: the full suite has one site, after the last task and before the digest (0.717343ms)
✔ EXP-05: the suite-site check FAILS when the site is deleted (0.13556ms)
✔ EXP-05: the executor and the verifier state one rule in one vocabulary (0.285256ms)
✔ PHS-02 (1): the too-big arm names /cad-phase add before the commands that need a phase (0.105852ms)
✔ PHS-02 (2): the arm resolves the phase number rather than printing a placeholder (53.877395ms)
✔ PHS-02 (3): the first stop carries the task's own description, and /cad-phase advertises it (0.318098ms)
✔ PHS-02 (4): no /cad-task surface sends phase-sized work to /cad-context first (0.111013ms)
✔ PHS-02 (5): the /cad-context off-roadmap stop names the command that creates the phase (0.070986ms)
✔ PHS-03: task.md classifies before it guards, with one guard step (0.139356ms)
✔ PHS-03: the phase-sized arm names both doors where there is no planning tree (1.76138ms)
✔ TRC-13: report.md prints ran beside rung, off the bracket row, and names the disagreement (0.236693ms)
✔ RSK-10: every risk-check run invocation names --base and exactly one scope end (2.713341ms)
✔ RSK-10: a plan that landed no commits records the skip rather than a clean check (0.260879ms)
✔ an array passes through unchanged (0.892898ms)
✔ an EMPTY array still means nothing is protected (D-09) (0.51795ms)
✔ a lone string names the branch the user means to protect (#38) (0.120501ms)
✔ a string that names no branch falls to the default (GRD-01, D-02) (0.113047ms)
✔ an array whose entries all name no branch falls to the default (GRD-01, D-01) (0.114869ms)
✔ an array keeps the entries that DO name a branch (GRD-01, D-01) (0.097176ms)
✔ a surviving entry is kept as the user spelled it, never rewritten (0.085053ms)
✔ no returned list ever carries an empty or whitespace-only entry (AC1) (0.183ms)
✔ every other shape falls back to the default list (0.125941ms)
✔ a missing git block is the default, never a throw (0.147342ms)
✔ publish: byte-exact argv with the branch only inside the one refspec token (1.287052ms)
✔ publish: a valid non-origin remote that IS configured publishes to it (0.147192ms)
✔ refuse: auto_close off wins even when everything else is valid (0.113086ms)
✔ refuse: auto_close undefined -> auto-close-off (only literal true publishes) (0.074162ms)
✔ detail: off everywhere and requested-globally are DIFFERENT sentences (0.14118ms)
✔ detail: the requested-globally sentence says a user-global setting cannot authorize here (0.10481ms)
✔ detail: the off-everywhere sentence still names where the opt-in belongs (0.079342ms)
✔ detail: an authorized call publishes and carries no detail at all (0.13065ms)
✔ detail: gate 1 is the ONLY refusal that carries one (0.158063ms)
✔ detail total: a bare call and non-boolean inputs coerce rather than throw (0.15154ms)
✔ refuse: no branch / detached HEAD -> no-branch (0.090643ms)
✔ refuse: a leading-dash branch -rf -> bad-branch (never read as an option) (0.468997ms)
✔ refuse: a colon/metachar branch -> bad-branch (never a src:dst refspec) (0.064503ms)
✔ refuse: a protected branch -> protected-branch (0.039726ms)
✔ refuse: a path/URL remote -> bad-remote (0.045717ms)
✔ refuse: a dash-prefixed remote never reaches the argv (bad-remote), even if configured (0.059163ms)
✔ refuse: a remote not in configuredRemotes -> remote-not-configured (0.042792ms)
✔ refuse: gate order - bad-remote is reached before remote-not-configured (0.030668ms)
✔ total: non-array protectedBranches/configuredRemotes coerce, never throw (0.03654ms)
✔ total: non-string currentBranch/remote refuse rather than throw (0.035548ms)
✔ total: a bare call with no args refuses (auto-close-off), no throw (0.039817ms)
✔ reap: byte-exact argv with the branch behind a -- end-of-options marker (0.263725ms)
✔ reap: an absent branch is a SKIP, not a failure (idempotent close) (0.066337ms)
✔ reap: an UNKNOWN exists (undefined) still reaps - only false skips (0.035308ms)
✔ refuse: no branch at all -> no-branch (0.156339ms)
✔ refuse: an unsafe branch name -> bad-branch, and the argv stays empty (0.081786ms)
✔ refuse: a protected branch is never reaped (0.039896ms)
✔ refuse: the checked-out branch -> current-branch, a name for what git errors on (0.032913ms)
✔ reap gate order: bad-branch beats protected, protected beats current, current beats absent (0.044255ms)
✔ reap total: a bare call and non-array protectedBranches never throw (0.047591ms)
✔ reap authorizes nothing: no auto_close input exists to pass it (0.035047ms)
✔ torn gate: no torn layer is no refusal, whatever else is on warnings[] (0.070004ms)
✔ torn gate: a torn layer refuses, with the merge's own wording (0.076737ms)
✔ torn gate: TOTAL - a missing or non-array input is no refusal, never a throw (0.048834ms)
✔ a tool outside the recorded set is not a read (1.134209ms)
✔ every recorded tool produces a record (0.267682ms)
✔ Read carries its path and window (0.09429ms)
✔ a main-thread call bills the coordinator; a subagent call bills its type (0.094772ms)
✔ an agent_id with no agent_type is still not the coordinator (0.071567ms)
✔ Bash records the program and NEVER the command line (0.218618ms)
✔ an inline env assignment is stripped, so an inline secret is never the token (0.128726ms)
✔ excerpt_read is billed like Read, with its path as the target (0.085784ms)
✔ excerpt_search records its SCOPE and never its pattern (0.100282ms)
✔ a failed call records is_error and the first line of its cause (0.542348ms)
✔ a successful call records is_error false and no cause (0.132543ms)
✔ a response that says nothing about failure records no is_error at all (0.070686ms)
✔ a cause line masks a credential VALUE and keeps its name (0.075865ms)
✔ an error line is capped rather than storing a payload (0.063782ms)
✔ Grep records its SCOPE and never its pattern (0.079702ms)
✔ tool_response sizes the record when present, and is absent otherwise (0.069783ms)
✔ an unserializable response leaves bytes absent rather than throwing (5.996781ms)
✔ the first write creates the file and round-trips (0.429161ms)
✔ appends accumulate rather than replacing (0.247112ms)
✔ a symlinked reads file is refused, appending nothing (0.153043ms)
✔ a record at the bound ROTATES and the append lands, rather than reporting a cap (8.105155ms)
✔ the marker SEALS the generation it carried away, in bytes (6.164242ms)
✔ the SECOND rotation evicts the generation the first one left (9.250225ms)
✔ a record that only reached the generation SURVIVES the second rotation (AC1) (7.864053ms)
✔ a rescue that cannot READ states the bytes it did not carry, rather than nothing (2.474093ms)
✔ a generation whose marker carries NO seal states an UNKNOWN shortfall, not silence (2.183116ms)
✔ a leftover sibling beside a record UNDER the bound is left exactly where it is (0.248616ms)
✔ writers racing at the bound leave ONE generation, no claim and no record lost (63.848238ms)
✔ an ABANDONED claim is reclaimed rather than disabling rotation forever (5.631593ms)
✔ a LIVE claim is left standing, at the cost of one deferred rotation (286.15905ms)
✔ a claim carrying NO sidecar at all reads as live, the same way (283.772193ms)
✔ an eviction that cannot CONFIRM its claim puts the generation back (AC3) (8.396832ms)
✔ a COMPLETED rotation leaves its sidecar behind, inert, and does not rotate again (10.103808ms)
✔ a single record that reaches the bound by itself is refused, never rotated (12.872495ms)
✔ a record with no room BESIDE the marker is refused, not rotated for (AC2) (20.93093ms)
✔ a record that DOES fit beside the marker rotates under the bound (AC2) (13.50776ms)
✔ a bad record is refused by reason, never thrown (0.152662ms)
✔ an unwritable root returns a reason rather than throwing (0.116222ms)
✔ redundancy is calls-over-distinct, the figure the ledger asks for (0.183441ms)
✔ an untargeted call counts as a call but cannot count as a repeat (0.058272ms)
✔ no targets at all yields no redundancy rather than infinity (0.064814ms)
✔ coordinator and worker reading are split apart (0.107206ms)
✔ a partial byte capture never reads as a total (0.086525ms)
✔ junk records are skipped rather than throwing (0.04717ms)
✔ a command that opens with cd bills the program that did the work (0.188019ms)
✔ a pipeline bills its first real stage, and secrets stay stripped per segment (0.072949ms)
✔ a heredoc body cannot reach the record (0.057199ms)
✔ anything that is not a bare program name is refused, not recorded (0.042962ms)
✔ ordinary commands still bill correctly after hardening (0.039686ms)
✔ a Bash command yields the in-repo files it names, relative to the root (0.265437ms)
✔ a secret in the command line is not a file, so it cannot be recorded (0.223999ms)
✔ a path outside the project is refused however real it is (0.198159ms)
✔ a directory is not a read, and a nonexistent path is not a file (0.127945ms)
✔ quoted, expanded or globbed tokens are content and never candidates (0.117535ms)
✔ a heredoc body cannot contribute a path, matching programOf (0.464068ms)
✔ relative tokens resolve against the calls own cwd, not just the root (0.327296ms)
✔ the per-call file cap bounds a sweep (0.239438ms)
✔ with no opts the record is byte-identical to what it was before files existed (0.082818ms)
✔ recordFromHook carries the files through when the caller supplies a root (0.162872ms)
✔ a Bash call naming no in-repo file carries no files field at all (0.101845ms)
✔ file redundancy is path-touches over distinct files, apart from target redundancy (0.074041ms)
✔ a corpus recorded before files existed yields no file measurement rather than zero (0.034176ms)
✔ join: a rung-suffixed agent normalizes to its role and joins its bracket (0.311556ms)
✔ join: the same record outside every bracket of its role is unjoined (0.095783ms)
✔ join: a record inside two overlapping same-role brackets is AMBIGUOUS, joined to neither (0.088449ms)
✔ join: the host agent types are a stated FLOOR, never a failed join (0.118426ms)
✔ the role mapping is EXPORTED, so the stop hook reads it rather than copying it (0.079773ms)
✔ the rung mapping answers off the TABLE, never off a filename suffix (0.108267ms)
✔ the rung mapping and RUNG_FILES cannot drift apart (0.191336ms)
✔ join: a record with no agent field names the field absent rather than defaulting (0.103998ms)
✔ join: a coordinator read is its own bucket, never an unjoined worker read (0.058152ms)
✔ join: an unreadable timestamp on either side is refused, never widened (0.084862ms)
✔ join: no bracket rows at all is every subagent read unjoined, never an error (0.051349ms)
✔ seam: `reads --join` reports four figures the fixtures fix exactly (53.312935ms)
✔ seam: `reads` WITHOUT the flag returns the envelope it always returned (116.560765ms)
✔ seam: an empty record still says `no reads recorded yet` under the flag (55.660426ms)
✔ in-dispatch: distinct is summed PER BRACKET, so the ratio is in-dispatch and not corpus-wide (0.49131ms)
✔ in-dispatch: a role whose joined reads carry no `files` reports a NULL ratio, never 0 (0.15638ms)
✔ in-dispatch: a coordinator read carrying files is EXCLUDED and counted, never attributed (0.10453ms)
✔ in-dispatch: a read joined to no bracket contributes to nothing at all (0.074924ms)
✔ seam: `reads --join` carries the per-role in-dispatch rows the fixtures fix exactly (64.532868ms)
✔ seam: the join fixtures carry no `files`, so the new key holds NO measurement, never a zero (58.821102ms)
✔ seam: `reads` WITHOUT the flag still carries no in-dispatch key at all (112.265028ms)
✔ seam: two rotations later, `reads` still reports the cut and bills no marker (AC4) (75.504486ms)
✔ the marker carrying the new field is still filtered out of both folds (0.247063ms)
✔ every committed refusal token is still produced by the live tree (80.664969ms)
✔ the census is ONE-DIRECTIONAL: a token the list does not carry passes (46.428856ms)
✔ the list is sorted, distinct and non-empty, so a paste-back is visible (0.217947ms)
✔ the method reads LITERALS only: no sentinel and no expression is on the list (0.33475ms)
✔ the derivation reaches the whole bin tree, so no arm above is vacuous (43.20028ms)
✔ redactUrl: the git:// form, which git does NOT anonymize (0.846659ms)
✔ redactUrl: the path/scp-shaped form, the second one measured to leak (0.168011ms)
✔ redactUrl: an https:// form carrying userinfo, which git anonymizes itself (0.14113ms)
✔ redactUrl: a password-less userinfo is the whole credential and still goes (0.156148ms)
✔ redactUrl: a message with no URL in it comes back byte-identical (0.090714ms)
✔ redactUrl: an email address is an address, not a credential (0.072739ms)
✔ redactUrl: the credential on the second line of a multi-line message (0.065856ms)
✔ redactUrl: a non-string input is coerced, not passed through (0.062489ms)
✔ redactUrl: a userinfo span the window cut before its `@` still goes (0.13103ms)
✔ redactUrl: a port is not userinfo, at end-of-input as much as mid-body (0.373845ms)
✔ redactUrl: the end-of-input rules stay inside redactUrl's own half (0.071757ms)
✔ redactCredentials: an authorization echo loses the scheme word too (1.821304ms)
✔ redactCredentials: a credential-shaped query parameter, name and value (0.103498ms)
✔ redactCredentials: the JSON pair spelling, and the bare form-body one (0.101525ms)
✔ redactCredentials: a bare credential WORD is not a credential shape (0.106674ms)
✔ redactCredentials: total - a non-string input is coerced, nothing throws (0.086555ms)
✔ redactCredentials and redactUrl each keep their own coverage (0.058742ms)
✔ redactCredentials: a QUOTED value goes whole, spaces and all (0.118136ms)
✔ redactCredentials: camelCase names are credential names too (0.091255ms)
✔ redactCredentials: a quoted value cut before its closing quote still goes (0.089461ms)
✔ REDACTION_MARK is the string both redactors actually write (0.056669ms)
✔ cost: a whole ARTIFACT is linear, not quadratic (#167) (78.577104ms)
✔ the start lookbehinds remove attempts, never matches (0.628933ms)
✔ the scheme pin writes back the prefix it absorbed (0.109259ms)
✔ the register pins its row count and its router count (0.744234ms)
✔ the register is frozen, rows and all (0.149737ms)
✔ every row states a router, a branch and a cold path, all root-relative POSIX (0.37595ms)
✔ a cold file the tree does not have is reported against the COLD path (1.011114ms)
✔ a missing cold file is reported ONCE, not also as an unread branch (0.225121ms)
✔ a router carrying no plugin-root path for its cold file is an unread branch (0.316626ms)
✔ a bare `references/<file>` citation is NOT a Read (0.223187ms)
✔ a plugin-root path inside a FENCE is not a Read (0.228887ms)
✔ an unreadable ROUTER reports one unread branch per row, and never throws (0.338718ms)
✔ a references path the router names that no row declares is an unregistered branch (0.292499ms)
✔ an unregistered branch named twice is reported once (0.944677ms)
✔ a router naming ITSELF is not an unregistered branch (0.178722ms)
✔ a path inside a FENCED block is an argument, not a branch (0.13608ms)
✔ an INDENTED fence still hides its contents (0.132033ms)
✔ a path AFTER a fence closes is prose again (0.123706ms)
✔ a path outside cadence-core/references is not a branch (0.119067ms)
✔ arm 3 reads the ROUTER a row names, never every router at once (0.23021ms)
✔ a root with no cadence-core/references contributes nothing (0.07851ms)
✔ a clean fixture reports nothing (0.106975ms)
✔ a two-argument fail() is reported and a three-argument one is not (1.920544ms)
✔ an emit({ok:false, reason}) object literal is reported and a hinted one is not (0.551024ms)
✔ the conditional-spread hint spelling counts as hinted (0.362353ms)
✔ an emit({ok:true, ...}) is never reported (0.218739ms)
✔ a `usage` and an `internal` refusal are not reported (0.301247ms)
✔ a file the register excludes by name contributes nothing, hintless refusal and all (0.788748ms)
✔ every register row carries a one-line reason (0.179133ms)
✔ AC6: a substitute register excluding one more token shrinks the set by exactly that token's sites (0.375117ms)
✔ AC6: a substitute register excluding one more FILE drops that file alone (0.277622ms)
✔ D-08: a refusal inside a // comment or a /** */ block is not reported (0.346282ms)
✔ D-08: the reported line is the line in the ORIGINAL source, not the stripped one (0.189412ms)
✔ a reason that is an EXPRESSION is reported, with the expression named in the detail (0.246041ms)
✔ a site emitting ok:false with NO reason key is reported and its detail says so (0.223197ms)
✔ a call written inside a string or a regex character class is not a call (0.316715ms)
✔ a `function fail(...)` DECLARATION is a signature, not a site - its BODY still is (0.248986ms)
✔ a method call reached through a dot is somebody else's emit (0.180184ms)
✔ a *.test.mjs under the fixture bin is not walked - a test may write any shape (0.155788ms)
✔ a lib/ child IS walked (0.147081ms)
✔ a non-.mjs file under bin is off the walk (0.116763ms)
✔ an ABSENT cadence-core/bin reports nothing rather than throwing (0.102657ms)
✔ an UNREADABLE cadence-core/bin reports nothing rather than throwing (0.116934ms)
✔ refusalSites is the census refusalHintIssues is built on: hinted sites are counted, not filed (0.264336ms)
✔ every issue carries the uniform {kind, file, detail} shape and the one code (0.284554ms)
✔ bump: rewrites only version, preserves every other field, scaffolds changelog (33.094107ms)
✔ bump: a second run is a noop, plugin.json and CHANGELOG byte-identical (no double-bump) (60.183708ms)
✔ bump: no plugin.json -> skip, nothing written (27.954836ms)
✔ bump: no --version refuses even while PROJECT.md ### Active names one - the prose arm is gone (31.369007ms)
✔ bump: a present-but-unparseable plugin.json refuses, never reads as "not a plugin project" (31.627192ms)
✔ bump: a success envelope carries a machine reason code plus the human detail (31.238498ms)
✔ bump: --version IS the shipping number, and a leading v is stripped (33.44079ms)
✔ bump: a target BELOW the manifest version refuses, exit 1, nothing written (34.540534ms)
✔ bump: an unparseable --version refuses, exit 1, nothing written (33.165885ms)
✔ bump: an unparseable version IN THE MANIFEST refuses, exit 1, nothing written (35.629187ms)
✔ bump: a SIBLING that would downgrade is recorded as a refusal, not silently written (D-08) (29.38421ms)
✔ bump: an UNPARSEABLE sibling refuses the whole run, nothing written (D-07) (27.270938ms)
✔ bump: a present-but-UNREADABLE CHANGELOG refuses, nothing written (D-09) (32.434315ms)
✔ bump: a NON-REGULAR CHANGELOG that reads CLEANLY still refuses, nothing written (31.879604ms)
✔ bump: one run puts the staged Unreleased body INSIDE the dated section (34.394435ms)
✔ bump: a second identical run leaves plugin.json and CHANGELOG byte-identical (65.73596ms)
✔ bump: a third run after new content is staged promotes that too (63.986072ms)
✔ bump: an empty Unreleased body reports section_empty so the close authors the notes (35.488938ms)
✔ bump: a version-less PRIMARY manifest refuses, exit 1, nothing written (phase 1 D-01) (32.090567ms)
✔ bump: THIS repo's own manifest pair still bumps, marketplace.json recorded as skip (D-02) (36.386966ms)
✔ bump: changelog.state tells the three states apart by VALUE, not by key presence (D-10) (92.854346ms)
✔ bump: --version v refuses by NAMING the raw argument, not as no-target-version (D-06) (62.49462ms)
✔ bump: the three neighbouring --version spellings keep their own refusals (90.278699ms)
✔ unknown subcommand: usage, ok false (29.144913ms)
✔ bump: an EMPTY --dir refuses by name, exit 1, writes nothing (29.563313ms)
✔ bump: a VALUELESS --dir refuses by name, exit 1, writes nothing (29.553415ms)
✔ bump: --date refuses not a date at all, writing nothing (30.216993ms)
✔ bump: --date refuses not a date at all on a NON-plugin project too (28.528163ms)
✔ bump: --date refuses a well-shaped value outside the month and day ranges, writing nothing (25.175479ms)
✔ bump: --date refuses a well-shaped value outside the month and day ranges on a NON-plugin project too (28.182522ms)
✔ bump: --date refuses unpadded month and day, writing nothing (30.544129ms)
✔ bump: --date refuses unpadded month and day on a NON-plugin project too (29.776692ms)
✔ bump: --date refuses EMPTY - refuses rather than falling through to today (D-05), writing nothing (23.761214ms)
✔ bump: --date refuses EMPTY - refuses rather than falling through to today (D-05) on a NON-plugin project too (31.247966ms)
✔ bump: --date refuses a newline that forged a second release section, writing nothing (29.124363ms)
✔ bump: --date refuses a newline that forged a second release section on a NON-plugin project too (27.653169ms)
✔ bump: a trailing valueless --date refuses, writing nothing (28.199454ms)
✔ bump: an ABSENT --date still dates today (31.835249ms)
✔ bump: a well-formed --date still writes its dated heading (31.371122ms)
✔ bump: an ABSENT --date still dates today - only a PRESENT one is validated (27.762438ms)
✔ normalize: strips a single leading v from the explicit version (0.880975ms)
✔ normalize: null when no explicit version is given (never invent one) (0.103889ms)
✔ compare §11: 1.0.0-alpha < 1.0.0-alpha.1 (a longer identifier list wins a tie) (0.382302ms)
✔ compare §11: 1.0.0-alpha.1 < 1.0.0-alpha.beta (numeric ranks below alphanumeric) (0.110271ms)
✔ compare §11: 1.0.0-alpha.beta < 1.0.0-beta (ASCII order, left to right) (0.085103ms)
✔ compare §11: 1.0.0-beta < 1.0.0-beta.2 (0.447536ms)
✔ compare §11: 1.0.0-beta.2 < 1.0.0-beta.11 (numeric identifiers compare numerically, not as text) (0.085674ms)
✔ compare §11: 1.0.0-beta.11 < 1.0.0-rc.1 (0.056939ms)
✔ compare §11: 1.0.0-rc.1 < 1.0.0 (a prerelease sorts below its own release) (0.072679ms)
✔ compare: the numeric triple dominates - 2.0.0 > 1.9.9 (0.118667ms)
✔ compare: build metadata is ignored entirely - 1.0.0+a, 1.0.0+b and 1.0.0 are all equal (0.100502ms)
✔ compare: an out-of-grammar version is null, never a guessed order (0.060336ms)
✔ compare: a leading v is out of grammar here (normalizeTargetVersion strips it upstream) (0.034737ms)
✔ compare: majors above Number.MAX_SAFE_INTEGER still order correctly (0.035739ms)
✔ bump: current differs from target -> bump with from/to (0.097928ms)
✔ bump: current equals target -> noop (idempotency, no double-bump) (0.038083ms)
✔ bump: no version field on the manifest -> skip (D-03 sibling guard) (0.035659ms)
✔ bump: no target version -> refuse, never write a null (0.09927ms)
✔ bump: every verdict carries a machine code from the closed set (0.043293ms)
✔ bump: a target BELOW the manifest version refuses downgrade (never any-difference) (0.040869ms)
✔ bump: 1.1.0-rc.2 -> 1.1.0 is still an upgrade (a release outranks its prerelease) (0.033614ms)
✔ bump: 1.1.0 -> 1.1.0-rc.2 refuses downgrade (going back to a prerelease) (0.033775ms)
✔ bump: an unparseable TARGET refuses by name, naming the side and the value (0.037111ms)
✔ bump: an unparseable MANIFEST version refuses by name, naming the side and the value (0.04195ms)
✔ bump: the TARGET is checked before the manifest - one bad number refuses every manifest alike (0.030799ms)
✔ bump: a build-metadata-only difference is not an upgrade (0.034085ms)
✔ changelog: inserts heading + link reference above the [1.0.0] entry, unaltered (0.511679ms)
✔ changelog: idempotent - a second call for the same version is a no-op (0.112546ms)
✔ changelog: total on empty/missing input, no throw (0.086966ms)
✔ changelog: a released entry lands BELOW a leading [Unreleased] section, not above it (0.087567ms)
✔ changelog: Unreleased-only file (no released heading) appends the release after it (0.112976ms)
✔ changelog: empty url omits the link reference line entirely (no malformed [ver]: ) (0.117545ms)
✔ changelog: a `## ` line inside a fenced block is not a heading - the fence stays contiguous (D-09) (0.101595ms)
✔ promote: staged content ends up INSIDE the dated section, not stranded above it (0.405605ms)
✔ promote: [Unreleased] survives as an empty stub with nothing stranded under it (0.196957ms)
✔ promote: a second call is a no-op and byte-identical (idempotent on an empty body) (0.120971ms)
✔ promote: a re-run that staged NEW content promotes that too (not first-run-only) (0.127935ms)
✔ promote: no [Unreleased] section -> no-op, nothing invented (0.082197ms)
✔ promote: no dated heading for the target -> no-op, content stays staged (0.064563ms)
✔ promote: trailing link references stay put when [Unreleased] is the last section (0.571283ms)
✔ promote: a reference definition INSIDE the body travels with the content that cites it (0.135238ms)
✔ promote: sectionEmpty is false once content landed, true when the section stays bare (0.113066ms)
✔ changelog+promote: scaffolding then promoting puts the dated heading above the fence-open line, all five body lines between it and [1.0.0] (D-09) (0.117985ms)
✔ promote: a body of only ###/#### subheadings reports sectionEmpty:true (D-03) (0.080013ms)
✔ promote: a prose-only body with no bullets reports sectionEmpty:false (D-03) (0.070845ms)
✔ promote: a last-section body ending in a bare-key ref promotes BOTH the bullet and the definition (D-05) (0.155467ms)
✔ promote: a file-final ref naming an EXISTING heading stays in the trailing block, outside the promoted body (D-05) (0.104109ms)
✔ promote: total on junk input - a non-string text and a falsy version never throw (0.049074ms)
✔ an explicit repo-layer true is the one shape that authorizes (0.571824ms)
✔ an explicit repo-layer false does not authorize (0.190724ms)
✔ a repo config that never mentions the key does not authorize (0.155628ms)
✔ an absent .planning/config.json does not authorize (0.136712ms)
✔ truncated JSON does not authorize - the read fails CLOSED (0.116082ms)
✔ a user-global true cannot speak for a repository that stayed silent (0.1257ms)
✔ fixture state 1 - no report present: nothing to rotate (1.581646ms)
✔ fixture state 2 - one report present: rotates to the first free suffix (0.46004ms)
✔ fixture state 3 - several already rotated: takes the lowest free suffix (0.467674ms)
✔ the rotate-twice round trip leaves three readable reports, the earliest byte-identical (0.393533ms)
✔ a base report stored in another case is FOUND, not read as absent (0.148554ms)
✔ unreadable inputs throw rather than answering "nothing to rotate" (0.489657ms)
✔ AC6: both names rotation produces are matched by /cad-report's own glob (2.749811ms)
✔ isReportName: this plan's canonical report and its rotated siblings (0.141391ms)
✔ isReportName: the anchors are load-bearing - plan-11 is not plan 1 rotated (1.013268ms)
✔ isReportName: byte-exact on case, unlike the rename scan above it (0.183872ms)
✔ isReportName: a malformed plan number throws rather than answering (0.157622ms)
✔ isReportName: every name rotation PRODUCES is one it recognises (0.141761ms)
✔ requireInt: accepts a clean integer string (0.994763ms)
✔ requireInt: accepts a signed integer with surrounding whitespace (0.138104ms)
✔ requireInt: rejects non-numeric, empty, whitespace-only, and non-integer strings (0.107255ms)
✔ requireInt: rejects a boolean true (valueless flag) and undefined (0.081206ms)
✔ requirePhaseArg: a sub-phase keeps the caller's own spelling (0.188521ms)
✔ requirePhaseArg: a zero-padded phase addresses phases/08, not phases/8 (0.085103ms)
✔ requirePhaseArg: the raw spelling is trimmed (0.066517ms)
✔ requirePhaseArg: refuses everything the cursor shape refuses (0.107466ms)
✔ requireInt: refuses a value past the safe-integer range (0.102856ms)
✔ requireCursorNumber: refuses a value past the safe-integer range in both forms (0.249587ms)
✔ requirePhaseArg: refuses a value past the safe-integer range (0.095994ms)
✔ requirePhaseArg: the spellings the range guard must NOT touch still read (0.082308ms)
✔ lib/retired-keys.mjs is byte-identical - the eight risk.override.* keys stay retired (1.471425ms)
✔ model.profile points at the roles block, not at a key the write face refuses (0.150177ms)
✔ stakes reads as a v3.7.12 retirement naming the roles block and the interview (0.07847ms)
✔ model.auto.escalate_on_failure names the promoted key (0.092267ms)
✔ model.auto.ceiling reads as a removal, naming no replacement key (0.072248ms)
✔ model.auto.max_escalations reads as a removal, naming no replacement key (0.080724ms)
✔ a live key is not retired: granularity and workflow.research both return null (0.087478ms)
✔ a non-string key never throws and is not retired (0.096685ms)
✔ RETIRED_KEYS is frozen, so a caller cannot edit the shared map (0.075124ms)
✔ review.triggers.pre_ship.gate reads as a removal naming the milestone (0.153113ms)
✔ review.triggers.pre_ship.tier and .effort each name v3.2.0 too (0.126141ms)
✔ a config that set the pre-ship gate gets a v3.2.0 warning, not unrecognized-key (0.209832ms)
✔ a config still holding model.profile warns exactly once, naming the roles block (0.101404ms)
✔ a config still carrying stakes warns on the read face with the same pointer (0.10486ms)
✔ the presence of the key is the fault, whatever value it holds (0.119709ms)
✔ two retired auto keys yield two warnings, one each (0.084281ms)
✔ a live config warns about nothing (0.421116ms)
✔ a scalar at an intermediate segment yields no match and no throw (0.073711ms)
✔ an array at an intermediate segment yields no match and no throw (0.059614ms)
✔ a null or non-object config yields an empty list (0.071667ms)
✔ every Object.prototype member reads as not-retired, never as a v2.0.0 removal (0.09451ms)
✔ the guard costs the vocabulary nothing: a real retirement still reports since, replacement and detail (0.085273ms)
✔ parseEnvFile: comments, quotes, export prefix, blank lines (1.290298ms)
✔ resolveTimeoutMs: a usable configured value wins (0.136622ms)
✔ resolveTimeoutMs: anything unusable falls back to the default, never throws (0.102326ms)
✔ resolveTimeoutMs: an oversized value is clamped, never left to overflow (0.140508ms)
✔ resolveTimeoutMs: the default fits between a real review and the host ceiling (0.09454ms)
✔ resolveMaxPromptTokens: a usable configured value wins (0.079562ms)
✔ resolveMaxPromptTokens: anything unusable falls back to the default, never throws (0.145879ms)
✔ resolveMaxPromptTokens: a huge value is NOT clamped (0.075665ms)
✔ estimatePromptTokens: ceil of chars/4 over the string parts only (0.147261ms)
✔ estimatePromptTokens: the cap boundary - at the cap is not over it (0.405766ms)
✔ parseEnvFile quirks: = in values, asymmetric quotes, inline comments kept (0.110893ms)
✔ stripAdditionalProperties: removes the key at every depth, nothing else (0.693938ms)
✔ FINDING_SCHEMA: the bounds are stated on the wire, in every dialect (RVP-02) (0.454149ms)
✔ validateFindings: accepts the exact shape, names the first defect (0.24073ms)
✔ validateFindings: every schema bound refuses by its own name (RVP-02) (0.507821ms)
✔ validateConsult: angles need all three string fields (0.145609ms)
✔ schema-eval: every implemented keyword, both directions (RVP-02) (0.791775ms)
✔ agreement: the schema and validateFindings give the same verdict, every fixture (RVP-02) (1.794322ms)
✔ classify: tier hints applied, non-text modalities excluded, unknowns kept (0.3401ms)
✔ classify: shipped rule ordering - specific families beat generic substrings (0.177699ms)
✔ classify: injected hints prove first-match-wins mechanics (0.1568ms)
✔ broken or missing hints: classify STILL degrades to all-unknown (fail-safe), but the envelope now distinguishes them via warnings[] (#43) (1.660887ms)
✔ adapters: extractText handles both OpenAI response shapes and Gemini parts (0.142292ms)
✔ adapters: extractModels strips the Gemini models/ prefix and filters methods (0.111403ms)
✔ classify: deepseek families map to tiers, non-thinking gets no high_effort (0.116022ms)
✔ adapters: deepseek extractText reads choices[].message.content, extractModels reads data[].id (0.081185ms)
✔ adapters: deepseek structuredRequest is chat/completions json_object with the bare schema in-prompt (0.181948ms)
✔ parseArgs: subcommand plus --flag value pairs (0.27196ms)
✔ ARG-06: a flag-shaped value is bad-args by NAME, never a domain refusal (214.157925ms)
✔ cli: unknown command degrades to bad-command (37.719185ms)
✔ cli: unknown provider degrades to bad-provider (41.138926ms)
✔ cli: invoked through a symlink still runs (argv[1] vs import.meta.url divergence) (38.843045ms)
✔ cli: missing key degrades to no-key naming where to set it (36.311953ms)
✔ cli: deepseek missing key names DEEPSEEK_API_KEY (37.139175ms)
✔ cli: malformed payload degrades to bad-payload before any network call (79.812908ms)
✔ cli: key file is actually parsed (env absent, file supplies the key, flow reaches payload) (38.47464ms)
✔ cli: an over-cap review payload is refused before any request (42.802289ms)
✔ cli: an over-cap consult payload is refused the same way (47.299982ms)
✔ cli: a non-string payload field is refused, so the cap cannot be walked past (114.633319ms)
✔ cli: review and consult without --model degrade to bad-args before key lookup (70.219918ms)
✔ cli: consult payload must carry {situation} (35.031113ms)
✔ cli: an env-set key wins - flow proceeds even when the key file is absent (32.947737ms)
✔ cli: key-file paths expand ~ and default to XDG_CONFIG_HOME (72.439884ms)
✔ provider trace: a command that issues no request is STILL recorded, naming its reason (33.927481ms)
✔ provider trace: --trigger rides the event, joining the call to its fire (36.126338ms)
✔ provider trace: a call without --trigger writes an event with no trigger key (34.153343ms)
✔ provider trace: an over-cap refusal records itself, from its own process (37.171317ms)
✔ provider trace: an unwritable trace changes the envelope by not one byte (75.836191ms)
✔ harness: a body split across chunks reaches the seam as the same body (3.752368ms)
✔ harness: a destroyed response stops the emit loop mid-list (11.829048ms)
✔ fault: the destination is the adapter base, and no environment variable moves it (1.72023ms)
✔ fence: a credential in the artifact does not reach the wire (#167) (0.681383ms)
✔ fence: a clean artifact crosses byte-identical and adds no field (#167) (0.440172ms)
✔ fence: consult fences its situation too (#167) (0.443949ms)
✔ fence: an artifact that already holds the mark still reports a redaction (#167) (0.386118ms)
✔ fence: the cap measures the FENCED text, not the raw payload (#167) (0.372032ms)
✔ fault mode 1/6 - request timeout: the caller sees transport, and the trace names it (0.507521ms)
✔ fault mode 2/6 - HTTP 4xx: the caller sees http with the status, and the trace names it (0.420034ms)
✔ fault mode 3/6 - HTTP 5xx: the caller sees http with the status, not a retry (0.300545ms)
✔ fault mode 4/6 - a dead or unknown model id: the provider 404 reaches the caller intact (0.332336ms)
✔ fault mode 5/6 - a malformed or truncated body: bad-json, and no text at all: no-output (0.485088ms)
✔ fault mode 6/6 - an EMPTY findings set is ok:true and is NOT a drop-out (D-22) (0.261029ms)
✔ fault: consult and detect-models degrade through the same six-mode mapping (0.422919ms)
✔ bound: a response past the ceiling is over-response, and the stream is CUT (1.729158ms)
✔ bound: one read path, so consult and detect-models are bounded by the same change (1.940793ms)
✔ bound: a body one byte under the ceiling still resolves exactly as before (6.13219ms)
✔ bound: an ordinary socket error is still transport, not over-response (0.343417ms)
✔ bound: the http envelope carries a capped, sanitized excerpt - one shape always (0.45478ms)
✔ bound: a body over the excerpt cap is cut, and says so (2.787062ms)
✔ bound: a body near the RESPONSE ceiling is excerpted in bounded time (0.591311ms)
✔ drop-out: every refusal before the wire writes ONE provider event naming its reason (2.24229ms)
✔ drop-out: `bad-command` records nothing - no command ever began (0.215763ms)
✔ fault: a 200 the schema does not match is bad-shape, distinct from bad-json (0.291939ms)
✔ CST-04: every adapter records the usage ITS provider reported, in its own spelling (1.840231ms)
✔ CST-04: a response carrying no usage writes NEITHER key - absent, never zero (0.810381ms)
✔ CST-04: a credential-shaped span in the provider usage object never reaches the trace (1.744407ms)
✔ CST-04: a call that burned its budget and came back unusable still records what it burned (1.419917ms)
✔ CST-04: provider usage is its OWN denomination and reaches no role total (D-01) (1.200205ms)
✔ RVP-01: the response is bounded by bytes Cadence owns, and the failure envelope is capped (1.259189ms)
✔ bound: a credential straddling the sanitize window does not reach the envelope (0.394735ms)
✔ EXP-02: a userinfo span the window cut before its `@` never reaches the excerpt (0.237023ms)
✔ EXP-02: the same cut span at high magnitude - the class, not the issue figure (0.123326ms)
✔ RVP-02: local validation refuses exactly what the canonical schema refuses (0.661956ms)
✔ a risky range matches a category and names the signal that found it (3.484787ms)
✔ a clean range is judged clean: no matches, and not inconclusive (1.005474ms)
✔ a binary-only range is inconclusive, never collapsed into a clean answer (0.148063ms)
✔ an empty body is a COMPLETED check of an empty range, not an unchecked one (0.107726ms)
✔ a substring is not a path signal: src/authority.rs is not `auth` (0.215211ms)
✔ a null body returns a record rather than throwing (0.081626ms)
✔ a scalar body returns a record rather than throwing (0.073039ms)
✔ a partly-binary range that also matched reports BOTH, not one or the other (0.147452ms)
✔ a gitlink bump is inconclusive: git emitted a hunk, the nested code is not in it (0.121282ms)
✔ a submodule ADD is inconclusive on the same grounds (0.181798ms)
✔ a gitlink beside a readable file reports BOTH the match and the unread half (0.202627ms)
✔ the vocabulary is the CALLER's: a category outside it is never reported (0.139456ms)
✔ context lines are not an input - only added and removed lines are read (0.11511ms)
✔ resolveRange: an unresolvable HEAD keeps the base git DID resolve, and names `head` (48.06157ms)
✔ resolveRange: an unresolvable BASE keeps the head, and names `base` (46.534778ms)
✔ risk-check run: a risky range answers ok:true with matches AND leaves one record (86.223813ms)
✔ risk-check run: a CLEAN range leaves the same record - the whole point of the seam (86.312622ms)
✔ risk-check run: a SAME-COMMIT range is a completed empty check, not an unchecked one (78.413731ms)
✔ risk-check run: a REVERT PAIR is empty too - the ids differ and the net diff does not (89.21304ms)
✔ risk-check run: a diff DRIVER cannot turn a risky range into a completed EMPTY check (92.074203ms)
✔ risk-check run: a record quoting a destructive command is a completed CLEAR, not a fire (90.423856ms)
✔ risk-check run: withholding the record does not withhold detection from the code beside it (84.259645ms)
✔ risk-check run: `ADJUDICATION-risk_surface-plan-1.json` is withheld from the range the gate reads (88.527198ms)
✔ risk-check run: `REVIEW-risk_surface-plan-1.md` is withheld from the range the gate reads (82.81966ms)
✔ risk-check run: `FINDINGS.json` is withheld from the range the gate reads (87.883607ms)
✔ risk-check run: `verifier-findings.json` is withheld from the range the gate reads (77.588693ms)
✔ risk-check run: a PLAN.md in the SAME directory still trips - the boundary is the four shapes (81.187037ms)
✔ risk-check run: EVERY entry of the withheld set is exercised, however many it holds (317.762203ms)
✔ risk-check run: a --surfaces token outside the eight is refused, and appends NOTHING (61.288592ms)
✔ risk-check run: an unreadable range is ok:false, and STILL leaves its record (61.797606ms)
✔ risk-check run: an unresolvable HEAD keeps the base id and states the cause on the row (62.04545ms)
✔ risk-check run: the mirror - an unresolvable BASE keeps the head id and names `base` (64.569398ms)
✔ risk-check run: --base and --head are required, and a flag-shaped ref is refused (94.376778ms)
✔ risk-check run: --base <ref> --staged scans the INDEX and records it as staged (59.377205ms)
✔ risk-check run: a staged row carries the INDEX id, the identity its base cannot carry (55.397402ms)
✔ risk-check run: --staged reads the INDEX alone - an unadded worktree file is outside it (51.479637ms)
✔ risk-check run: an EMPTY index is a completed empty check, not an unchecked one (50.961767ms)
✔ risk-check run: --head and --staged together are two spellings of one scope, refused (47.815118ms)
✔ risk-check run: a --staged run whose base does not resolve keeps the staged shape (50.968651ms)
✔ risk-check run: a REF-RANGE row carries no `staged` field at all (62.35393ms)
✔ risk-check run: --plan with nothing after it is refused, never read as plan 1 (55.964487ms)
✔ risk-check status: a completed range with no record refuses, naming the plan (50.722469ms)
✔ risk-check status: appending the plan-1 record makes the identical call pass (43.397678ms)
✔ risk-check status: an EMPTY committed range is `recorded`, not `risk-record-missing` (94.609412ms)
✔ risk-check status: a PRE-FIX empty-range record still refuses - an absent flag is not empty (46.470355ms)
✔ risk-check status: a checkpoint AND a return for one plan report it once, not twice (39.850652ms)
✔ risk-check status: a record from an earlier, narrower range is STALE, not satisfaction (104.449536ms)
✔ risk-check status: a record left under `--head HEAD` does not satisfy a LATER HEAD (151.095598ms)
✔ risk-check status: a ref that cannot be resolved is a refusal, never a match (109.533711ms)
✔ risk-check status: a STAGED run is the record a staged ask finds (94.813463ms)
✔ risk-check status: a staged record does not answer for a LATER index (180.54372ms)
✔ risk-check status: a staged record carrying NO index id is never a match (89.467466ms)
✔ risk-check status: a REF-RANGE record does not satisfy a STAGED ask (94.014505ms)
✔ risk-check status: both scopes together, and a staged ask with no --plan, are refused (81.177608ms)
✔ risk-check status: a staged ask whose base does not resolve refuses, naming `base` (47.190753ms)
✔ risk-check run: the record carries the resolved commit ids beside the spellings (57.880833ms)
✔ risk-check status: a record whose git read FAILED is not a check, and does not satisfy (36.093996ms)
✔ risk-check status: a NAMED range whose only record is unchecked is refused too (50.632146ms)
✔ risk-check status: an INCONCLUSIVE record satisfies the RECORD half, with the flag on the row (38.996027ms)
✔ risk-check status: a phase with no completed executor range is ok:true and empty (36.356187ms)
✔ risk-check status: the range triple is all three or none (35.494539ms)
✔ risk-check status: a named range is required even when its return never landed (53.924755ms)
✔ risk-check status: an EARLIER invocation of the same cycle is still required (38.607684ms)
✔ risk-check status: a signed-off cycle stops being required, an unsigned one does not (37.658278ms)
✔ risk-check status: a PARTIAL verdict is not a bound (36.674988ms)
✔ risk-check status: an UNREADABLE sign-off is not a bound (36.461589ms)
✔ risk-check status: a return the bound cannot PLACE is still required (37.26183ms)
✔ risk-check status: a PREVIOUS cycle's completed range does not hold this run open (39.529998ms)
✔ risk-check status: scoping to this run is not a blanket pass - the CURRENT corr still refuses (39.603939ms)
✔ risk-check status: a record left under a PREVIOUS cycle does not satisfy this run (39.659557ms)
✔ risk-check status: a MATCHED range with no fire receipt is refused (37.458065ms)
✔ risk-check status: an outcome `adjudication` clears a matched range (41.948375ms)
✔ risk-check status: an outcome `adjudication` for ANOTHER trigger clears nothing (37.552957ms)
✔ risk-check status: an outcome `rearm` clears a matched range (36.235015ms)
✔ risk-check status: an outcome `rearm` for ANOTHER trigger clears nothing (36.991493ms)
✔ risk-check status: an outcome `gate_pass` clears a matched range (37.884781ms)
✔ risk-check status: an outcome `gate_pass` for ANOTHER trigger clears nothing (36.334626ms)
✔ risk-check status: an outcome `override` clears a matched range (39.067394ms)
✔ risk-check status: an outcome `override` for ANOTHER trigger clears nothing (38.236074ms)
✔ risk-check status: a receipt under a PREVIOUS cycle's corr clears nothing (37.295755ms)
✔ risk-check status: a range the detector CLEARED needs no receipt at all (38.886056ms)
✔ risk-check status: an INCONCLUSIVE range still needs the fire receipt (38.794902ms)
✔ risk-check status: a checked:false record reports `unchecked`, never the new state (42.551118ms)
✔ risk-check status: a NAMED range that matched is refused until its fire is recorded (135.308807ms)
✔ risk-check status: an explicit user OVERRIDE written through the seam clears the range (111.616315ms)
✔ risk-check status: an earlier fire's receipt does not clear a LATER matched range (144.686656ms)
✔ risk-check status: a non-empty matches nothing can name still reads as FIRED (36.187734ms)
✔ risk-check status: a reasonless override is not a receipt (74.851136ms)
✔ risk-check status: the PHASE-WIDE arm needs a receipt per fired range too (94.847567ms)
✔ risk-check status: a receipt for another BASE over the same head settles nothing (55.50095ms)
✔ risk-check status: a receipt with no --base settles nothing when the record has ids (58.59586ms)
✔ risk-check status: a receipt written with no --plan joins nothing (37.716589ms)
✔ risk-check run: an UNANSWERED project is refused rather than detected on a defaulted scope (51.808417ms)
✔ risk-check run: an unanswered project with --surfaces named is NOT refused (51.756657ms)
✔ risk-check run: a half-answered list fails SAFE - refused, not narrowed to its valid subset (46.288347ms)
✔ risk-check run: the ANSWERED set scopes detection, rather than being resolved and dropped (54.311324ms)
✔ risk-check run: a TORN config layer is refused even when --surfaces was named (85.565942ms)
✔ risk-check run: the answer is judged against the schema enum, not a local list (0.422278ms)
✔ the census: neither this file nor the detector matches the detector (7.07292ms)
✔ scanDeclared: a declared path with NO body still matches by path segment (0.17286ms)
✔ scanDeclared: a body matches only when its category is in the vocabulary (0.500216ms)
✔ scanDeclared: a signal-table file is exempt from the CONTENT pass, by path (1.192882ms)
✔ scanDeclared: the OTHER signal-table file matches nothing under either path (2.299399ms)
✔ scanDeclared: a content match says `body line`, and never that a line CHANGED (0.076236ms)
✔ scanDeclared: no signal this face returns anywhere contains "changed line" (0.134217ms)
✔ scanDeclared: a DOCUMENT body is prose - the same bytes are code under a source path (0.118567ms)
✔ scanDeclared: a document still evidences by PATH, and no extension is not a document (0.071166ms)
✔ scanDeclared: the document rule is scoped to THIS face - scanDiff still reads a .md hunk (0.046619ms)
✔ scanDeclared: an IMPORT of a risky name is not evidence, and calling it still is (0.051519ms)
✔ scanDeclared: a literal CONSTANT is not evidence, and a call that uses one still is (0.046619ms)
✔ scanDeclared: a constant initialized by a CALL still counts - the literal rule is load-bearing (0.030258ms)
✔ scanDeclared: a MIXED line is never withheld - the exemption ends at the statement (0.040598ms)
✔ scanDeclared: the line-kind rule is scoped to THIS face - scanDiff still reads an added import (0.042542ms)
✔ scanDeclared: `withheld` names the file and the category whose only evidence was withheld (0.04703ms)
✔ scanDeclared: a category that SURVIVES on a kept line is not named as withheld (0.052932ms)
✔ scanDeclared: PATH evidence is never reported as withheld - the exemption did not cost it (0.038674ms)
✔ scanDeclared: a null, a scalar and an absent body each report rather than throw (0.131301ms)
✔ scanDeclared: one signal ORDER serves both faces - path evidence wins over content (0.049214ms)
✔ risk-check status: a skipped EARLIER plan does not refuse a LATER plan's named range (136.174503ms)
✔ risk-check status: a skip carrying NO sha satisfies nothing (38.011233ms)
✔ risk-check status: a skip answers only for the self-comparing range it describes (138.073856ms)
✔ risk-check status: a record outranks a skip for the same plan (38.363757ms)
✔ an issuing file with no relay paragraph is one issue, naming the line (4.263295ms)
✔ the same text plus the relay paragraph is clean (0.460571ms)
✔ a file that only MENTIONS the resolve inline issues nothing (0.090994ms)
✔ `relay` and `warnings` in DIFFERENT paragraphs do not satisfy each other (0.133185ms)
✔ a paragraph re-wrapped across lines still states the rule (0.100813ms)
✔ two issuing sites in one unrelayed file report one entry each (0.126742ms)
✔ a quoted and an unquoted plugin-root path both count as issuing (0.090003ms)
✔ the brace-less $CLAUDE_PLUGIN_ROOT spelling is an issuing site too (0.093199ms)
✔ the brace-less spelling plus the relay paragraph is clean (0.132083ms)
✔ a plugin-root invocation of a DIFFERENT script is not an issuing site (0.160156ms)
✔ route.mjs `table` is not a resolve (0.084141ms)
✔ relay is word-bounded: "relayed" alone does not state the rule (0.072499ms)
✔ the relay paragraph may sit BEFORE the invocation (0.062931ms)
✔ a non-string input yields [], never a throw (0.085463ms)
✔ a resolve returns the whole bundle, and no level anywhere in it (33.817952ms)
✔ default cad-planner: the schema's own rung, and no model (31.54294ms)
✔ default cad-assumptions-analyzer: the schema's own rung, and no model (37.373834ms)
✔ default cad-verifier: the schema's own rung, and no model (36.057326ms)
✔ default cad-reviewer: the schema's own rung, and no model (36.130306ms)
✔ default cad-executor: the schema's own rung, and no model (39.839381ms)
✔ default cad-plan-checker: the schema's own rung, and no model (46.20587ms)
✔ a pin replaces the model at every role and never touches its rung (219.881433ms)
✔ the review map with nothing configured is the schema defaults (38.257525ms)
✔ verify is off wherever no floor raised (35.282955ms)
✔ risk_surface is blocking with nothing configured - a match is never waved through (35.754597ms)
✔ a config gate that AGREES with the schema default is taken silently (38.941373ms)
✔ a config gate that DISAGREES wins, and the reason names both values (D-04) (39.644027ms)
✔ an unset gate says the schema default answered it (32.118121ms)
✔ no configured reviewers resolves every trigger to claude-subagent, silently (35.846432ms)
✔ a provider with no model id at the trigger's tier falls back, naming both (34.591512ms)
✔ a provider WITH a model id at that tier is the resolved reviewer (75.225192ms)
✔ a config-set tier wins over the schema default for the availability test (D-04) (35.336627ms)
✔ one available reviewer beside one unavailable keeps the set and names the drop (31.889813ms)
✔ the reviewer set is its own field - `review` gains, loses and reorders nothing (35.619168ms)
✔ the key absent from both layers resolves all eight, marked unanswered (34.986137ms)
✔ a repo layer setting two categories resolves exactly those two, marked answered (32.218312ms)
✔ an entry outside the vocabulary fails SAFE and is NAMED, never narrowed to the valid subset (37.100561ms)
✔ a non-list value contributes nothing and all eight stand (31.010571ms)
✔ a list that resolves to no category reads as UNANSWERED, not as an empty scope (36.113724ms)
✔ the surface set is its own field - `review` and `reviewers` gain nothing (34.558077ms)
✔ a schema rung default naming no rung of the role degrades to unresolved (34.572786ms)
✔ the shipped DEFAULT holds a retry - escalation is opt-in, and the hold is diagnosable (70.361187ms)
✔ escalation climbs exactly ONE rung, on every role (194.020071ms)
✔ escalation climbs from the CONFIGURED start, never from the schema default (30.806311ms)
✔ at the TOP rung a retry holds, and says there is nothing above it (30.159524ms)
✔ model.escalate_on_failure: false holds the rung and names the key in reason (31.517712ms)
✔ a config still holding model.profile warns and never reports a configured layer (35.754927ms)
✔ the first reason names the LAYERS that were read, and claims nothing about them (33.568075ms)
✔ resolve: a non-integer --attempt is usage, not silently coerced (#45.2) (61.317568ms)
✔ resolve: a valueless --file is usage, not reason:"internal" (both spellings) (89.391191ms)
✔ usage degradation: missing --role and unknown subcommand (81.556063ms)
✔ ARG-06: a flag-shaped value is refused BY NAME, never swallowed as the value (190.486941ms)
✔ the cross-model panel for plan: both halves ride the envelope (28.851852ms)
✔ the cross-model panel for diff: both halves ride the envelope (32.790947ms)
✔ the cross-model panel for risk_surface: both halves ride the envelope (32.605211ms)
✔ the cross-model panel for phase_diff: both halves ride the envelope (30.248113ms)
✔ the panel does not move with the ROLE - only its own two keys decide it (695.778736ms)
✔ the envelope's top-level effort stays the agent RUNG, not the panel effort (27.96224ms)
✔ a config-set effort wins over the schema default, like the tier (30.308489ms)
✔ an out-of-vocabulary config tier or effort is refused with a warning, like a gate (28.04564ms)
✔ a schema row with no effort default answers null, never a dropped key (27.710038ms)
✔ unknown role degrades to ok:false (caller falls back to session default) (25.707076ms)
✔ missing config file uses schema defaults, does not crash (24.942263ms)
✔ neither stakes nor stakes_set rides the envelope, key present or not (52.384398ms)
✔ global layer applies when no repo config is present (25.294707ms)
✔ repo config overrides the global layer (repo wins) (26.834242ms)
✔ layers deep-merge: a global model block and a repo roles key combine (26.480075ms)
✔ an override pins one role and leaves the others at the session model (48.797216ms)
✔ a pin keeps the rung swap - the two answers do not touch (25.66221ms)
✔ a pin the host does not accept warns and sends NO model parameter (24.787026ms)
✔ a roles-block model and rung resolve together, and pinned stays FALSE (26.07517ms)
✔ a roles model the host does not accept warns, and no parameter is sent (AC7) (26.210129ms)
✔ a rejected roles model does NOT fall through to the pin (24.827744ms)
✔ a roles model WINS over the pin, and a warning names the winner (24.962773ms)
✔ overrides layer: repo pin wins over a global pin (27.530635ms)
✔ an unreadable schema degrades to ok:false, reason bad-schema, no stack (46.987916ms)
✔ every rung the MAP names has an agent file carrying exactly that effort (0.954656ms)
✔ CADENCE_CONFIG_SCHEMA without the sentinel is ignored, and silently (52.150882ms)
✔ a config gate outside the five values loses to the schema default, and says so (25.823779ms)
✔ a gate of the wrong TYPE takes the same path as a typo (100.478721ms)
✔ a VALID disagreeing gate still wins - the check runs in front of D-04, not over it (26.856073ms)
✔ with NO triggers block the schema default decides phase_diff (24.055026ms)
✔ the SCAFFOLDED template carries no triggers block, so nothing overrides the default (25.216839ms)
✔ a VALID agreeing gate still emits no warning (24.683668ms)
✔ an injected schema decides the gate - route.mjs reads the file, not a copy (24.206025ms)
✔ the schema injection is GATED behind CADENCE_TEST_SEAM, like the table (27.243896ms)
✔ a schema row with no values list accepts no configured gate at all (27.15184ms)
✔ a configured start rung replaces the schema default, and picks that rung's file (26.817941ms)
✔ a configured start rung reaches the top of a role's own ladder (26.811268ms)
✔ a start rung equal to the default says so rather than claiming a change (25.08713ms)
✔ the start rung is read from the merged config LAYERS, never a plugin file (27.966469ms)
✔ a hand-edited rung the role has no FILE for is refused, never fail-open dispatched (25.632624ms)
✔ a roles-block start rung replaces the schema default, and picks that rung's file (27.004097ms)
✔ the roles block WINS over model.effort, and a warning names the winner (27.216414ms)
✔ a rung outside the ladder loses its turn, and the NEXT source answers (51.102616ms)
✔ a roles entry that is not a map contributes nothing, and the older key answers (24.21922ms)
✔ a retry climbs one rung from the CONFIGURED start, not from the schema default (26.61903ms)
✔ a retry never resolves BELOW the rung that failed (26.364193ms)
✔ model.escalate_on_failure: false still wins over the start rung, unchanged (24.312248ms)
✔ unknown-role still reports the retired key the config is holding (24.913237ms)
✔ unresolved still reports it too, where the whole array was dropped (27.291416ms)
✔ a clean ok:false carries no empty warnings array (25.533474ms)
✔ a usage refusal names no config layer, because none was read (23.58676ms)
✔ a resolve records ONE routing event carrying the decision, not the text (31.36571ms)
✔ an unwritable trace changes the resolve envelope by not one byte (54.081514ms)
✔ a planning root that is not a directory resolves clean and records nothing (31.696564ms)
✔ no phase and no cursor records nothing rather than an unjoinable line (24.940219ms)
✔ the cursor supplies the phase when --phase is absent (26.312084ms)
✔ CER-01: a malformed --phase is REFUSED and routes nothing, reversing the warn arm (156.388812ms)
✔ --bracket-read writes the lifecycle dispatch event beside the routing event (27.479447ms)
✔ --bracket-plan overrides the worker key without touching the role (27.070945ms)
✔ a degraded resolve still writes the bracket - the caller dispatches on every arm (24.694809ms)
✔ no --bracket-read means no lifecycle event - the switch is the flag (25.805063ms)
✔ an unwritable trace leaves the bracketed envelope byte-identical (50.79626ms)
✔ a valueless --bracket-read is refused, not recorded as an empty read-set (25.248799ms)
✔ nothing fires `deferred` on its own - no schema default names it (50.286936ms)
✔ floor: a phase that reads clean raises neither effect, and says it read (27.544481ms)
✔ floor: a declared file on an answered surface raises BOTH effects and cites it (27.770524ms)
✔ floor: a raise moves NOTHING else - the model, the rung and the other gates hold (55.104381ms)
✔ floor: a config still CARRYING stakes changes nothing about what the floor does (58.283602ms)
✔ floor: a CONFIGURED plan gate stands, and the floor says it moved none (29.489592ms)
✔ floor: an INVALID configured plan gate never won, so it does not withhold the raise (29.826916ms)
✔ floor: a plan gate already AT or ABOVE blocking is left where it is (26.777885ms)
✔ floor: an UNANSWERED category cannot raise - the scope is the answered set (D-10) (27.006822ms)
✔ floor: a declared file that does not exist yet still evidences by PATH (27.758881ms)
✔ floor: an OVERSIZED declared body withholds the discount rather than reading as clean (27.861738ms)
✔ floor: a declared path that is not a REGULAR file is refused unopened and terminates (30.867227ms)
✔ floor: a declared path through a symlinked PARENT is refused at the repository boundary (27.211012ms)
✔ floor: an ordinary NESTED path is still read and still raises (29.930575ms)
✔ floor: the two pre-plan roles are exempt and say they were not computed (79.072441ms)
✔ floor: a --file pointed at ANOTHER tree reads that tree's files, not this one's (28.578489ms)
✔ fail-closed: an absent phase directory raises both effects (24.806413ms)
✔ fail-closed: a phase directory with no PLAN file is the same arm (26.791702ms)
✔ fail-closed: a PLAN whose frontmatter is out of grammar holds the configured stakes (26.020014ms)
✔ fail-closed: a PLAN whose file mode makes it unreadable holds the configured stakes (26.897753ms)
✔ fail-closed: ONE unreadable plan holds a whole two-plan scope up (the aggregation rule) (26.47273ms)
✔ fail-closed: the paired POSITIVE - both plans clean and surfaceless raises nothing (28.938507ms)
✔ template-initialised: a repo scaffolded from the SHIPPED template reaches both arms (54.500205ms)
✔ declared-nothing: a plan with an EMPTY files: list does not pass as clean (26.330268ms)
✔ declared-nothing: a plan with NO files: key at all takes the same arm (27.105471ms)
✔ declared-nothing: the UAT probe verbatim - the SHIPPED template plus a task Files: line (29.924994ms)
✔ declared-nothing: ONE silent plan holds a two-plan scope up, like an unreadable one (28.084223ms)
✔ declared-nothing: the model and the rung are untouched - this arm raises two things (26.645ms)
✔ --plan: a clean plan in a mixed phase is NOT raised by its risky sibling (28.348298ms)
✔ --plan: the risky plan of the same phase, and the phase UNION, both raise (53.839271ms)
✔ --plan: a key naming no plan file fails CLOSED, never widening to the union (27.417868ms)
✔ --plan: a bare flag and a bad value are both REFUSED (101.976444ms)
✔ --plan: it is NOT --bracket-plan, which still keys the trace alone (29.087181ms)
✔ waiver: a waived surface raises neither effect (27.249998ms)
✔ waiver: the same phase without the key raises both, and names the surface (27.64859ms)
✔ waiver: the destructive surface, raised and then withheld by the key (AC5) (80.407965ms)
✔ waiver: it withholds the raise and NOT the review - the gate key is untouched (25.526892ms)
✔ waiver: naming a DIFFERENT surface than the one matched waives nothing (27.769511ms)
✔ waiver: when the top match is waived, the next UNWAIVED match still raises (26.306844ms)
✔ waiver: a value outside the eight categories rides warnings and waives nothing (52.016654ms)
✔ waiver: a waived scope that ALSO failed to read still raises - the fail-closed arm wins (25.064016ms)
✔ no clamp: a raised floor leaves the configured rung exactly where it was (28.034217ms)
✔ no clamp: the same rung on a surfaceless phase - the two are indistinguishable (55.154627ms)
✔ no clamp: a ROLES-block rung survives a raised floor too (26.058508ms)
✔ no clamp: a pre-plan role is untouched, floor or no floor (23.792554ms)
✔ replay: the subcommand is refused as usage, and the synopsis names it no more (25.097549ms)
✔ rungFile returns the UNSUFFIXED file where that is the rung it carries (4.536689ms)
✔ rungFile returns the suffixed file for every other rung (0.110361ms)
✔ rungFile is not a naming convention - the analyzer inverts it (0.081346ms)
✔ a rung the role does not carry is null, never a guessed filename (0.083169ms)
✔ an unknown role is null, and a non-string rung does not throw (0.093018ms)
✔ rungFile never inherits a prototype property as a rung (0.070975ms)
✔ rungFiles lists every stem a role names, in rung order (0.621719ms)
✔ rungFiles on an unknown role is empty, never a throw (0.11998ms)
✔ RUNG_FILES names 30 files across the six roles, and is frozen (0.127935ms)
✔ RUNG_ORDER is exactly the five rungs, weakest first, and is frozen (0.165086ms)
✔ the SHIPPED map and RUNG_ORDER agree - no issue at all (0.186918ms)
✔ rung-order-drift: a role whose map DROPS a rung (0.170967ms)
✔ rung-order-drift: a role whose map REORDERS its rungs (0.092316ms)
✔ rung-order-drift: a role carrying an EXTRA rung the ladder does not name (0.069073ms)
✔ rungOrderIssues is total on its inputs - a junk map never throws (0.083229ms)
✔ rungBody names the contract and NO rung - the prefix is shared (RNG-03) (0.108749ms)
✔ rungBody takes the SKILL alone, so two rungs of one role get one body (0.036189ms)
✔ rungBodyIssue accepts the canonical body (0.14637ms)
✔ rungBodyIssue accepts a RE-WRAPPED body - line breaks are not load-bearing (0.095312ms)
✔ rungBodyIssue REJECTS appended prose carrying no section tag - the denylist hole (0.065495ms)
✔ rungBodyIssue REJECTS a same-size replacement of the pointer paragraph (0.045797ms)
✔ rungBodyIssue accepts a body pointing at ANY ONE declared skill (0.0522ms)
✔ rungPrefixIssues: byte-identical rung bodies are NOT reported (0.163001ms)
✔ rungPrefixIssues: ONE re-wrapped line break is reported, naming role and file (0.174895ms)
✔ rungPrefixIssues: rungBodyIssue FORGIVES the same edit - not a duplicate rule (0.082748ms)
✔ rungPrefixIssues: the MINORITY is what broke rank, not the majority (0.077829ms)
✔ rungPrefixIssues: a role contributing ONE body yields nothing (0.055636ms)
✔ rungPrefixIssues: a stem the map does not name is not this rule's business (0.04708ms)
✔ rungPrefixIssues: a non-string body is treated as absent, never as a difference (0.057139ms)
✔ rungPrefixIssues: the SHIPPED agents/ tree carries one body per role (0.439611ms)
✔ rungEffortIssue accepts a file whose effort IS the rung it is filed under (0.094441ms)
✔ rungEffortIssue REJECTS a file carrying a different effort than its rung (0.054935ms)
✔ rungEffortIssue REJECTS a rung file with no effort key at all (0.059674ms)
✔ rungEffortIssue holds the UNSUFFIXED file to its own rung (0.049625ms)
✔ rungEffortIssue reads the map, not the suffix - the analyzer inverts (0.039586ms)
✔ rungEffortIssue ignores a stem the map does not name (0.142362ms)
✔ the SHIPPED schema and the rung ladder agree - no issue at all (0.309732ms)
✔ effort-enum-drift: a rung dropped from a role's enum, naming the key (0.143515ms)
✔ effort-enum-drift: a non-enum TYPE with a correct values list, named by key (0.232715ms)
✔ effort-enum-drift: a rung the role does NOT have, added to its enum (0.082488ms)
✔ effort-enum-drift: the rungs are right but the ORDER is not (0.079372ms)
✔ effort-enum-drift: null missing from the end is drift, not a detail (0.090293ms)
✔ effort-enum-drift: a rung the rung ladder does not carry (0.20375ms)
✔ an absent rung ladder skips ONLY the vocabulary arm (0.246301ms)
✔ missing-effort-key: a role in the map with no schema key at all (0.213118ms)
✔ unknown-effort-role: a schema key naming a role the map does not hold (0.143775ms)
✔ a non-object schema yields every role as missing, never a throw (0.132914ms)
✔ roles.<role>.effort: a rung dropped from its enum, naming the key (0.106444ms)
✔ roles.<role>.effort: a non-enum TYPE with a correct values list (0.231562ms)
✔ roles.<role>.effort: missing-effort-key when the key is absent entirely (0.172901ms)
✔ roles.<role>.effort: unknown-effort-role for a role the map does not hold (0.10424ms)
✔ effort-default-invalid: a roles rung default of null, naming the key (0.273954ms)
✔ effort-default-invalid: a default naming a rung this role has no file for (0.597773ms)
✔ model.effort.<role> keeps its null default - the fall-through is not drift (0.074513ms)
✔ roles.<role>.model is not held to the effort rules - it has no enum (0.079843ms)
✔ the six sites SCR-01 was filed against are each reported as they shipped (2.08565ms)
✔ the converted form of every one of the six is clean (0.145738ms)
✔ the code table is frozen (0.211385ms)
✔ a TMPDIR line is judged by whether it also makes the directory (0.086405ms)
✔ a redirect at a spelled-out tmp path is reported however it is quoted (0.142092ms)
✔ the UAT fixture paths under /tmp are not transports and are never reported (0.078981ms)
✔ a read-back needs BOTH a reason on stderr and a non-zero exit (0.11476ms)
✔ the missing half is NAMED, so a half-guarded read-back says which half (0.101945ms)
✔ a `node -e` that reads no argv-named file is not a read-back (0.101354ms)
✔ prose that merely NAMES the shape prescribes nothing and is never reported (0.176979ms)
✔ every issue is filed against the surface it was found in (0.099851ms)
✔ the four prose surfaces ship exactly one read-back script each (1.559453ms)
✔ cadence-core/references/triage-gate.md refuses a render truncated mid-object (25.919252ms)
✔ cadence-core/references/triage-gate.md refuses a well-formed render with no outcomes array (19.973548ms)
✔ cadence-core/references/triage-gate.md refuses a render that parses to literal null (21.473106ms)
✔ cadence-core/references/triage-gate.md refuses an outcomes array holding a non-object entry (20.469056ms)
✔ cadence-core/workflows/progress.md refuses a render truncated mid-object (20.312958ms)
✔ cadence-core/workflows/progress.md refuses a well-formed render missing the fields the step prints (21.620859ms)
✔ cadence-core/workflows/progress.md refuses a render that parses to literal null (21.075026ms)
✔ cadence-core/workflows/progress.md refuses a render whose printed fields are present but null (27.174253ms)
✔ cadence-core/workflows/report.md refuses a record truncated mid-object (27.809228ms)
✔ cadence-core/workflows/report.md refuses a well-formed record with no brackets array (26.620454ms)
✔ cadence-core/workflows/report.md refuses a record that parses to literal null (24.852422ms)
✔ cadence-core/workflows/report.md refuses a brackets array holding a non-object entry (22.380172ms)
✔ cadence-core/references/review-cross-model.md refuses a brief path that does not resolve (25.236175ms)
✔ cadence-core/references/review-cross-model.md refuses an artifact left empty by a failed redirect (21.220053ms)
✔ a read-back that lost its guard fails this file, naming its surface (20.13092ms)
✔ the census counter is not dead: it joins continuations and ignores prose (1.538353ms)
✔ cadence-core/workflows/context.md instructs exactly 6 seam invocations (1.735259ms)
✔ cadence-core/workflows/plan.md instructs exactly 14 seam invocations (0.172951ms)
✔ flagValue: absent flag is undefined so the caller default applies (0.622601ms)
✔ flagValue: a real value comes back (3.336763ms)
✔ flagValue: missing, empty and flag-shaped values each throw missing-flag-value (0.332135ms)
✔ missingFlagValue: one construction, and both fields are on it (0.467654ms)
✔ readText: a real file comes back verbatim (0.304803ms)
✔ readText: a missing path and a DIRECTORY are both "" (never a throw) (0.148804ms)
✔ the repo itself passes self-verification (217.171359ms)
✔ an invented config key is flagged (37.08954ms)
✔ a hostname inside a URL is not read as a config key (40.000299ms)
✔ a bare dotted token OUTSIDE a URL is still flagged - the mask is bounded to URLs (43.185382ms)
✔ a phantom flag on a real subcommand is flagged (the --items regression) (35.715582ms)
✔ #50: a CRLF backslash continuation joins like an LF one (the --items regression, CRLF spelling) (39.173096ms)
✔ #50: an EVEN backslash run does NOT continue the line - the next line is a separate command (D-15 parity) (36.552192ms)
✔ the weight.mjs contract entry has teeth: a phantom flag on `resident` is flagged (77.611938ms)
✔ D-05: a page under docs/ is on the markdown walk and reports by its own path (41.074704ms)
✔ an unknown subcommand and a missing path are flagged (37.189291ms)
✔ placeholder keys expand: <t> prose covers every trigger key (42.537753ms)
✔ a surface over its declared budget is flagged with the overage (46.019483ms)
✔ a surface EXACTLY at its budget yields no budget problem (38.179475ms)
✔ a surface UNDER its entry is clean - the budget is a ceiling (36.400562ms)
✔ a measured surface missing from the manifest is flagged unbudgeted (36.908915ms)
✔ a backtick/the-X-tool reference absent from tools: is flagged (37.003806ms)
✔ a tool referenced and declared yields no undeclared-tool (34.692595ms)
✔ LSP is in the vocabulary, so an undeclared LSP reference is flagged (38.719779ms)
✔ LSP declared in tools: clears that reference (38.583859ms)
✔ bare-word tool names (D-06 collisions) are not false positives (39.064368ms)
✔ #74: an agent preloading a skill that does not exist is flagged (39.820063ms)
✔ #74: an agent preloading a real skill yields no missing-agent-skill (37.625045ms)
✔ #74: the inline-array spelling of skills: resolves the same way (34.98222ms)
✔ #74: the key that follows skills: is not swallowed as a list item (41.014038ms)
✔ #74: a preloaded skill that disables model invocation is flagged unpreloadable (36.098695ms)
✔ #74: a tool referenced only inside a preloaded contract must still be declared (38.676706ms)
✔ #49.1: a dangling symlink under agents/ is reported loudly, not collapsed to internal (36.573734ms)
✔ #49.1: a symlink cycle under agents/ is reported loudly too (35.518766ms)
✔ #49.1: a malformed weight-budgets.json reports one problem instead of collapsing the run (39.025765ms)
✔ #49.1: an unreadable INTERNALS.md is reported exactly once, not twice (39.076481ms)
✔ #49.1: an unreadable CHILD directory is named, and its readable siblings are still linted (40.459487ms)
✔ a symlinked directory is not descended, so a cycle lints each file once (41.525356ms)
✔ INTERNALS.md: a backticked repo path that does not exist is flagged; a real one and a glob are not (37.071987ms)
✔ a full tree missing weight-budgets.json fails ok:false naming the input (36.435108ms)
✔ a full tree with a core surface dir renamed away fails ok:false naming it (38.738455ms)
✔ a full tree missing INTERNALS.md fails ok:false naming it (37.788427ms)
✔ check 7: an agent preloading a contract that carries <process> in its body is flagged (29.733729ms)
✔ check 7: the same body WITHOUT the tag yields no agent-carries-behaviour (28.677248ms)
✔ check 7: an agent with NO skills: key may carry <process> - the D-04 escape hatch (28.168244ms)
✔ check 7: the tags inside a PRELOADED SKILL.md are never flagged - that is the contract (27.90986ms)
✔ check 7: plain-prose behaviour carrying NO section tag is flagged (27.067459ms)
✔ check 7: a SAME-SIZE replacement of the pointer paragraph is flagged (30.733572ms)
✔ check 7: a RE-WRAPPED template is not flagged - line breaks are not load-bearing (33.648989ms)
✔ check 7d: two rung bodies of one role that are byte-identical yield no problem (30.581881ms)
✔ check 7d: ONE rung file re-wrapped is flagged, naming that file and its role (31.906164ms)
✔ check 7d: the LIVE tree is clean, and the CLI names rung-prefix in `checked` (145.498701ms)
✔ check 7c: Write granted and Edit/MultiEdit denied yields no problem (33.608521ms)
✔ check 7c: Write missing from tools: is flagged (bare cad-verifier) (37.467523ms)
✔ check 7c: a QUOTED verifier name is still checked (32.414968ms)
✔ check 7c: Edit missing from disallowedTools: is flagged (32.236386ms)
✔ check 7c: MultiEdit missing from disallowedTools: is flagged (36.580316ms)
✔ check 7c: Edit appearing in tools: is flagged (38.677177ms)
✔ check 7c: a routed rung FILENAME is checked even when name: was renamed (29.095979ms)
✔ check 7c: a non-verifier agent without Write yields no problem (31.97678ms)
✔ check 8: a rung file the map names that is not on disk is missing-rung-agent (37.315051ms)
✔ check 8: a full tree carrying the whole ladder reports no rung problems (36.253491ms)
✔ check 8: a fixture with no plugin manifest is lenient about the ladder (32.113301ms)
✔ check 8 (reverse): a rung file the map does not name is undeclared-rung-agent (31.211556ms)
✔ check 8 (reverse): a MAPPED rung file is left alone whatever config reaches it (31.655636ms)
✔ check 8 (reverse): an UNSUFFIXED agent file the map names nowhere is NOT flagged (32.351957ms)
✔ a minimal (non-full-tree) fixture omitting optional inputs stays free of missing-input problems (29.705534ms)
✔ check 9: a table that agrees with the schema yields no reach problems (33.704815ms)
✔ check 9: a schema key with no row is missing-reach-row naming the key (30.827952ms)
✔ check 9: a row for a key the schema lacks is unknown-reach-key naming it (29.257408ms)
✔ check 9: a narrow reach absent from the key purpose is unstated-reach (32.126456ms)
✔ check 9: the same narrow reach WITH the phrase in the purpose yields nothing (31.015079ms)
✔ check 9: a two-cell body row is malformed-reach-row naming the line (28.868374ms)
✔ check 9: a SECOND row for a declared key is duplicate-reach-row naming both lines (28.082711ms)
✔ check 9: `Universal` and `universal.` are the sentinel, not a narrow phrase (141.361046ms)
✔ check 9: the risk.override narrowing is now VISIBLE to the check (54.943514ms)
✔ check 9: a renamed section heading is ONE missing-reach-section, not 3 missing rows (25.284247ms)
✔ check 9: a full tree with no reach doc fails ok:false naming the input (31.524154ms)
✔ check 17: an enforced key with no src marker is reported, naming that key (29.423746ms)
✔ check 17: an enforced key the schema does not hold at all says so (26.086161ms)
✔ check 17: a src:global key the merge does NOT enforce is reported too (26.72349ms)
✔ check 17: a key with NO src field is repo-settable and is never reported (28.122747ms)
✔ check 17: the SHIPPED schema marks exactly the set the merge enforces (0.300715ms)
✔ check 9: a key named ONLY by the reach table is still inert-config-key (27.456493ms)
✔ check 9: a dead token in the reach doc PROSE is still scanned by check 1 (28.342147ms)
✔ check 1: a hyphenated key spelled in full is known, a truncated guess is not (26.202504ms)
✔ check 1 (reverse): `risk.override.<surface>` prose covers every surface key (28.250763ms)
✔ check 1: `roles.<role>.effort` prose covers every role, and its absence is inert (54.036027ms)
✔ check 10: a loop-shaped concurrent dispatch under workflows is unbatched-dispatch (29.393949ms)
✔ check 10: the batch-shaped rewrite of the same instruction yields nothing (29.938751ms)
✔ check 10: a bare concurrent set-dispatch under workflows is unbatched-dispatch (31.015251ms)
✔ check 10: the references half of the scope is checked too, not just workflows (28.995337ms)
✔ check 10: a compliant sentence does not excuse the next one in the same item (28.80865ms)
✔ check 10: the SAME sentence in a skill is out of scope (directory scope) (27.093258ms)
✔ a drifted model.effort enum fails on a tree holding only the schema (30.792645ms)
✔ a model.effort key naming no role in the map is named too (26.924074ms)
✔ an unmutated schema in that same tree reports no effort-enum problem (26.548616ms)
✔ check 11: a workflow that issues a resolve with no relay rule is named (28.206307ms)
✔ check 11: the same text plus the relay paragraph is clean (27.263613ms)
✔ check 11: the walk reaches skills/, not just check 10's two directories (31.892779ms)
✔ check 12: a callsite that drops warnings[] is named by line (27.252072ms)
✔ check 12: the destructured form (arm a) is clean (27.211083ms)
✔ check 12: a header marker with prose (arm b) is clean (26.512596ms)
✔ check 12: the same marker in the BODY does not satisfy arm b (28.022365ms)
✔ check 12: a bare marker with no prose after it does not satisfy arm b (28.912588ms)
✔ check 12: *.test.mjs is off the walk - a test may write any shape (29.436931ms)
✔ check 12: the live tree is NINETEEN callsites over FOURTEEN files, each in an arm (5.874417ms)
✔ check 15: a .mjs carrying a literal NUL is named with its byte offset (26.665099ms)
✔ check 15: the two-character \0 escape - the fix - is clean (28.839949ms)
✔ check 15: a NUL inside a *.test.mjs is reported too (30.227383ms)
✔ check 15: a NUL inside a NON-.mjs file under bin is reported too (26.943341ms)
✔ check 13: the live tree satisfies every register row (3.139245ms)
✔ check 13: a clean pair passes (0.273313ms)
✔ check 13: deferred-read-unread when a Read sentence is missing (0.225662ms)
✔ check 13: the unit is the ARM - one arm of a two-anchor row is not enough (0.19867ms)
✔ check 13: an arm's Read relocated ELSEWHERE in the file does not answer for it (0.210573ms)
✔ check 13: a Read in the wrong STEP does not answer for the right one (0.203018ms)
✔ check 13: deleting the ARM itself is reported, not silently satisfied (0.173823ms)
✔ check 13: restating a reference inline instead of Reading it is caught (0.155036ms)
✔ check 13: deferred-read-still-eager when the include comes back (0.169825ms)
✔ check 13: deferred-read-missing-skill when the SKILL.md is gone (0.180756ms)
✔ check 13: a root with no skills/ contributes nothing (0.105111ms)
✔ check 13: self-verify files the issue and names the check in `checked` (27.874672ms)
✔ check 13: the CLI files a workflow-anchored row when its Read sentence goes (35.409878ms)
✔ check 13: the CLI files nothing while that sentence stands (33.509631ms)
✔ check 13: an unusable rows file is reported, never a silent fall back (34.133806ms)
✔ check 24: the live tree satisfies every registered router branch (0.500027ms)
✔ check 24: self-verify names the check in `checked` and the live tree is clean (133.756528ms)
✔ check 16: an include nothing names is filed, and `checked` says so (25.640689ms)
✔ check 16: the live tree is clean of all three include-consumer codes (124.549946ms)
✔ check 16: the CLI reports the UAT include the day it is re-added (31.322137ms)
✔ check 18: `checked` names the gate-agreement check and an agreeing schema is clean (29.622316ms)
✔ check 18: it runs on a tree holding nothing but a schema - the grids are gone (28.102729ms)
✔ check 18: a NULL default reaches problems - the sentinel is not exempt (27.033784ms)
✔ check 18: a default outside its own values reaches problems, naming the value (27.743321ms)
✔ check 18: deleting the defaults clause from one purpose files exactly one problem (25.263728ms)
✔ check 18: a purpose naming a value the row does not default to is reported (27.292088ms)
✔ check 18: a row that is not an object reaches problems as gate-row-malformed (28.041922ms)
✔ check 14: the repo is clean - every top-level bin script has a contract (130.100444ms)
✔ the contract table is ONE table, and this file is not its home (D-06) (0.549922ms)
✔ check 14: a bin script with no CONTRACTS row is reported, not silently unlinted (27.590108ms)
✔ check 14: test files and lib/ modules need no contract (27.600848ms)
✔ check 14: an ABSENT bin directory is a partial fixture, not a problem (26.970001ms)
✔ entry: a valueless or empty --root refuses instead of linting the cwd (363.808994ms)
✔ check 2: `weight.mjs --root <path>` is contracted, not an unknown subcommand (29.018891ms)
✔ check 2: the bare form still lints its flags (27.915932ms)
✔ check 2: a script with no bare form still reports one (29.479994ms)
✔ check 19: a prescribed value no register row classifies is reported (27.356291ms)
✔ check 19: a registered caller-derived site reports the inline form (26.517286ms)
✔ check 19: prose that merely names a flag stays green through the CLI (27.804428ms)
✔ check 19: the LIVE tree is clean of all three text-transport codes (129.247092ms)
✔ check 20: a registered site back on the transcript reports the inline kind (29.869318ms)
✔ check 20: a prescribed bulk call no register row classifies is reported (29.849851ms)
✔ check 20: prose that merely names a bulk call stays green through the CLI (29.751383ms)
✔ check 20: the LIVE tree is clean of all three bulk-output codes (129.433477ms)
✔ check 21: a fixed shared scratch path reaches problems, naming the surface (29.116237ms)
✔ check 21: an unguarded read-back reaches problems through the CLI (28.894854ms)
✔ check 21: the LIVE tree is clean of all three per-run scratch codes (129.493722ms)
✔ check 22: a hintless refusal reaches problems through the CLI, and a hinted one does not (27.159144ms)
✔ check 22: the CLI names refusal-hints in `checked` (27.559449ms)
✔ check 23: an unregistered CAPTURE write reaches problems, naming the surface (28.398976ms)
✔ check 23: a shell redirect at the capture path reaches problems through the CLI (27.383994ms)
✔ check 23: the LIVE tree is clean of all three capture-writer codes (121.038428ms)
✔ check 25: a RENAMED hook event is reported, and the problem prints the offending name (25.540787ms)
✔ check 25: a fixture with no hooks/hooks.json and no plugin manifest is lenient (26.457882ms)
✔ check 25: a FULL tree missing the file reports missing-input (31.143806ms)
✔ check 25: malformed JSON is ONE problem naming the file, and the run still completes (26.842979ms)
✔ check 25: the LIVE tree registers only event names the register declares (125.279741ms)
✔ line comments vanish, line count holds (4.48027ms)
✔ a block comment keeps its newlines (0.148323ms)
✔ a // inside a string is not a comment (0.086435ms)
✔ a // inside a regex literal is not a comment (0.131351ms)
✔ division is not mistaken for a regex (0.102406ms)
✔ regex after a keyword is detected (0.083009ms)
✔ a shebang survives - it is an instruction, not a comment (0.089982ms)
✔ an unterminated block comment keeps its bytes rather than eating the file (0.069854ms)
✔ a // inside a template interpolation is kept, not stripped (0.098177ms)
✔ skimStats reports the saving and the line match (0.168162ms)
✔ SYNTAX refuses what it cannot parse (0.081636ms)
✔ every shipped .mjs skims without losing a line (75.195856ms)
✔ stop: a rung-suffixed Cadence type adopts the ONE open dispatch of its role (1.436208ms)
✔ stop: the event carries NO figure of any kind (0.755946ms)
✔ stop: a worker whose transcript shows it has NOT stopped produces nothing (0.218708ms)
✔ stop: a terminal transcript stamps the event with the WORKER's instant (0.145107ms)
✔ stop: NO transcript evidence produces the same event, with no ts key at all (0.829727ms)
✔ stop: a terminal transcript with no readable instant adds no ts key (0.132874ms)
✔ stop: a non-Cadence type is still nothing, terminal transcript or not (0.144887ms)
✔ stop: the close carries the worker's own agent_id, or no id key at all (0.229008ms)
✔ stop: TWO open dispatches of the role produce NOTHING (0.199451ms)
✔ stop: a worker already closed by the orchestrator writes NOTHING (0.283413ms)
✔ stop: a REUSED id does not reach back into a dead run (0.492031ms)
✔ stop: another worker's closed bracket does not block this one (0.154395ms)
✔ stop: a close that carried NO id never blocks a later worker (0.081136ms)
✔ stop: a payload with no agent_id still closes an unambiguous dispatch (0.070275ms)
✔ stop: a render with no usable brackets half is not fatal (0.116563ms)
✔ stop: the rule never crosses roles (0.080985ms)
✔ stop: the self-filter answers nothing for every non-Cadence agent type (0.085784ms)
✔ stop: a Cadence type with no matching open dispatch answers nothing (0.054775ms)
✔ stop: a payload with no agent_type at all answers nothing (0.05775ms)
✔ stop: a stranded dispatch from an EARLIER run no longer blocks this one (0.062389ms)
✔ stop: two dispatches of one RUN still answer nothing (0.049224ms)
✔ stop: with no readable instant anywhere, the whole set stands (0.060075ms)
✔ stop: an undated row of the CURRENT run is still counted (0.05224ms)
✔ stop: the event carries the two CACHE figures and no return figure (0.183491ms)
✔ stop: a transcript reporting no cache traffic leaves BOTH keys off (0.210052ms)
✔ stop: a stop arriving after its OWN close no longer adopts a dead run (0.163322ms)
✔ stop: gate 0, not terminal states the cache figures and closes nothing (0.122465ms)
✔ stop: gate 0, not terminal writes no FACT for a payload with no agent_id (0.081786ms)
✔ stop: gate 2a, already closed states the cache figures and closes nothing (0.084191ms)
✔ stop: gate 2a, already closed writes no FACT for a payload with no agent_id (0.061749ms)
✔ stop: gate 2b, two open dispatches of one run states the cache figures and closes nothing (0.065786ms)
✔ stop: gate 2b, two open dispatches of one run writes no FACT for a payload with no agent_id (0.04662ms)
✔ stop: a withholding gate whose transcript billed NOTHING writes no fact (0.110271ms)
✔ stop: a withholding gate with no bracket and no candidate row writes nothing (0.089732ms)
✔ stop: the UNAMBIGUOUS terminal path still answers one return and no fact (0.062921ms)
✔ stop: the RETURN carries the observed effort and the DISPATCHED rung (0.322406ms)
✔ stop: the host spelling is recorded VERBATIM, against no Cadence enum (0.174013ms)
✔ stop: every withholding gate states the same pair the return would (0.260588ms)
✔ stop: a transcript naming no effort leaves BOTH keys off, on both writes (0.155687ms)
✔ stop: an effort with NO cache figure at all still writes the fact (0.09391ms)
✔ stop: an effort does not buy a fact for a payload with no agent_id (0.078501ms)
✔ transcript: a last assistant line stopped end_turn is TERMINAL, with its own instant (0.911443ms)
✔ transcript: any stop reason other than tool_use is terminal (0.268764ms)
✔ transcript: a last assistant line stopped tool_use is NOT terminal (0.12565ms)
✔ transcript: a last assistant line stopped null is NOT terminal (0.111754ms)
✔ transcript: nothing to read at all answers UNKNOWN, never not-terminal (0.305635ms)
✔ transcript: an assistant line whose SHAPE changed answers UNKNOWN (0.167229ms)
✔ transcript: a truncated final line does not change the answer before it (0.57993ms)
✔ transcript: a terminal entry with no readable timestamp still answers terminal (0.102325ms)
✔ transcript: the rule never throws, whatever it is handed (0.295726ms)
✔ transcript: the cache figures are SUMMED across every assistant entry (0.299683ms)
✔ transcript: a figure no entry reported is ABSENT, never 0 (0.239007ms)
✔ transcript: ONE message is billed once, however many lines it occupies (0.177981ms)
✔ transcript: an entry with no usable message id is still counted (0.117565ms)
✔ transcript: a cache figure that is not a non-negative integer is DROPPED (0.738463ms)
✔ transcript: a non-numeric cache figure contributes NOTHING (0.209ms)
✔ transcript: every line agreeing answers that value, in the host spelling (0.184673ms)
✔ transcript: two lines reporting DIFFERENT efforts answer absent (0.096515ms)
✔ transcript: a transcript reporting no effort at all answers absent (0.112405ms)
✔ transcript: an effort that is not a non-empty string is not an answer (0.095964ms)
✔ transcript: a line reporting NO effort is SKIPPED, not a disagreement (0.074923ms)
✔ transcript: an effort nested under `message` is NOT read (0.055717ms)
✔ transcript: the effort rule never throws, whatever it is handed (0.107065ms)
✔ a migrations/ directory and an auth dependency evidence those two categories (1.501783ms)
✔ an empty tree is inconclusive with all eight recommended (0.155758ms)
✔ the word `session` in a source file evidences nothing - source text is not an input (0.121402ms)
✔ a category the structure never evidences is `silent`, never absent (0.290075ms)
✔ destructive is unspeakable, so it rides every recommendation (0.130199ms)
✔ evidence for ONE category never narrows the recommendation (0.140038ms)
✔ a dependency matches by NAME, never as a substring (0.123846ms)
✔ a malformed tree description reports rather than throwing (0.732862ms)
✔ an inconclusive scan and an evidenced one both lead with all eight (0.386449ms)
✔ the evidenced-only choice is absent when nothing was evidenced (0.202377ms)
✔ an answered set gains the newly evidenced category as the SECOND choice (0.127394ms)
✔ with nothing answered the evidenced choice states the EVIDENCE, not a phantom answer (0.144236ms)
✔ an answered set equal to all eight still leads with all eight and repeats nothing (0.108608ms)
✔ no call returns more than the ask-user seam option cap (0.215492ms)
✔ a malformed scan or answered set reports rather than throwing (1.303103ms)
✔ detect-surfaces reads directories two levels deep and a manifest it finds (60.701919ms)
✔ detect-surfaces names an unparseable manifest in warnings rather than throwing (53.267748ms)
✔ detect-surfaces skips node_modules - every JS project would evidence everything (54.107295ms)
✔ detect-surfaces refuses a --root with nothing usable after it (57.484224ms)
✔ the #206 demo tree evidences six categories and offers two distinct options (50.595116ms)
✔ --answered on the demo tree keeps all eight first and puts the union second (55.786086ms)
✔ detect-surfaces refuses an --answered with nothing usable after it (50.857808ms)
✔ detect-surfaces refuses an --answered token outside the eight (54.185524ms)
✔ a bare PEP 621 pyproject evidences its dependencies, not an empty manifest (51.037423ms)
✔ a single-line PEP 621 dependencies array closes on its own line (51.893509ms)
✔ a PEP 508 extra does not end the dependencies array early (46.710996ms)
✔ a tool table`s ignored-dependencies is a setting, not a dependency (51.727973ms)
✔ a slug is one path segment of lowercase letters, digits and single hyphens (0.965618ms)
✔ `..` is refused, never resolved (0.110402ms)
✔ a separator is refused on both spellings (0.098349ms)
✔ an absolute form is refused (0.085794ms)
✔ an empty string is refused (0.232324ms)
✔ an over-long slug is refused at the bound (0.090363ms)
✔ a non-string is refused - parseArgs mints `true` for a valueless flag (0.082899ms)
✔ a NUL or a newline is refused (0.786003ms)
✔ an absent planning root is an empty list, never a throw (0.789521ms)
✔ a planning root with no tasks/ at all is an empty list (0.315734ms)
✔ a slug directory holding no RECORD.md contributes nothing (0.24543ms)
✔ the records come back sorted by slug (0.733593ms)
✔ a slug DIRECTORY that is a symlink out of the planning root is skipped (0.332366ms)
✔ an in-root slug directory whose RECORD.md is a symlink OUT is skipped (0.300625ms)
✔ a RECORD.md symlink that stays INSIDE the planning root is still a record (0.319992ms)
✔ a RECORD.md that is a DIRECTORY is not a record (0.171849ms)
✔ an entry name the writer would refuse is not listed back (0.418741ms)
✔ an entry name carrying a newline or a terminal escape is not listed back (0.265518ms)
✔ a name longer than MAX_SLUG_LENGTH is not listed back (0.210272ms)
✔ every slug the lister returns satisfies isTaskSlug (0.30816ms)
✔ the same inputs render byte-identical text (0.052621ms)
✔ the `## Commits` table reads back through parseCommitRows (0.485909ms)
✔ the `- **Files:**` line reads back through taskDeclaredFiles (0.41295ms)
✔ a subject carrying a `|` survives as ONE cell (0.143204ms)
✔ the body becomes one `- ` bullet per non-empty line, under `## What shipped` (0.168662ms)
✔ a body line the caller already bulleted does not render `- - ` (0.082378ms)
✔ the record opens with `# Task: <slug>` and ends with the Files section (0.078961ms)
✔ an empty commit list and an empty file list still render a readable record (0.140729ms)
✔ the parse reads a real list out of test.mjs, never an empty one (0.564079ms)
✔ GROUPS.planning is exactly the planning-*.test.mjs files on disk, both directions (4.47977ms)
✔ an ABSENT --<field>-file says nothing at all about the inline flag (1.786999ms)
✔ the file contents reach the caller trimmed and VERBATIM - no expansion (0.261931ms)
✔ a newline INSIDE the value survives - only the ends are trimmed (0.127964ms)
✔ a VALUELESS --<field>-file is a refusal, never the literal "true" (0.16773ms)
✔ a path that does not exist is a refusal NAMING the read error (0.134457ms)
✔ an UNREADABLE path is a refusal naming the read error, not an empty value (0.191236ms)
✔ a file that is EMPTY once trimmed is a refusal (0.192528ms)
✔ the inline and the file form together is a refusal, never a precedence rule (0.118407ms)
✔ an inline flag present but VALUELESS still counts as both forms given (0.11508ms)
✔ the register is frozen, rows and all (4.603306ms)
✔ the register pins its row count (0.125901ms)
✔ every out-of-scope row carries a reason, and every row is well formed (0.216825ms)
✔ no two rows share a surface, flag and value (0.143996ms)
✔ the watched flag set is exactly the free-text flags (0.10978ms)
✔ a caller-derived row reports the inline site (0.465902ms)
✔ the file transport is not reported - and the flag boundary is why (0.511318ms)
✔ a prescribed value no row classifies is reported, never passed over (0.154545ms)
✔ a value is matched on the value, not on the flag (0.171137ms)
✔ an unquoted placeholder with no row is reported as its own kind (0.187729ms)
✔ a value that opens a quote and never closes it on the line is reported (0.137503ms)
✔ a flag ending its line is reported rather than read as a mention (0.109179ms)
✔ a register row settles an undelimitable occurrence, in both directions (0.669ms)
✔ a reasoned out-of-scope row is silent (0.101054ms)
✔ prose that NAMES a flag needs no row and is never reported (0.085273ms)
✔ `git tag -m` is watched, and `git commit -m` is not (0.095814ms)
✔ a row classifies its own surface only (0.05736ms)
✔ parseAdjudication: the step-5 detail shape parses, others contribute nothing (1.975349ms)
✔ parseAdjudication: the structured --raised field is the first source of the kill count (0.18835ms)
✔ parseAdjudication: the hand-written `of <m>` clauses already on disk still read (0.141952ms)
✔ parseAdjudication: both on-disk re-arm spellings read as the base trigger; nothing else with a space does (0.098809ms)
✔ R1: an adjudicated trigger at the fires floor with zero survivors suggests its gate key (0.707564ms)
✔ R1: one fire below the floor stays silent - one event is a guess, not evidence (0.122294ms)
✔ R1: a fire with survivors, and the fire a re-arm came back to, both leave the empty count (0.503213ms)
✔ R1: the re-arm veto is scoped to the FIRE it belongs to, not the trigger's lifetime (0.169223ms)
✔ R1: a re-arm vetoes the fire that FORCED it - the nearest one before it, not the oldest (0.137764ms)
✔ R1: the live record this repo has been writing for four cycles emits a suggestion (0.257282ms)
✔ R1: 0-of-0 and 0-of-9 are opposite evidence and stop proposing one action (0.185224ms)
✔ R1: a corpus with NO raised counts recorded keeps the gate arm it has today (0.088069ms)
✔ R2: a rearm becomes a keep-the-gate receipt, not a config suggestion (0.07337ms)
✔ R3: escalation pressure at the floor suggests the role effort key; either climb spelling counts (0.126222ms)
✔ R3: a held start rung at the dispatch floor is an info receipt; below it, silence (0.120681ms)
✔ R4: executor checkpoints at the floor suggest workflow.max_plan_tasks; other roles do not (0.100151ms)
✔ SGT-01: R1s gate arm moves DOWN, prints the value a layer set, and proposes one step below it (0.13091ms)
✔ SGT-01: an unset gate names the DECIDER and carries NO proposed (0.136962ms)
✔ SGT-01: the sentence is the same however much the record carries (0.116844ms)
✔ SGT-01: R1s reviewer arm moves UP - strengthen the set - and proposes nothing (0.102907ms)
✔ SGT-01: R3 proposes the rung the escalated resolves actually landed on (0.103979ms)
✔ SGT-01: R3 omits a target that names no raise against the rung in force (0.118426ms)
✔ SGT-01: R3 keeps the record's rung when no layer pins the key, ladder or not (0.07811ms)
✔ SGT-01: R4 moves DOWN, prints the resolved ceiling, and prices nothing (0.074282ms)
✔ SGT-01: R4 goes silent when every checkpoint it counted maps to a plan under the ceiling (0.102416ms)
✔ SGT-01: a one-argument call still answers - a direction and an honest unset, never a throw (0.113918ms)
✔ R5: the spend receipt names the top role, its share, and asks for nothing (11.468539ms)
✔ R6: a residue above the floor names the total, its share and the top step (0.21433ms)
✔ R6: a residue below the floor stays silent - a minute between steps is an artefact (0.101514ms)
✔ R6: a render with no coordinator block says NOTHING about the coordinator (D-06) (0.336083ms)
✔ D-12: an info receipt gains NONE of the three new keys, under every rule that emits one (0.310564ms)
✔ D-12: a suggest entry that cannot be priced omits `proposed` by key, never as a null (0.173351ms)
✔ suggestions order suggest-first, then stable by subject; an empty render is an empty list (0.094301ms)
✔ config keys named in actions exist in config.schema.json - the suggestion never names a phantom key (0.570221ms)
✔ seam: a real trace written through appendEvent reads back through `trace suggest` (263.274792ms)
✔ fixture: the committed verbatim trace suggests exactly what it did before this phase (2.861454ms)
✔ SGT-01: `trace suggest` returns a direction, a current, and a proposed where the record prices one (52.325636ms)
✔ MSR-02: the spend receipt names every excluded source, from the one exported list (0.417348ms)
✔ R7: cad-executor at 3.64 emits one entry carrying the worst file, the direction, the coverage and the scope (0.373695ms)
✔ SC7 pin: the in-dispatch entry names NO config key - `action` is null and it says so in words (0.196486ms)
✔ R7: the MAP is the gate, not the number - an unnamed role stays silent at any ratio (0.449871ms)
✔ R7: a role exactly AT its floor emits; a hair under it does not (0.157251ms)
✔ R7: a null ratio emits NOTHING, and no evidence anywhere renders it as a zero (0.158723ms)
✔ R7: a one- and two-argument call return exactly what they returned before (0.642269ms)
✔ seam: `trace suggest` opens reads.jsonl and names the fixture worst file, with no config key (63.533526ms)
✔ seam: reads carrying no `files`, and no reads file at all, both yield NO entry and no error (128.628379ms)
✔ seam: an UNREADABLE reads.jsonl fails `reads --join` and WARNS on `trace suggest` - both faces, one test (109.347516ms)
✔ seam: the rotation marker is DROPPED at the parse and billed to nothing (90.910668ms)
✔ seam: BOTH faces name the reads record and report its cut, on a key that is not the trace's (109.628263ms)
✔ seam: a project with no reads record still names the path it looked for (98.564038ms)
✔ R8: the receipt sums the worker clock and COUNTS the dispatches without one (0.316877ms)
✔ R8: a scope where NO bracket carries a wall clock says nothing at all (0.118707ms)
✔ R9: two override receipts on ONE authorization read as one decision from two writes (0.147782ms)
✔ R9: two authorizations, two unlabelled receipts, and one receipt alone all stay SILENT (0.096124ms)
✔ R9: an unlabelled receipt counts as its OWN decision, beside a labelled pair (0.084021ms)
✔ R9: the trigger is the STRUCTURED field, and a non-string id is never a group key (0.121342ms)
✔ R9: a render holding NO override event returns exactly what it returned before (0.103668ms)
✔ correlationId: two calls in the same phase with an anchor derive the same id (3.087827ms)
✔ correlationId: with NO anchor both calls fall back to the phase alone (0.425164ms)
✔ correlationId: the id changes when the anchor sha changes (a re-run) (0.23025ms)
✔ correlationId: another phase's anchor never answers for this phase (0.139697ms)
✔ the anchor event carries the id it anchors, not the phase-only fallback (0.657377ms)
✔ appendEvent: keys land in the fixed order, one JSON object per line (0.32928ms)
✔ appendEvent: an interleaved write sequence keeps every event, in order (0.790061ms)
✔ appendEvent: a record at the bound rotates, and the append lands (5.063997ms)
✔ appendEvent: the rotation marker SEALS the generation it carried away (2.576018ms)
✔ appendEvent: a completed rotation RELEASES the claim and leaves the sidecar inert (2.919825ms)
✔ appendEvent: an ABANDONED claim is reclaimed and the record rotates (TRC-09) (2.376226ms)
✔ appendEvent: after the reclaim the next append stops paying the budget (1.814631ms)
✔ appendEvent: a losing append does NOT restart the abandoned claim clock (TRC-09) (282.633413ms)
✔ appendEvent: a losing append leaves a sidecar-less claim sidecar-less (D-02) (274.613131ms)
✔ rotateTrace: a claim whose sidecar reads LIVE is left standing (TRC-09) (269.724719ms)
✔ rotateTrace: a claim with NO sidecar at all is left standing (TRC-09) (266.955932ms)
✔ appendEvent: a LEFTOVER eviction that cannot confirm its claim puts the generation back (D-02) (3.605687ms)
✔ appendEvent: a record already PAST the bound rotates, and its sibling keeps the excess (4.003599ms)
✔ appendEvent: the run in flight keeps its corr and its brackets across a rotation (2.108193ms)
✔ appendEvent: a tail bigger than the bound is carried anyway, never refused (366.646334ms)
✔ appendEvent: a record with no anchor carries nothing forward (1.393876ms)
✔ appendEvent: writers racing at the bound leave ONE generation and lose no event (30.998559ms)
✔ appendEvent: a second append after a rotation does not rotate again (2.53534ms)
✔ appendEvent: a writer holding a STALE stat is refused the claim, not corrected after it (2.358482ms)
✔ appendEvent: a SECOND rotation replaces the generation, so the pair stays bounded (4.087289ms)
✔ appendEvent: a second rotation carries back the event that only reached the generation (3.787846ms)
✔ appendEvent: the rescue never puts back a line the live record already carries (3.483694ms)
✔ rotateTrace: a rescue that cannot READ the generation STATES the tail it cut (3.985284ms)
✔ rotateTrace: a generation whose marker carries NO seal states an UNKNOWN shortfall (6.937742ms)
✔ renderTrace: a record that never rotated carries no rotation key at all (0.21916ms)
✔ renderTrace: after a rotation the envelope names the sibling, and capped is false (1.540537ms)
✔ renderTrace: the rotation reports on the RECORD, not on the --phase scope (1.125012ms)
✔ seam: trace render and trace suggest each name their record and report the rotation (226.456389ms)
✔ seam: after a SECOND cut both envelopes still report the rotation, and the marker pairs with nothing (98.328957ms)
✔ appendEvent: one line that reaches the bound by itself is refused, and nothing moves (1.610751ms)
✔ appendEvent: an event with no room BESIDE the marker is refused, not rotated for (3.120569ms)
✔ appendEvent: an event that DOES fit beside the marker rotates under the bound (AC2) (4.539113ms)
✔ renderTrace: an oversized file is read bounded, not whole (13.948683ms)
✔ appendEvent: an unwritable planning root returns written:false and throws nothing (0.325333ms)
✔ appendEvent: a non-object event is refused rather than written (0.072027ms)
✔ renderTrace: an absent trace file is an empty render, never an error (0.087408ms)
✔ renderTrace: an unpaired dispatch is reported, a paired one is not (0.264686ms)
✔ renderTrace: checkpoint and escalation close a bracket too (0.173231ms)
✔ renderTrace: a role-keyed worker pairs on its own key, not with a plan number (0.134217ms)
✔ renderTrace: a re-run never pairs across runs, and unpaired names the run (0.169424ms)
✔ renderTrace: a PRE-ANCHOR event joins its phase's next anchor at read time (0.255569ms)
✔ renderTrace: events after a NO-SHA anchor stay with that run, never the next (0.196816ms)
✔ renderTrace: the U+0000 worker separator keeps two SHIFTED brackets apart (0.13043ms)
✔ renderTrace: a malformed line is skipped and counted, the rest still read (0.175034ms)
✔ renderTrace: --phase restricts the record to that phase (0.122544ms)
✔ seam: append then render joins both events under the derived id (127.470754ms)
✔ seam: every family is accepted and nothing else is (198.89792ms)
✔ seam: a malformed call is ok:false, an unwritten append is ok:true (153.935479ms)
✔ seam: 1.1 and 1.10 are two phases, not one trace key (D-02) (153.034707ms)
✔ seam: render on an absent trace file is ok:true with an empty record (75.053874ms)
✔ renderTrace: every PAIRED bracket is exposed as a row, unpaired ones are not (0.471232ms)
✔ renderTrace: a bracket row bills the DISPATCH's role, like `roles` does (0.294754ms)
✔ renderTrace: a bracket whose timestamps cannot be read reports ms null, never 0 (0.163232ms)
✔ seam: the DEFAULT render carries bracket rows and outcomes, never the event array (43.238273ms)
✔ seam: triage-gate's `rearm` lookup still finds its event in the bounded response (42.596885ms)
✔ seam: --events hands back the raw array the two in-process readers use (36.747415ms)
✔ seam: the default render folds what the providers said the reviews cost (39.740962ms)
✔ seam: a scope holding no provider call carries no provider_spend key (37.217044ms)
✔ seam: a provider call whose event carried no usage is unrecorded, never zero (39.193636ms)
✔ seam: a scope whose every provider call reported nothing shows no total (39.983115ms)
✔ seam: a model listing and a debug consult are provider calls, not reviews (38.04109ms)
✔ seam: a scope holding no review call carries no provider_spend key (41.189333ms)
✔ seam: a review refused before the request was sent is not a call (39.919082ms)
✔ seam: a review that reached the wire and failed still cost something (38.696474ms)
✔ render: provider usage reaches no roles total, with or without it (D-01) (0.493694ms)
✔ seam: --role and --tokens ride one lifecycle event, tokens as a NUMBER (38.814721ms)
✔ seam: --plan and --role are two separate fields on the same event (37.476069ms)
✔ seam: --tokens accepts the comma grouping this plugin prints figures in (37.35077ms)
✔ seam: a malformed --tokens appends NOTHING at all (273.143778ms)
✔ seam: --tokens lands identically on return, checkpoint and escalation (118.855213ms)
✔ seam: --tokens 0 is a recorded figure, not an omission (40.62377ms)
✔ seam: --raised rides an adjudication event as a NUMBER (41.248757ms)
✔ seam: --raised 0 is a recorded figure, not an omission (42.558441ms)
✔ seam: an append with no --raised is byte-identical to today's (36.374543ms)
✔ seam: a malformed --raised appends NOTHING at all (229.166632ms)
✔ seam: the three settled counts ride an outcome event as NUMBERS (40.485557ms)
✔ seam: a settled count of 0 is a recorded figure, an absent one omits the key (76.427139ms)
✔ seam: a malformed settled count appends NOTHING at all (958.056751ms)
✔ recount: counts matching the record's rulings append normally (133.446424ms)
✔ recount: a --survivors one higher than the rulings is REFUSED, trace untouched (159.488881ms)
✔ recount: the same call against a fire with NO record appends and stores the flags (80.617646ms)
✔ recount: a partial count set is stored unchecked - there is nothing to recount (120.483777ms)
✔ recount: the ROUND decides which record is read, so a re-arm cannot pass on round one (196.481907ms)
✔ recount: a fire with no --plan resolves its record by trigger and head sha (148.432772ms)
✔ recount: a record that is not readable as JSON is refused, never appended past (114.90279ms)
✔ the fix commit falls inside a SECOND cad-executor bracket under the plan key (195.779502ms)
✔ seam: a bare or blank --role appends NOTHING at all (105.850535ms)
✔ seam: a bare --plan, --sha or --base still appends, key omitted (73.181782ms)
✔ seam: --reviewer stores the reviewer that ACTUALLY ran, as a string (35.128058ms)
✔ seam: a bare or blank --reviewer appends NOTHING at all (101.173738ms)
✔ seam: --trigger stores the review trigger an event belongs to, as a string (36.522315ms)
✔ seam: --trigger is stored VERBATIM, trimmed, with no vocabulary of its own (38.583598ms)
✔ seam: a bare or blank --trigger appends NOTHING at all (105.05873ms)
✔ seam: an append with no --trigger is byte-identical to today's (35.498046ms)
✔ seam: --anchor stamps the receipt with the window it names, not the newest one (36.589373ms)
✔ seam: the same receipt WITHOUT --anchor takes the newest anchor, as it always did (34.61752ms)
✔ seam: a bare or blank --anchor appends NOTHING at all (106.112335ms)
✔ seam: render still lists the flagged event - the pre-anchor repair leaves it alone (70.827567ms)
✔ seam: --anchor rides no other event - an append without it is byte-identical (38.925823ms)
✔ seam: two receipts on ONE authorization carry the same id (72.738594ms)
✔ seam: two receipts on TWO authorizations carry different ids (69.787709ms)
✔ seam: an append with no --authorization-id carries NO such key at all (35.565314ms)
✔ seam: a bare or blank --authorization-id appends NOTHING at all (105.3728ms)
✔ seam: the authorization id is stored TRIMMED - a padded copy is one decision (35.209122ms)
✔ seam: --read stores a comma-separated set as an array, verbatim (73.955952ms)
✔ seam: --read trims whitespace and drops empty segments (36.160803ms)
✔ seam: an empty --read appends nothing (104.57789ms)
✔ seam: --read stores what it was handed, existence unchecked (33.640091ms)
✔ seam: a close with no --detail writes the `return` arm (68.155767ms)
✔ seam: a close carrying --detail writes the `checkpoint` arm (35.775015ms)
✔ seam: a close with --tokens and no --detail is still a `return` (D-06) (68.1259ms)
✔ seam: --replay marks a close that performed no work, and stays a `return` (34.792215ms)
✔ seam: a close without --replay carries no replay key at all (34.186987ms)
✔ seam: --replay does not fight the checkpoint arm (33.07465ms)
✔ seam: a malformed --tokens on a close appends NOTHING at all (131.885186ms)
✔ seam: --turns rides a close beside --tokens, as a NUMBER (37.309801ms)
✔ seam: --turns lands on a `trace append` through the same shared body (34.833454ms)
✔ seam: a malformed --turns appends NOTHING at all (203.19679ms)
✔ seam: a close with no --turns writes no turns key at all (33.772534ms)
✔ seam: --turns 0 is a recorded figure, not an omission (34.860235ms)
✔ seam: --duration-ms takes the formatted spelling the host prints (36.22222ms)
✔ seam: --duration-ms accepts every term of its closed grammar (242.290061ms)
✔ seam: a malformed --duration-ms appends NOTHING at all (344.789846ms)
✔ seam: a close with no --duration-ms writes no duration_ms key at all (33.38878ms)
✔ seam: --duration-ms lands on a `trace append` through the same shared body (32.809242ms)
✔ seam: a close pairs with the dispatch of the same --plan (102.389532ms)
✔ seam: a close with no --phase is refused and names the subcommand (33.676832ms)
✔ seam: --detail-file carries a detail no shell could expand (36.487578ms)
✔ seam: --detail-file and --detail write the SAME record for the same value (68.778487ms)
✔ seam: a close carrying --detail-file writes the `checkpoint` arm (68.019727ms)
✔ seam: every --detail-file refusal is bad-args and appends NOTHING at all (137.416596ms)
✔ seam: an UNREADABLE --detail-file is refused and NAMES the read error (35.374859ms)
✔ seam: --read-file produces the identical array the same value produces inline (70.713809ms)
✔ seam: --read-file stores a ref range and a glob verbatim, existence unchecked (33.372659ms)
✔ seam: every --read-file refusal is bad-args and appends NOTHING at all (209.377862ms)
✔ render: a fully-recorded role carries a total and NO unrecorded key (0.359167ms)
✔ render: a half-recorded role shows BOTH a total and an unrecorded count (0.247363ms)
✔ render: a role whose dispatches carried nothing shows no tokens key at all (0.142102ms)
✔ render: two roles in one phase are grouped separately (0.134808ms)
✔ render: a role's turn total rides beside its tokens with a counter of its own (0.193851ms)
✔ render: reporting tokens without turns is a different row from the reverse (0.196636ms)
✔ render: a role whose every close carried no turn figure shows NO turn keys (0.126372ms)
✔ render: a bracket carries the turn figure only where one exists (0.154947ms)
✔ render: a bracket falls back to a turn figure the DISPATCH half carried (0.136842ms)
✔ render: a bracket carries the wall clock its close reported, beside ms (0.150167ms)
✔ render: a bracket whose close carried no duration has NO duration_ms key (0.144065ms)
✔ render: a non-numeric duration_ms contributes NOTHING to the bracket (0.132072ms)
✔ render: two closes differing ONLY in their turn count are two closes (0.243145ms)
✔ render: a dispatch closed by BOTH writers is exactly one bracket (0.180705ms)
✔ render: the two closes render identically in EITHER arrival order (0.239167ms)
✔ render: two genuine dispatches on ONE worker key are still two brackets (0.178171ms)
✔ render: a delayed repeat close never steals the NEXT dispatch of its key (0.225672ms)
✔ render: a close whose dispatch was never read still bills its own role (0.13604ms)
✔ render: a non-numeric turn figure contributes NOTHING (0.126892ms)
✔ render: tokens on checkpoint and escalation aggregate as on return (0.232484ms)
✔ render: a bracket with no role lands under the "" key rather than vanishing (0.132463ms)
✔ render: a phase with no lifecycle events renders an empty roles map (35.054517ms)
✔ render: the ANCHOR event invents no role row (0.200714ms)
✔ render: a string tokens value contributes 0 and counts as unrecorded (0.147302ms)
✔ render: per-role grouping did not become a second pairing rule (0.166579ms)
✔ render: a terminal is billed to the role that DISPATCHED, not its own (0.130279ms)
✔ render: a bracket closed under a DIFFERENT role is reported, not absorbed (0.210323ms)
✔ seam: trace render shows mismatched only where a bracket disagreed (138.339221ms)
✔ render: an UNMATCHED terminal shows its tokens but funds no dispatch (0.254517ms)
✔ render: a duplicated terminal cannot fund a second dispatch (0.194823ms)
✔ render: a REPLAYED terminal funds nothing, even with a dispatch still open (0.228096ms)
✔ render: a role named __proto__ is an own row, not a prototype write (0.184633ms)
✔ seam: trace render surfaces the roles block through the CLI (138.31792ms)
✔ census: every trace family has a producer, and every producer speaks the renderer's vocabulary (5.01297ms)
✔ fixture: the committed verbatim trace renders exactly as it did before this phase (0.3556ms)
✔ render: an unpaired row names the ROLE its dispatch was opened under (0.194412ms)
✔ coordinator: a step's residue is its wall span minus the bracket inside it (0.320823ms)
✔ coordinator: one phase spanning two corr ids is TWO coordinator streams (D-01) (0.212997ms)
✔ coordinator: two workers running at once subtract their overlap ONCE (0.19347ms)
✔ coordinator: an UNPAIRED dispatch subtracts nothing (0.149506ms)
✔ coordinator: a marker with an unparseable ts contributes nothing, never NaN (0.204762ms)
✔ coordinator: a trace with no marker renders no coordinator block at all (0.34535ms)
✔ seam: trace render emits the coordinator block only where markers were written (70.754507ms)
✔ appendEvent: a symlinked trace path is refused and nothing is appended (0.178572ms)
✔ appendEvent: an ordinary trace file still appends and reports written (0.135339ms)
✔ falsifier: turns persist onto the close and reach both the bracket and the role row (MSR-01) (305.332115ms)
✔ falsifier: every step window closes inside the corr that opened it (MSR-04) (0.527719ms)
✔ the four refusing trace flags carry ONE sentence each, in one map (0.948374ms)
✔ render: a bracket carries the cache figures its close reported, and roles does not (0.326264ms)
✔ render: a close reporting no cache traffic leaves NEITHER key on the bracket (0.207507ms)
✔ render: a non-numeric cache figure contributes NOTHING to the bracket (0.134848ms)
✔ render: two closes of one worker leave the LARGER cache read on the row (0.340481ms)
✔ render: the worker id survives the hook closing the bracket first (0.270628ms)
✔ render: a bracket carries the effort it RAN at beside the rung it was DISPATCHED under (0.257383ms)
✔ render: a close naming no effort leaves NEITHER key on the bracket (0.19362ms)
✔ render: a non-string or empty effort or rung contributes NOTHING to the bracket (0.182769ms)
✔ render: a second close does not overwrite the effort or rung the first supplied (0.304082ms)
✔ render: the span ends at the LATER close, not whichever landed first (0.273894ms)
✔ coordinator: the residue subtracts the worker span to its LATER close (0.197177ms)
✔ render: a cache-only fact lands on the bracket its corr and id name (0.33956ms)
✔ render: the fact folds just as well when it arrives BEFORE the id (0.186426ms)
✔ render: a fact CORRECTS a shorter figure the close carried, never a longer one (0.305124ms)
✔ render: with two workers of one role open, the fact reaches the matching id (0.253094ms)
✔ render: a fact that names no bracket of its own run lands NOWHERE (0.4394ms)
✔ render: two facts for one worker leave the LARGER sums, in either order (0.485528ms)
✔ render: rendering one fixture TWICE gives byte-identical brackets (0.218919ms)
✔ render: a fact carries the effort and the rung onto its bracket, in EITHER order (0.359378ms)
✔ render: a fact reporting an effort and NO cache figure still reaches the row (0.187849ms)
✔ render: a fact never overwrites an effort or rung the close already carried (0.468917ms)
✔ render: a fact with no bracket to name adds no effort, no rung and no row (0.422088ms)
✔ shape: ok true, non-empty surfaces with typed fields (33.38343ms)
✔ surface set is agents, skills, workflows plus references/** and templates/** (D-01) (30.740024ms)
✔ determinism: two runs on the same tree are byte-identical (62.044898ms)
✔ empty tree: no surface dirs yields ok true and surfaces [] (34.024598ms)
✔ #49.1: a dangling symlink or symlink cycle under a measured surface is skipped, not thrown (27.786715ms)
✔ BUD-02: an unreadable sibling directory hides only itself (29.241026ms)
✔ D-07: a symlinked directory is not descended, so a cycle counts one surface (24.078061ms)
✔ a symlinked branch ROOT is descended (the qualified half of D-07) (27.064022ms)
✔ resident: envelope shape, and the legacy invocation is untouched (72.449632ms)
✔ resident: two runs on the same tree are byte-identical (88.013756ms)
✔ resident: sorted - commands by name, roles by agent, file lists by surface (44.663228ms)
✔ AC1: --command eagerBytes is the sum of the files that same envelope lists (42.580615ms)
✔ AC1: --role returns EVERY agent under that role, each summed on its own (40.765542ms)
✔ resident: a filter narrows only its own array - zeroResident is unmoved (78.146189ms)
✔ resident: an unknown --command or --role is ok:false, naming the name (78.348477ms)
✔ resident: a missing @-include contributes 0 rather than throwing (25.076931ms)
✔ resident: a *-contract skill is a role, never a command (D-05) (29.415009ms)
✔ resident: an agent preloading no contract is its own role (27.526136ms)
✔ resident: reachable is ONE hop from the eager set, not a closure (27.960748ms)
✔ chars/4: estTokens and bytes match the measurement proxy (23.89006ms)
✔ flags: a valueless --root fails rather than measuring the plugin tree (24.950399ms)
✔ flags: an empty --root fails rather than measuring the plugin tree (25.257036ms)
✔ flags: --root swallowing the NEXT flag fails rather than measuring it (25.716104ms)
✔ flags: a valueless --command fails rather than silently meaning ALL (36.403398ms)
✔ flags: an ABSENT --root still defaults to the plugin tree (25.253839ms)
✔ the index over this repository resolves 00537356 to _archive-v3.4.0/1, plan 1, task 2 (5.443894ms)
✔ the same index does NOT resolve it to a live phase, which is another milestone entirely (3.501468ms)
✔ the live tier and the archive tier are both walked, each labelled by its own group (0.667738ms)
✔ a live phase and an archive phase sharing one number resolve apart, each under its own group (0.360349ms)
✔ two archive groups each carrying a phase 1 both index, each under its own label (0.436054ms)
✔ a SUMMARY.md that cannot be read contributes no rows and exactly one warning, never a throw (0.532028ms)
✔ an ABSENT SUMMARY.md is silent - a phase with plans and no summary is the ordinary mid-phase state (0.23014ms)
✔ two abbreviations that both prefix one full sha answer ambiguous, naming both (0.650705ms)
✔ a sha no summary names is unresolved, which is a different answer from ambiguous (0.251501ms)
✔ an absent planning root is the pre-project state: no dirs, no rows, no warning (0.271168ms)
✔ readArtifact tells absent, unreadable and readable apart (0.260027ms)
✔ readArtifact refuses a symlink resolving outside its own directory (0.348988ms)
✔ rangeMembers answers base..head, so a record covers A and not B (16.864872ms)
✔ a range whose head this clone does not have is unresolvable, not empty (20.175365ms)
✔ a base_id that is not hexadecimal never reaches git argv (14.683118ms)
✔ readAdjudications finds records by the one filename rule and skips everything else (0.714096ms)
✔ an unparseable record warns by name and code, and the other records still read (0.270828ms)
✔ a phase directory with no record at all is silent (0.158132ms)
✔ the prune search finds every close in this repository, including the three named ones (29.690837ms)
✔ --full-history is load-bearing: without it the same search returns strictly fewer (26.76477ms)
✔ 72940906 binds to the milestone label its own close appended to ARCHIVE.md (30.462553ms)
✔ a close older than ARCHIVE.md itself reports an ABSENT label rather than guessing one (29.461628ms)
✔ two closes in one repository each come back under their own label, in a stable order (26.199388ms)
✔ a merge-shaped prune record is REPORTED, never answered out of an arbitrary parent (24.015881ms)
✔ a commit behind a deleted phase directory resolves out of git history alone (214.086827ms)
✔ the recovered phase 1 is v3.5.9's, never the live phases/1 that holds v3.6.0's (193.080944ms)
✔ the disk tier still wins for a commit BOTH tiers can claim (355.382588ms)
✔ an 8-character abbreviation matches its own sha and no neighbour of it (179.611757ms)
✔ building the map twice over the unchanged repository returns deep-equal results (364.153085ms)
✔ a recovered row naming a sha this clone does not have is stated absent, never dropped (12.903704ms)
✔ a pruned phase carrying a CONTEXT.md and no record resolves the decision edge and states the review absence (18.111837ms)
✔ a recovered adjudication record is found by listing the tree, not by guessing its name (14.602935ms)
✔ the close a gap sits under is the EARLIEST one at or after the commit, never the newest (0.152501ms)
✔ a mixed-offset commit attaches to the close it belongs to as an INSTANT, not as a string (0.070976ms)
✔ an unparseable date is a stated absence, and an unparseable close is skipped rather than deciding (0.071026ms)
✔ one task record yields one directory and its table rows, each carrying the slug (0.494826ms)
✔ an absent tasks/ is the never-ran-a-task state: no dirs, no rows, no warning (0.154706ms)
✔ a RECORD.md that cannot be read warns by artifact and errno code, and contributes no rows (0.249698ms)
✔ building the tasks tier twice over an unchanged root returns deep-equal results (0.382051ms)
✔ this repository's own tasks tier holds the bound-plan-size record and its three commits (0.645645ms)
✔ a sha named by BOTH a phase summary and a task record resolves to the PHASE (0.267101ms)
✔ the tasks tier is asked AHEAD of the git-recovered one, and prunes still come off recovered alone (0.260899ms)
✔ this repository's merged index resolves 093408c9 to the bound-plan-size task, and 00537356 still to its phase (174.567097ms)
✔ a task directory holding BOTH a PLAN.md and a RECORD.md declares through the RECORD (0.879953ms)
✔ a PHASE directory is unaffected: RECORD.md is never tried where there is no slug (0.261059ms)
✔ a bare path with no colon parses to that path and no line (1.153517ms)
✔ a path with a trailing :<digits> parses to that path and the line (0.184322ms)
✔ a colon whose suffix does not start with a digit, -, or + stays inside the path (0.117215ms)
✔ a drive-letter-shaped colon stays inside the path (0.098318ms)
✔ a.rs:0 refuses as zero-line (0.106413ms)
✔ a.rs:-1 refuses as negative-line (0.089571ms)
✔ a.rs:4x refuses as non-integer-line (0.074363ms)
✔ a.rs: refuses as trailing-colon (0.06813ms)
✔ the empty string refuses as empty-path (0.089751ms)
✔ all five refusal reasons are distinct (0.191807ms)
✔ a colon-only path half refuses as empty-path even with a valid line (0.101845ms)
✔ the bare argv carries -M, --follow and a -- separator (0.101584ms)
✔ the line argv carries -M and a -L term, and neither --follow nor -- (0.060025ms)
✔ only the bare argv carries --follow and a -- separator (0.081866ms)
✔ only the line argv carries a -L term (0.052541ms)
✔ the probe argv is capped at one result and names the path (0.043143ms)
✔ the comparand argv carries --full-history, -M and a -- separator, and NEVER --follow (0.07298ms)
✔ the comparand format asks for the parent list, which is what makes a merge count evidence (0.068602ms)
✔ the bare arm is unmoved: it still carries --follow and still does not carry --full-history (0.050086ms)
✔ excludedFrom names the comparand records the chain does not carry, with their parent counts (0.139828ms)
✔ excludedFrom keeps the comparand's own newest-first order and never re-sorts (0.07327ms)
✔ a chain carrying every comparand record excludes nothing - the ordinary state (0.06768ms)
✔ a record with no sha is a parse artifact and is dropped, never counted as a commit (0.050977ms)
✔ a root commit reads as zero parents rather than one, so it can never be counted a merge (0.056959ms)
✔ exit 128 with a "has only N lines" fatal classifies as line-past-end, no stderr bytes carried (0.134247ms)
✔ exit 0 with empty stdout classifies as not-in-history, no stderr bytes carried (0.050156ms)
✔ the two failure shapes classify to two distinct outcomes (0.090543ms)
✔ exit 128 with an unknown-path fatal classifies as not-in-history (0.04204ms)
✔ exit 0 with non-empty stdout classifies as ok (0.03139ms)
✔ an unrecognized non-zero exit classifies as git-failed rather than crashing (0.030158ms)
✔ every row of a real archived ## Commits table returns with its four cells byte-exact (1.43226ms)
✔ the fix 1 / fix 2 / fix 3 task cells survive as the strings the record wrote (0.168823ms)
✔ the separator row yields no entry (0.16745ms)
✔ a 7-character abbreviation matches its own full sha by prefix and not a neighbour (0.095492ms)
✔ an 8-character abbreviation matches its own full sha and not a 7-character neighbour of it (0.087237ms)
✔ a blank or non-hexadecimal commit cell matches nothing and mints no row (0.110532ms)
✔ a fenced ## line inside the section does not end the table early (0.127824ms)
✔ the three-column era table maps its cells by header name, never by position (0.279034ms)
✔ a summary with no ## Commits section returns no rows rather than throwing (0.217256ms)
✔ planTaskBodies cuts a real plan on planTaskTitles own boundaries (0.511228ms)
✔ planTaskBodies attributes nothing rather than wrongly when the heading count disagrees (0.11981ms)
✔ contextDecisions unions the durable and the phase-local sections, durable first (0.535564ms)
✔ a legacy CONTEXT with only ## Decisions still yields each decision exactly once (0.229329ms)
✔ a task body citing D-08 yields a task-level cite carrying that CONTEXT line verbatim (0.569219ms)
✔ a task cell that names no task falls back to the plan's ## Context cites, labelled plan-scoped (0.386459ms)
✔ a plan naming no D-NN at all yields every decision the CONTEXT carries, phase-scoped (0.248285ms)
✔ a cited decision the CONTEXT does not carry is stated rather than dropped (0.230171ms)
✔ a phase with no CONTEXT.md at all reports absent, not an invented decision (0.291217ms)
✔ the deviation reader returns the ## Deviations bullets and none of the ## Open items bullets (0.479488ms)
✔ a fenced ## line inside ## Deviations does not truncate the bullet list (0.12562ms)
✔ the template's own placeholder prose is not a deviation (0.070816ms)
✔ MARKER_GAP names the marker the write side prescribes and never says "none" (0.07835ms)
✔ SURVIVED_RULING is the vocabulary the record module defines, pinned to its literal (0.053121ms)
✔ a real record's survived entry returns with the reviewer's own words byte-exact (0.240921ms)
✔ two survivors on one record differ on fix_commit and on nothing else (0.194723ms)
✔ a record an earlier writer produced parses to the same survivors, commit carried (0.192829ms)
✔ a non-survived entry does not return (0.220212ms)
✔ a survivor with no base_id states an unresolvable join and an issue, never a throw (0.202708ms)
✔ a record-level range covers an entry that does not carry its own (0.492182ms)
✔ a record that will not parse yields one issue and no findings, never a throw (0.152372ms)
✔ a wrapped Files: line yields both the first line's paths and the continuation's (0.612552ms)
✔ every task is attributed to its own heading rather than merged into one set (0.227055ms)
✔ declaringTasks names the task that claimed the queried path, and its declaration (0.257533ms)
✔ containment runs through covers, so a directory lease claims a file it does not name (0.149005ms)
✔ the task-line normalization matches parsePlanFiles: backticks and one trailing parenthetical (0.061869ms)
✔ a plan whose task headings do not parse declares nothing rather than something wrong (0.077368ms)
✔ two entries in ascending date order render newest first (0.902797ms)
✔ two entries sharing one commit date render in descending full-sha order, and reversal is byte-identical (0.180064ms)
✔ a 25-entry chain renders exactly DEFAULT_TOP entries while total reads 25 (0.463817ms)
✔ an entry carrying no join data renders one stated-absent line per join field (0.13088ms)
✔ an entry carrying join data renders its own text rather than the placeholder (1.00878ms)
✔ a resolved TASK names its slug and prints no phase number and no milestone (0.372743ms)
✔ a task record has no Plan column, so its plan task line carries no plan prefix (0.166789ms)
✔ the resolved-PHASE arm is unmoved: the milestone and the number, read off the directory (0.133355ms)
✔ the RECOVERED arm is unmoved: it still says which tree it was recovered from (0.137093ms)
✔ the AMBIGUOUS arm is unmoved: it names every candidate and picks none (0.205222ms)
✔ two survivors on one commit render differently when only one names a fix (0.325823ms)
✔ the GAP arm is unmoved: an unresolved entry still opens with NOT RESOLVED (0.165136ms)
✔ the exclusion block names the count, what dropped them, the merge count and the invocation (0.30835ms)
✔ one excluded merge reads as one, not as a plural (0.114499ms)
✔ a chain with nothing excluded grows no block at all - an absent report and an empty one alike (0.096645ms)
✔ the excluded list is capped with the remainder counted, never dropped (0.176117ms)
✔ the truncation note stays the LAST line even when the exclusion block renders (0.213378ms)
✔ the frozen worst case carries more entries than the default, so the cap is really exercised (0.06822ms)
✔ the worst measured path renders UNDER the conventions.md byte line at the default cap (0.24587ms)
✔ and OVER it at one above the default, which is what makes the stated cap maximal (0.158443ms)
✔ the header's stated cap and DEFAULT_TOP are the same number (0.878651ms)
✔ a tracked path returns ok:true, a non-empty text, and the newest commit first (46.261716ms)
✔ <path>:<line> on a line only one of two commits touched returns a strict subset of the bare chain (82.911266ms)
✔ a path git never saw returns ok:true with a stated not-in-history result and no fatal: on stdout (38.824819ms)
✔ a line past end of file returns a stated result rather than a non-zero exit or a crash (39.991151ms)
✔ a valueless --dir returns ok:false naming --dir (31.190727ms)
✔ a valueless --top with no positional argument refuses on --top rather than the missing query (36.230477ms)
✔ every run in this file parses as exactly one JSON object (138.1845ms)
✔ two runs over an unchanged tree write byte-identical stdout (80.882603ms)
✔ the answer is unchanged whether .planning/trace.jsonl is present or absent (78.842491ms)
✔ every child-process call in why.mjs names git as its command (0.420454ms)
✔ a commit an archived summary names joins to that milestone, phase, plan and task (304.297544ms)
✔ the phase printed is the archived one, never the live phases/1 that reuses the number (308.274122ms)
✔ a commit no summary names keeps its phase and plan-task fields stated absent rather than dropped (39.490322ms)
✔ two runs over this repository, with the index in place, write byte-identical stdout (593.178136ms)
✔ a task body's D-NN cite reaches the rendered chain with the CONTEXT line's own text (229.00326ms)
✔ the fallback arm carries a phase-scoped label rather than passing itself off as task-level (231.777226ms)
✔ the rendered chain carries the phase's deviation bullets under a phase-scoped label (229.968437ms)
✔ every joined entry names the absent corrected-by marker rather than reporting "none" (517.150778ms)
✔ a survived finding reaches the rendered chain on the commit its range covers, and on no other (45.404736ms)
✔ a finding whose range does not resolve in this clone is stated unknown, never dropped or applied (47.370397ms)
✔ a joined entry names the task whose Files: line declared the queried path (235.412761ms)
✔ a path no task in the resolved plan declares says so rather than going blank (45.331687ms)
✔ every join field is stated on an unjoined entry, including the sixth (37.672936ms)
✔ two runs over this repository stay byte-identical with all six edges joined (469.739581ms)
✔ a commit whose phase directory exists in NO on-disk tier still names its phase (247.13321ms)
✔ the recovered tier never overrides an on-disk record a reader could open (283.97215ms)
✔ two runs over this repository stay byte-identical with the recovered tier in place (488.628333ms)
✔ every edge works on a phase whose directory is gone: decision, deviation and surviving finding (264.433964ms)
✔ an artifact the recovered tree does not carry is a stated absence, not a failed entry (258.34196ms)
✔ a commit no record names comes back as a NAMED gap carrying what git does have (32.203613ms)
✔ the unresolved arm presents NO digit as a phase number (32.264971ms)
✔ a conventional-commit scope is printed as corroboration, and the phase still reads as the gap (32.216638ms)
✔ a close labelled in ARCHIVE.md contributes its section rows, bound to the label and to no commit (41.861238ms)
✔ two runs over the gap arm are byte-identical (71.17373ms)
✔ a commit only a task record names resolves at the seam, to the task and to no phase (32.469922ms)
✔ the record on disk answers /cad-why for a file that task touched, end to end (234.355165ms)
✔ two runs over the tasks tier of this repository write byte-identical stdout (467.445109ms)
✔ the INLINE arm writes no PLAN.md at all, and the declaring task is still named (33.979331ms)
✔ the envelope names the merge the simplified walk dropped, and none of the commits it kept (40.804887ms)
✔ a chain the simplification excluded nothing from reports an EMPTY exclusion, never an absent one (34.110481ms)
✔ the LINE arm runs no comparand at all - it carries its own simplification (40.249083ms)
✔ a failed comparand is not reachable through the shipped argv, so the guard is defensive (35.806977ms)
✔ this repository: the three merges --full-history adds are named, and none of the seven it keeps (221.763427ms)
✔ the seam's own text states the exclusion, so a reader relaying text verbatim sees it (41.448748ms)
✔ a hermetic chain with nothing excluded prints a text with no such block (36.45166ms)
✔ this repository: the exclusion reaches the rendered text with the count, the word merge and all three shas (220.194175ms)
✔ a row over its ceiling is one budget-overrun problem naming the role (1.056391ms)
✔ a row EXACTLY at its ceiling does not cross - this is a ceiling, not an equality (0.122324ms)
✔ a row under its ceiling is silent, and there is no shrink arm (0.066687ms)
✔ a null-tokens row is counted unrecorded, never priced as zero (0.067449ms)
✔ a row whose role has no ceiling is counted per role, never skipped (0.201456ms)
✔ the role test runs first: an unbudgeted role with no figure counts once (0.516397ms)
✔ a ceiling that is not a positive integer leaves the role unbudgeted (0.218498ms)
✔ an empty bracket list is an empty report, not a failure (0.103237ms)
✔ a non-array brackets value and a non-object ceilings map report nothing (0.113026ms)
✔ every row lands in exactly one bucket, so the buckets sum to the row count (0.171318ms)
✔ trace window: a crossing bracket is reported in the budget-overrun shape (55.758744ms)
✔ trace window: a repo-layer config raising that role's key removes the crossing (51.406307ms)
✔ trace window: --phase scopes which brackets are read (95.433329ms)
✔ trace window: an absent trace file is ok:true with nothing to report (44.055025ms)
✔ trace window: a terminal with no token figure counts unrecorded, not zero (47.276007ms)
✔ trace window: a role with no ceiling is counted per role, never skipped (54.044555ms)
✔ trace window: a bad --phase is ok:false / bad-args (46.79193ms)
✔ falsifier: a crossing is reported per role and an under-ceiling dispatch is not (MSR-03) (44.63788ms)
✔ unset everywhere: the fresh default applies and parallel is refused (32.031705ms)
✔ user layer head: parallel is safe, source names the file (31.134409ms)
✔ project settings.json beats the user layer (27.484556ms)
✔ settings.local.json beats project settings.json (26.952489ms)
✔ managed policy wins over every lower layer (31.167142ms)
✔ a malformed layer is skipped, not fatal - the cascade below it answers (23.505335ms)
✔ a layer without the key falls through to the next one (27.821611ms)
✔ an unrecognized value refuses parallel and says the setting takes two values (30.411576ms)
✔ a non-string baseRef is ignored like an absent one (26.874199ms)
✔ unknown subcommand: usage, never a fabricated verdict (24.996978ms)
✔ resolve: an EMPTY --dir refuses by name, exit 1, no fabricated verdict (25.814101ms)
✔ resolve: a VALUELESS --dir refuses by name, exit 1, no fabricated verdict (18.59948ms)
ℹ tests 3751
ℹ suites 0
ℹ pass 3751
ℹ fail 0
ℹ cancelled 0
ℹ skipped 0
ℹ todo 0
ℹ duration_ms 23453.870302
